id,ra_deg,dec,mag,ci,spect,lum,proper,dist,x,y,z
25,0.0795,-44.2906,6.28,0.763,G3IV,17.7337,,81.367,58.2431,0.0808,-56.8184
34,0.0996,26.9181,6.43,0.514,F7.5IV-V,12.9897,,74.6269,66.5413,0.1156,33.7848
43,0.1289,59.5597,6.18,1.032,G9III-IV,54.5507,,136.2398,69.0244,0.1553,117.4601
50,0.143,-53.0977,6.49,0.616,G1IV,7.7983,,59.4177,35.6774,0.089,-47.514
63,0.1818,45.2533,6.36,-0.047,B9p SiEu,87.9023,,187.9699,132.3251,0.4198,133.5012
88,0.2691,-48.8099,5.71,0.911,G8III,149.6925,,181.8182,119.7368,0.5624,-136.8234
106,0.3302,49.9816,6.22,0.97,G7II-III,112.8236,,199.6008,128.348,0.7397,152.8618
107,0.3338,-50.3374,5.53,1.615,M2III,148.0471,,166.3894,106.1989,0.6188,-128.0892
122,0.3992,-77.0657,4.78,1.254,K2III,47.2933,,66.5779,14.902,0.1038,-64.8886
124,0.4042,61.2228,5.58,0.407,F0III,4541.5071,,943.3962,454.1443,3.2041,826.8852
137,0.4327,42.3671,6.25,-0.042,B9IIIp Mn,386.1891,,374.5318,276.7119,2.0898,252.389
145,0.456,-3.0275,5.13,-0.128,B7III-IV,149.8304,,139.2758,139.077,1.107,-7.3559
154,0.4901,-6.0141,4.37,1.631,M3III,272.8978,,132.4503,131.7165,1.1267,-13.8772
171,0.5421,27.0823,5.8,0.69,G3V,0.6172,,12.1699,10.835,0.1025,5.5406
183,0.583,-29.7204,5.04,-0.15,B4V,199.3425,,154.0832,133.8074,1.3616,-76.3895
186,0.6007,8.9568,6.33,0.182,A6V,38.6189,,122.8501,121.3454,1.2722,19.1265
194,0.6238,8.4855,5.7,0.315,F0V,6.223,,36.9004,36.4943,0.3973,5.445
208,0.6504,66.099,5.87,1.073,G8III,39084089.5792,,100000.0,40513.1986,459.8784,91424.6644
238,0.7395,-20.0459,6.25,0.526,F6/F7V,10.2991,,61.1621,57.452,0.7416,-20.9647
253,0.7827,-24.1451,6.46,1.176,K1III,94.189,,203.666,185.8304,2.5388,-83.3095
274,0.8571,63.6405,6.24,0.332,B3Ia,1620.317,,763.3588,338.8946,5.0702,683.9893
300,0.935,-17.336,4.55,-0.047,B9IVn,91.8756,,83.4725,79.6701,1.3002,-24.8727
302,0.9651,66.7122,6.31,1.629,M4,184.3317,,265.9574,105.1314,1.7711,244.29
330,1.0569,62.2877,5.9,0.274,A1III,38018939.6321,,100000.0,46495.3543,857.7928,88529.3523
343,1.0825,-16.529,5.78,1.084,K0III,34.898,,90.6618,86.8998,1.642,-25.7934
345,1.0846,-29.2688,6.38,0.006,A1V,38.089,,124.8439,108.8862,2.0615,-61.0372
355,1.1255,-10.5095,4.99,1.619,K3Ibvar,3610.7715,,641.0256,630.1505,12.38,-116.9224
366,1.1524,42.0925,6.11,0.159,B9III,467.3045,,386.1004,286.453,5.7625,258.8146
377,1.172,-71.4369,5.59,-0.1,B8III,155.7399,,175.4386,55.839,1.1423,-166.3112
379,1.1746,67.1664,5.68,1.051,K1III,39.9945,,92.6784,35.9568,0.7372,85.4158
394,1.2236,34.6598,6.09,0.632,G2V,4.9023,,39.185,32.224,0.6883,22.2846
399,1.2333,26.6488,6.25,1.368,K4IIIb,110.1539,,200.0,178.7132,3.8474,89.704
410,1.2549,27.6748,6.47,0.946,G8II,63.5038,,168.0672,148.8043,3.2597,78.0592
417,1.2659,-0.503,6.32,1.099,G9III:,49.7966,,138.8889,138.8496,3.0683,-1.2194
418,1.2756,61.314,5.8,-0.067,B8MNp...,204.9274,,221.7295,106.4059,2.3693,194.5151
441,1.3339,-5.7076,4.61,1.029,K1III,19.4626,,39.4945,39.2881,0.9148,-3.9278
475,1.4248,13.3963,5.55,0.901,G5III,68.5488,,114.2857,111.1417,2.7644,26.4782
517,1.5653,58.4367,5.98,0.687,G5V,1.6293,,21.4777,11.2381,0.3071,18.3003
521,1.5792,-49.0752,5.7,0.519,G1IV...,3.0227,,25.7136,16.8378,0.4642,-19.4284
530,1.6105,64.1962,5.57,-0.023,B9III,364.4182,,265.9574,115.7232,3.2538,239.4387
543,1.6531,29.0215,6.07,0.752,K0V,0.6076,,13.6705,11.949,0.3449,6.6321
559,1.7087,-23.1075,6.19,0.386,F2IV,4.5165,,39.3856,36.2096,1.0802,-15.4572
601,1.8261,-17.387,6.2,0.133,A2IV/V,89.3717,,176.0563,167.9266,5.3539,-52.6099
634,1.9338,-2.5487,6.43,-0.146,B8IIIsp...,78.5597,,183.4862,183.2003,6.1856,-8.1593
635,1.9454,-22.5086,5.93,0.141,A1V,22.7196,,78.3699,72.3581,2.4578,-30.0017
654,2.0145,-33.5293,5.67,1.119,K1III,42.3838,,94.9668,79.1157,2.7829,-52.4562
663,2.0504,-2.4477,6.18,1.366,K2III,229.2979,,279.3296,278.8961,9.9849,-11.9295
670,2.0731,-8.8241,5.99,1.034,G8III:,33.9156,,98.4252,97.1966,3.5183,-15.0986
676,2.0969,29.0904,2.07,-0.038,B9p,114.4986,Alpheratz,29.7442,25.9747,0.951,14.4613
693,2.1369,63.204,6.41,0.998,G3II,323.5937,,369.0037,166.2366,6.2029,329.3792
694,2.1396,-17.5782,6.11,1.664,M0/M1IIICNp,1047.1285,,578.0347,550.6597,20.5726,-174.5702
697,2.1707,36.6271,6.21,0.504,F8IV,3.0088,,32.4465,26.0208,0.9863,19.3577
714,2.2172,25.463,6.24,0.976,K0III,53.3089,,138.5042,124.9567,4.8379,59.5468
726,2.2507,28.2475,6.47,0.242,A4Vm,27.6439,,110.8647,97.5866,3.8353,52.4703
727,2.2601,18.212,5.57,1.043,G9III,39.3731,,87.4126,82.9692,3.2745,27.3193
728,2.2599,-54.0019,6.32,0.738,G4IV...,42.5402,,128.3697,75.3916,2.9752,-103.8558
744,2.2933,59.1498,2.28,0.38,F2III-IV,30.0608,Caph,16.7842,8.6,0.3444,14.4094
758,2.3329,79.7145,6.01,0.203,A7IV,38.2296,,105.4852,18.819,0.7667,103.7901
759,2.3378,-27.9879,5.42,0.414,F3V,35.4813,,77.4593,68.3432,2.7901,-36.3505
763,2.3525,-45.7474,3.88,1.013,K0III,47.7749,,44.2087,30.8238,1.2663,-31.6654
796,2.4671,-62.2968,6.34,0.164,A6V,44.3404,,132.2751,61.4366,2.647,-117.1121
811,2.5092,11.1458,5.54,-0.064,B9V,46.4301,,93.633,91.7789,4.0219,18.0999
812,2.5094,-82.224,5.29,1.049,K1/K2III,40.6256,,78.064,10.5519,0.4624,-77.3462
838,2.5786,-5.2486,5.84,0.973,K1III,13.6647,,58.309,58.0057,2.6123,-5.3339
839,2.5802,46.0723,5.01,0.405,F2II,1229.1362,,377.3585,261.5272,11.7852,271.7794
871,2.6785,-12.5799,5.84,1.0,K0III,22.6152,,75.0188,73.1379,3.4216,-16.3392
908,2.8161,-15.468,4.89,0.487,F5V,3.3884,,18.7477,18.0468,0.8877,-5.0
928,2.8934,-27.7997,5.41,1.346,K2III,353.5086,,243.309,214.9527,10.8642,-113.4751
948,2.9333,-35.1331,5.24,0.459,F3/F5V,3.1623,,21.2766,17.3776,0.8904,-12.2442
965,2.9961,48.1524,6.18,1.467,K4III,119.8947,,202.0202,134.5939,7.0446,150.4893
981,3.0416,-17.9383,5.29,1.478,K4III,242.7728,,190.8397,181.307,9.6339,-58.7772
1065,3.309,15.1836,2.83,-0.19,B2IV,926.4031,Algenib,120.048,115.6641,6.6873,31.4421
1072,3.3315,-84.994,5.78,1.71,M0/M1III,378.4426,,298.5075,26.0039,1.5137,-297.3689
1074,3.3497,26.9875,6.24,0.68,G0III,47.9954,,131.406,116.8965,6.8419,59.6316
1084,3.3786,41.0354,5.71,0.331,F0IV,5.5157,,34.904,26.2825,1.5516,22.9153
1094,3.426,-26.0223,5.94,1.548,K5III,577.0321,,396.8254,355.9591,21.3101,-174.0959
1097,3.4349,-26.285,6.14,1.49,K4III,214.3878,,265.252,237.3984,14.2492,-117.4631
1121,3.5095,33.206,6.22,0.009,A1V,30.1439,,103.1992,86.1855,5.2857,56.5172
1156,3.6151,-7.7805,5.13,1.601,M3IIIvar,246.3769,,178.5714,176.5754,11.156,-24.1748
1166,3.6507,20.2067,4.79,1.572,M2III,134.648,,112.8668,105.7052,6.7443,38.9851
1169,3.6601,-18.9329,4.44,1.64,M1III,274.41,,137.1742,129.4883,8.283,-44.5075
1189,3.7271,-9.5696,5.77,-0.084,B9V,46.2168,,103.8422,102.1806,6.6563,-17.2633
1191,3.7329,22.2842,6.25,-0.004,A1p,54.6512,,140.8451,130.0495,8.4849,53.4087
1193,3.7427,-34.9042,6.17,1.344,K3III,112.2018,,194.5525,159.2141,10.4151,-111.3242
1194,3.7452,8.821,6.02,0.312,F0IV,20.5873,,77.7605,76.6767,5.0191,11.9244
1206,3.779,31.5357,6.34,1.555,K5,208.1613,,286.533,243.6852,16.0956,149.8654
1213,3.794,27.2834,6.35,-0.002,A1Vn,45.8775,,135.1351,119.8381,7.9471,61.9449
1266,3.9786,61.0002,6.43,0.838,G8III...,41.2667,,132.9787,64.3136,4.4731,116.306
1267,3.9789,-75.9116,6.49,0.983,G8/K0III,79.2136,,189.3939,45.9908,3.1989,-183.6972
1286,4.0369,-31.4464,5.66,1.35,K2III,109.85,,152.207,129.53,9.1414,-79.4065
1293,4.0579,76.9508,6.35,-0.044,B9Vn,92.8966,,192.3077,43.312,3.0727,187.3416
1300,4.0897,43.595,6.12,0.068,A2V,35.2209,,106.4963,76.9316,5.5006,73.4353
1317,4.1418,8.2402,6.12,0.919,G8II-III,48.5289,,125.0,123.3864,8.935,17.9153
1351,4.2377,61.5332,5.74,0.898,G8III,159.2209,,190.1141,90.3701,6.6961,167.128
1363,4.2729,38.6816,4.61,0.059,A2V,111.8922,,94.697,73.7179,5.5079,59.1849
1369,4.2877,47.9474,5.86,-0.079,B7III,466.0151,,343.6426,229.5319,17.2089,255.165
1399,4.3863,-19.0511,6.46,0.386,F3V,5.3407,,48.4966,45.7061,3.5059,-15.8298
1412,4.4294,51.4331,6.11,-0.151,O9IIInn,1693.5577,,735.2941,457.0339,35.403,574.9122
1418,4.4487,1.6887,6.19,0.937,K0II,40.1051,,117.3709,116.9665,9.1002,3.4589
1462,4.5719,11.2062,6.07,1.036,K0III,76.913,,153.8462,150.4328,12.0292,29.8986
1470,4.5819,36.7852,4.51,0.054,A2V,23.3561,,41.3223,32.9887,2.6437,24.7445
1490,4.6594,31.5172,5.88,-0.014,A0IV,107.5474,,166.6667,141.611,11.5415,87.1258
1496,4.6744,-8.053,6.47,0.674,G0V,1.2156,,23.245,22.9392,1.8756,-3.2564
1498,4.6757,43.7911,6.1,-0.074,B8V,130.1368,,202.8398,145.9361,11.9358,140.3715
1499,4.6773,-43.2356,6.33,1.21,K2III,32.3594,,112.4859,81.678,6.6826,-77.0528
1559,4.857,-8.8239,3.56,1.214,K2III,232.4877,,84.1751,82.8802,7.0427,-12.9123
1571,4.9232,40.7295,6.35,1.179,K1III,77.0549,,175.1313,132.2247,11.3895,114.2711
1595,5.0121,-64.8748,4.23,0.576,F9V,1.305,,8.5866,3.6319,0.3185,-7.7742
1626,5.1017,30.9356,5.89,-0.098,B7V,97.9039,,159.7444,136.4772,12.1843,82.1205
1635,5.1289,48.9686,6.46,0.564,G0,108.243,,218.3406,142.7606,12.8135,164.7053
1641,5.1494,8.1903,5.38,1.343,K3III,95.9401,,125.0,123.2257,11.1048,17.8076
1643,5.1627,-69.6249,5.5,-0.046,B9V,52.2878,,97.561,33.8295,3.0565,-91.4569
1653,5.1897,32.9112,5.79,1.595,K5III,155.0244,,191.9386,160.4746,14.5752,104.2876
1682,5.2803,37.9686,5.16,0.442,F5III,17.7174,,48.5437,38.1069,3.5218,29.8655
1702,5.3698,-77.4269,5.96,1.397,K3III,109.9512,,174.8252,37.8899,3.5615,-170.6327
1704,5.38,-28.9815,5.18,1.006,K0III,75.7182,,101.3171,88.2394,8.31,-49.0908
1724,5.4428,-20.058,5.61,1.58,M5/M6Ib/II,362.7438,,270.2703,252.7326,24.0807,-92.695
1768,5.6062,13.4825,6.25,1.225,K3III,65.1628,,153.8462,148.8908,14.6151,35.869
1799,5.7158,-12.2094,6.39,0.659,G3V,1.0539,,20.8638,20.2905,2.0309,-4.4124
1817,5.7683,-15.9426,6.43,1.595,M0III,266.4404,,337.8378,323.1989,32.6488,-92.7951
1916,6.0652,52.0199,5.58,-0.11,B5IV,480.3967,,306.7485,187.7125,19.9454,241.7867
1934,6.1235,-2.2191,6.08,1.216,K1III,74.1993,,151.7451,150.7661,16.1749,-5.8756
1943,6.159,14.3155,6.48,1.161,K0,72.5772,,180.5054,173.891,18.7647,44.632
1955,6.1979,61.8311,5.38,0.008,B9III,283.9226,,215.0538,100.9277,10.9605,189.5827
1977,6.2767,53.0468,5.72,-0.056,B9IV,112.3052,,158.2278,94.5505,10.3995,126.4441
2000,6.3509,1.9397,5.77,0.855,G5III,88.9611,,144.0922,143.1259,15.9299,4.8772
2016,6.4187,-77.2542,2.82,0.618,G2IV,3.6074,,7.4588,1.6353,0.184,-7.275
2069,6.5507,-43.6798,3.93,0.175,A7V,13.2312,,23.8095,17.1069,1.9644,-16.4435
2076,6.5708,-42.306,2.4,1.083,K0III...,64.4466,Ankaa,25.974,19.0832,2.1982,-17.4828
2081,6.5906,-18.6936,6.24,1.622,M1III,648.6344,,483.0918,454.5827,52.5216,-154.8346
2095,6.6559,-0.0495,6.16,0.893,G8III,57.2269,,138.3126,137.3803,16.0313,-0.1196
2153,6.8113,-25.5472,5.99,1.022,K0III,108.4426,,176.0563,157.7223,18.8387,-75.925
2173,6.8794,16.0255,6.44,0.23,A5,31.7687,,117.2333,111.8663,13.4966,32.364
2204,6.9821,-33.0072,4.86,1.634,M2/M3III,190.0203,,138.5042,115.2886,14.1191,-75.4493
2207,6.9936,19.514,6.4,0.99,K0,71.0559,,172.117,161.0235,19.753,57.4936
2213,7.0121,17.8931,5.01,1.584,M3IIIvar,226.7775,,162.0746,153.0816,18.8289,49.7962
2218,7.0529,16.4451,6.05,1.58,K5III,180.8007,,233.6449,222.3912,27.5148,66.1439
2220,7.0568,44.3945,5.18,0.043,A2Vs,55.4115,,86.6551,61.4495,7.6069,60.6234
2229,7.0835,10.1898,6.05,0.447,F6Vawvar,4.4218,,36.5497,35.6986,4.4361,6.466
2231,7.0879,-20.3351,6.44,0.594,G3V,2.3966,,32.1958,29.9585,3.7251,-11.1883
2234,7.1104,-39.915,5.42,1.556,M0III,78.4874,,115.2074,87.6842,10.9378,-73.9229
2250,7.1795,-50.5329,6.26,1.09,K0III,42.8549,,125.3133,79.0291,9.9549,-96.7405
2264,7.2361,36.8997,6.28,0.916,G5III,70.4044,,162.0746,128.5768,16.3253,97.3122
2331,7.4662,-14.8641,6.15,0.388,F2/F3V,5.5208,,42.7533,40.9723,5.3695,-10.9674
2347,7.5098,-3.9573,5.72,1.545,M0III,135.7688,,173.913,172.0102,22.6756,-12.0024
2349,7.5307,29.7516,5.2,0.271,A7III,28.5496,,62.7746,54.0299,7.1426,31.1513
2371,7.583,59.9776,5.94,-0.003,B9IIIn,203.798,,235.8491,116.9726,15.5722,204.2051
2375,7.5944,-23.7877,5.17,0.128,A3V,21.0087,,53.1067,48.1688,6.4223,-21.4205
2377,7.6086,-48.2149,5.67,0.367,F2V,8.7257,,43.0849,28.4564,3.8013,-32.1262
2382,7.6159,-40.9396,6.18,0.315,F2III,49.2947,,129.5337,96.9867,12.9682,-84.8786
2416,7.7266,77.0194,6.18,0.883,K0IV,4.3571,,38.506,8.5707,1.1629,37.522
2466,7.8539,-48.8035,4.76,0.018,A0V,30.4789,,52.9661,34.5585,4.7671,-39.8546
2468,7.855,66.5196,6.18,-0.1,B6V,159.6614,,233.1002,92.0038,12.693,213.7987
2469,7.8568,33.5816,5.88,1.133,K1III...,52.2396,,116.144,95.8511,13.2268,64.2421
2478,7.8859,-62.9582,4.36,-0.064,B9V,26.9153,,41.4079,18.6477,2.5829,-36.881
2479,7.8892,-62.9656,4.53,0.147,A2V,35.8096,,51.6529,23.2554,3.2225,-46.009
2491,7.9216,52.8395,5.59,1.163,K2III,69.0558,,116.8224,69.8931,9.7253,93.1012
2499,7.9431,54.5223,4.74,-0.098,B8Vn,148.1836,,115.7407,66.5298,9.2828,94.2524
2543,8.0991,6.9555,5.69,-0.014,B9.5V,30.2552,,80.9717,79.5741,11.3238,9.8055
2562,8.1478,20.2943,5.38,1.069,K0III,39.2645,,80.0,74.2765,10.6344,27.7474
2572,8.1827,-63.0315,5.07,0.038,A0V,16.9512,,45.5581,20.4503,2.9406,-40.6039
2577,8.2045,28.2802,6.26,0.965,G8II,68.5488,,158.4786,138.1343,19.9166,75.0847
2592,8.25,62.9318,4.17,0.13,B1Ia,187068214.0366,,100000.0,45034.1924,6529.611,89046.5367
2605,8.2932,54.895,5.93,1.037,K0III,48.1726,,114.1553,64.9616,9.469,93.3904
2622,8.3301,70.9818,6.41,-0.007,A0Vn,54.752,,151.7451,48.9271,7.164,143.4621
2623,8.3469,-71.2662,6.11,0.265,A7IV,52.9663,,130.039,41.3223,6.0629,-123.1497
2655,8.421,-29.5583,5.55,1.262,K1III,142.9552,,165.0165,141.9928,21.0209,-81.4041
2657,8.4325,-35.0021,6.41,0.617,F8/G0V,2.6062,,33.1126,26.8303,3.9775,-18.9936
2701,8.6037,66.7504,6.47,-0.049,B9III,80.9841,,189.7533,74.06,11.2055,174.3441
2705,8.6156,-52.3731,5.57,0.472,F3IV-V,3.345,,25.4842,15.383,2.3307,-20.1836
2728,8.7307,13.3711,6.39,1.136,K0,29.1072,,109.6491,105.4407,16.1925,25.3572
2756,8.812,-3.5928,5.2,0.567,F8V...,3.2719,,21.254,20.9618,3.2496,-1.3319
2781,8.8868,-0.5056,5.94,0.444,F5IV,10.8843,,54.4959,53.8396,8.4184,-0.4809
2783,8.8889,-54.8219,6.04,1.001,K0IV,16.734,,70.7714,40.2832,6.3002,-57.8461
2796,8.9215,-48.0009,5.51,0.461,F6V,6.6009,,34.8189,23.0161,3.6131,-25.8759
2826,8.9784,13.2071,6.32,0.517,F7V,3.6442,,37.5657,36.124,5.7075,8.5827
2840,9.0132,-14.973,6.45,1.063,K0III,30.4789,,115.3403,110.0484,17.4559,-29.7998
2846,9.0286,-22.8423,6.06,0.297,A5m...,7.8343,,48.8759,44.4848,7.0685,-18.9735
2848,9.0346,54.1684,5.08,-0.098,B7III,218.7762,,164.4737,95.0891,15.1195,133.3457
2870,9.1139,60.3262,5.78,0.294,A4III,42461956.3946,,100000.0,48881.1205,7841.6722,86885.8115
2882,9.1567,-65.1244,6.43,1.26,K2/K3III,104.7129,,211.8644,87.9848,14.1823,-192.2084
2894,9.1935,44.4886,5.14,1.587,K5III,273.6529,,189.0359,133.124,21.546,132.4702
2897,9.1971,15.2317,5.89,-0.146,B2.5IV,389.0451,,318.4713,303.3334,49.1137,83.6699
2906,9.2202,33.7193,4.34,-0.123,B5V,538.5177,,183.4862,150.6459,24.4538,101.8578
2914,9.2428,53.8969,3.69,-0.196,B2IV,962.0552,Fulu,181.8182,105.7436,17.2078,146.9015
2920,9.28,24.0141,6.18,1.17,K2III,37.325,,112.7396,101.6336,16.6066,45.8807
2931,9.3259,-54.3938,6.4,0.995,K0II/IIICN,51.713,,146.8429,84.3635,13.8542,-119.3889
2935,9.3359,-24.7673,5.57,0.715,K1V+...,1.2224,,15.4012,13.7993,2.2686,-6.4521
2936,9.3384,35.3995,5.45,0.886,G5III,388.3292,,259.7403,208.9169,34.3553,150.4608
2947,9.377,3.1354,6.43,1.339,K4III,116.3054,,223.2143,219.9019,36.314,12.2087
3025,9.639,29.3118,4.34,0.871,G5III...,40.3645,,50.226,43.1772,7.3331,24.5887
3050,9.7032,-25.1078,6.43,1.482,K4III,175.2266,,273.9726,244.5361,41.8136,-116.2529
3077,9.7912,49.3546,5.45,1.644,K5III,2363.7416,,641.0256,411.4665,71.0077,486.3816
3086,9.8319,30.861,3.27,1.268,K3III...,44.8745,,32.352,27.3635,4.7422,16.5952
3087,9.8409,21.2505,5.88,0.85,K0V,0.4738,,11.0595,10.1558,1.7617,4.0085
3126,9.9487,82.4938,6.38,0.551,F6V:,2.7015,,33.2557,4.279,0.7506,32.9707
3130,9.9664,-44.7963,6.0,1.142,K1IIICN...,30.7326,,94.162,65.8106,11.5644,-66.3454
3132,9.9815,21.4385,5.36,1.16,F3V...,100.9253,,127.0648,116.483,20.5004,46.4425
3163,10.1049,-59.4546,5.89,0.564,G1V,2.39,,24.9563,12.4866,2.2253,-21.493
3168,10.1191,-16.5167,6.49,0.91,G8III,47.3369,,146.4129,138.1879,24.6625,-41.6244
3172,10.1267,56.5373,2.24,1.17,K0II-IIIvar,542.0009,Schedar,69.979,37.9848,6.7844,58.3796
3178,10.1366,-23.8049,6.14,0.718,G3/G5V,2.5421,,28.885,26.0151,4.6511,-11.6587
3186,10.1766,-4.3518,5.9,1.091,K0III,79.3597,,144.5087,141.8252,25.4585,-10.9655
3224,10.2799,39.4587,5.3,0.891,G8III,78.1988,,108.8139,82.6648,14.9929,69.1536
3238,10.3315,-46.085,4.59,0.953,G8III,72.1772,,75.358,51.4201,9.3738,-54.2856
3262,10.4001,24.629,6.06,0.298,A7m,52.723,,126.7427,113.3195,20.7983,52.8189
3271,10.4431,-56.5013,5.72,0.131,Ap,20.1558,,67.0241,36.379,6.7051,-55.8913
3292,10.5143,66.1476,5.83,1.042,G9III-IV,101.8591,,158.4786,63.0099,11.6944,144.943
3293,10.5162,50.5125,4.8,-0.105,B2.5V,2013.7242,,438.5965,274.223,50.9045,338.4928
3323,10.618,-65.468,5.38,0.515,F6V,10.3371,,41.0341,16.7457,3.1393,-37.3299
3327,10.6293,58.7534,6.18,-0.004,B9.5III,332.9661,,336.7003,171.6571,32.2155,287.8595
3345,10.6741,-60.2628,5.99,1.318,K5III,17.555,,70.8215,34.5212,6.5067,-61.495
3347,10.6787,-38.4635,6.05,-0.024,B9.5V,69.759,,145.1379,111.6756,21.0583,-90.2781
3398,10.8385,-57.4631,4.36,0.024,A0IV,89.619,,75.5287,39.8979,7.6387,-63.6741
3407,10.867,47.0245,4.95,0.17,A5V,26.2785,,53.6769,35.9346,6.8984,39.2725
3413,10.8973,-17.9866,2.04,1.019,K0III,116.0914,Diphda,29.5334,27.5835,5.3104,-9.1198
3429,10.9587,-12.0118,6.01,1.107,K1III,10.9245,,56.4016,54.1607,10.4873,-11.7379
3448,11.0475,-10.6096,4.77,0.998,K0IIIvar,55.2586,,71.6332,69.1038,13.4919,-13.1888
3449,11.0502,-38.4217,5.9,1.144,K1III,41.0015,,103.8422,79.8477,15.5935,-64.5321
3471,11.1092,47.864,5.66,-0.113,B5V...,173.3006,,191.2046,125.8741,24.7165,141.7886
3481,11.1316,-62.4976,6.06,0.446,F5III/IV,25.2116,,87.6424,39.7106,7.8137,-77.7381
3496,11.1813,48.2844,4.48,-0.069,B5III,652.8298,,215.5172,140.6903,27.8097,160.8742
3497,11.185,-22.0061,5.22,0.35,F0V,5.0863,,26.7451,24.3256,4.81,-10.0215
3513,11.2378,-42.6766,5.94,0.297,A7V,15.1915,,64.3915,46.4325,9.2257,-43.6484
3519,11.2494,-53.7149,6.15,0.524,F7III,6.5584,,46.5983,27.0472,5.3797,-37.5621
3536,11.3216,55.2214,5.41,0.022,A2Vs,58.2908,,98.8142,55.2675,11.0652,81.1623
3544,11.3505,-4.6292,6.15,1.652,M0III,194.6256,,253.8071,248.0313,49.7891,-20.4838
3551,11.3695,-12.8808,6.15,0.603,G2V,2.9027,,30.9981,29.6251,5.9571,-6.9102
3564,11.4129,74.9881,5.64,0.078,A2IV,41.8023,,93.0233,23.6185,4.7679,89.8486
3568,11.4238,-16.4242,6.47,0.314,F0IV,17.832,,89.0472,83.7215,16.9174,-25.1778
3575,11.4398,-47.552,5.8,0.635,G5IV,0.9576,,15.1584,10.0275,2.0291,-11.1852
3596,11.545,44.8615,6.03,-0.063,B9.5IIIMNp.,57.9162,,131.0616,91.0188,18.5925,92.4503
3599,11.5489,-22.5221,5.49,0.978,G8/K0III,48.2614,,93.2836,84.4245,17.2515,-35.7313
3624,11.6373,15.4755,5.36,1.559,M4III,354.4867,,238.0952,224.7461,46.2864,63.5301
3632,11.6597,69.3254,6.39,0.424,F3V,4.0216,,40.7498,14.0902,2.9076,38.1255
3641,11.6769,59.5745,6.41,1.081,G0Ib,2075.8693,,934.5794,463.4919,95.79,805.8773
3667,11.7561,11.9738,5.51,0.987,G8II,41.0393,,86.8056,83.1357,17.3014,18.0091
3677,11.8068,19.5787,6.11,0.27,F0Vn,31.7103,,100.6036,92.7815,19.3945,33.7124
3685,11.8347,24.2672,4.08,1.1,K1II,68.3597,Shimu,58.0046,51.7552,10.845,23.8394
3689,11.8485,6.741,5.98,0.941,G8III,70.4693,,141.2429,137.278,28.8001,16.5792
3709,11.9301,-18.0613,5.7,1.3,K3III,54.25,,108.9325,101.3279,21.4087,-33.7729
3713,11.9418,74.8476,5.42,-0.066,B8III,330.5217,,236.4066,60.4565,12.7862,228.1877
3733,12.0044,-21.7225,5.57,-0.058,B9V,56.9639,,105.1525,95.5491,20.3173,-38.9181
3742,12.0373,72.6745,5.86,1.01,K0IV,14.7911,,61.237,17.8354,3.8032,58.4586
3752,12.0725,7.2999,5.92,1.104,G8III,117.7064,,177.6199,172.2837,36.8481,22.569
3759,12.0957,5.2806,5.74,0.89,K2V,0.2448,96 G. Psc,7.4549,7.2585,1.5555,0.6861
3773,12.1467,-74.9234,5.09,1.345,K5III,33.7909,,64.9351,16.5121,3.554,-62.7
3778,12.1706,7.5851,4.44,1.5,K5III,132.8006,,95.4198,92.459,19.9407,12.5952
3793,12.2084,50.9682,4.9,-0.091,B9III,152.1949,,126.2626,77.7159,16.8147,98.0803
3799,12.2364,-46.6976,6.28,0.897,G8III,44.9573,,129.5337,86.8221,18.8293,-94.2675
3802,12.2446,16.9406,5.07,0.502,F8V...,4.4916,,23.4522,21.9242,4.7581,6.8335
3814,12.2739,57.8152,3.46,0.587,G0V SB,1.2753,Achird,5.9531,3.0985,0.6741,5.0383
3825,12.3081,-24.1367,5.9,0.944,K0III,12.7526,,57.9039,51.627,11.2641,-23.6778
3841,12.3567,-13.5613,5.59,1.325,K3III,36.6438,,85.1064,80.817,17.7048,-19.9562
3848,12.3893,-23.3621,6.27,0.132,A3IV,148.3201,,234.192,209.9855,46.1272,-92.8668
3871,12.4535,41.0789,4.53,-0.136,B5V SB,481.7259,,189.3939,139.407,30.7871,124.4503
3875,12.4715,27.7103,5.55,0.398,F5III+...,41.1908,,88.574,76.5651,16.9341,41.187
3893,12.5157,-43.3949,6.49,0.286,A9/F0III,26.0375,,108.5776,77.0215,17.0974,-74.5953
3899,12.5316,-10.6443,5.17,0.514,F7IV-V,1.8484,,15.753,15.1131,3.3593,-2.9098
3909,12.576,45.0023,6.13,0.043,A0p...,30.9599,,100.3009,69.2191,15.4419,70.9262
3939,12.6715,-50.9868,5.24,0.356,F2III,38.4769,,74.239,45.5951,10.2515,-57.6838
3941,12.6816,64.2475,5.35,0.528,A4V comp SB,242.5493,,196.0784,83.1146,18.7027,176.6038
3955,12.7389,51.508,6.38,0.307,F2IV,11.0662,,67.2948,40.8536,9.2359,52.6713
3978,12.8183,61.8055,6.04,1.88,K5Ib,33419504.0026,,100000.0,46069.1772,10482.1056,88134.876
3982,12.8263,3.385,6.39,1.069,K0III,46.0469,,137.931,134.2546,30.5668,8.1442
4013,12.8908,51.5714,6.22,0.032,B9.5V,266.4404,,306.7485,185.8509,42.5341,240.3017
4095,13.1693,-24.0058,5.47,1.275,K1III,165.6533,,171.2329,152.3082,35.6374,-69.6626
4137,13.2521,-1.1443,4.78,1.55,M0III,345.1437,,179.8561,175.0318,41.2212,-3.5917
4142,13.2677,61.124,4.8,0.54,F8V,3.6779,,18.7441,8.8102,2.0774,16.4136
4154,13.3019,-24.7769,6.44,0.439,F3V,12.5199,,73.5835,65.0175,15.3717,-30.8378
4175,13.3676,37.4182,6.07,1.139,K3III:,37.8443,,107.8749,83.3553,19.8082,65.5478
4190,13.4076,-62.8714,5.73,1.574,M4III,212.0313,,218.3406,96.8476,23.0859,-194.3198
4202,13.4482,52.6893,6.27,0.191,A5m,21.1446,,88.4173,52.1235,12.4639,70.3236
4247,13.5733,-8.7407,6.15,0.911,G5IV,52.1435,,131.406,126.2524,30.4814,-19.9688
4257,13.6468,19.1884,5.8,-0.016,A1Vn,48.708,,108.1081,99.2195,24.0895,35.5325
4273,13.72,83.7074,5.59,0.105,A4V,38.9045,,87.7193,9.3402,2.2803,87.1908
4278,13.7421,23.6283,5.46,1.012,K1IV,8.2262,,37.9795,33.7995,8.2657,15.2223
4282,13.7507,58.9727,4.83,1.216,K2III,103.2761,,100.7049,50.4203,12.3384,86.2962
4283,13.7513,-69.5271,5.45,1.095,G7III,26.6195,,68.0272,23.1115,5.6559,-63.7304
4288,13.7717,48.6785,6.28,1.681,M2.5IIIa,115.3453,,207.4689,133.0501,32.6106,155.8126
4307,13.8111,24.5571,6.19,1.546,M4III,88.0643,,173.913,153.6088,37.7616,72.2781
4336,13.9267,-7.3471,5.88,1.52,K5III,131.8257,,184.5018,177.608,44.0412,-23.5942
4353,13.9814,-27.7758,6.11,1.674,M1/M2III,267.9168,,292.3977,251.0425,62.5054,-136.2613
4356,13.9938,27.2094,6.08,0.133,A5IV,19.4805,,77.7605,67.1032,16.723,35.5555
4361,14.0062,-11.2665,5.35,1.505,K4III,179.97,,168.9189,160.7384,40.0951,-33.0022
4372,14.038,13.952,6.46,0.962,G8II,35.5468,,125.1564,117.8365,29.463,30.1762
4373,14.054,57.9966,6.2,1.376,K3III,113.9725,,198.8072,102.2081,25.5856,168.5917
4412,14.1665,59.1811,4.62,0.957,G8III-IV,46.3874,Castula,61.2745,30.4379,7.683,52.622
4417,14.1771,60.7167,2.15,-0.046,B0IV:evar,3407.2186,Cih,168.3502,79.8368,20.1679,146.8371
4426,14.1883,38.4993,3.86,0.13,A5V,39.3731,,39.7772,30.1806,7.6303,24.7615
4430,14.1957,60.3628,5.56,-0.054,B8V,141.6446,,165.0165,79.1098,20.0115,143.4281
4436,14.2294,68.7757,6.39,0.375,F0m,10.1953,,64.8929,22.7718,5.7746,60.4912
4453,14.3017,23.4176,4.4,0.94,G8III-IV,75.0931,Kui,70.4225,62.6192,15.9634,27.9881
4465,14.3315,61.4219,6.44,0.94,G8IV,91.3692,,198.8072,92.1411,23.5405,174.5857
4490,14.4152,45.8394,6.1,1.028,K2III,56.8068,,134.0483,90.4476,23.2485,96.1649
4500,14.459,28.9922,5.44,1.076,G6III,229.5091,,198.8072,168.386,43.4189,96.36
4510,14.4771,13.6959,6.3,0.895,G8III,58.0764,,148.5884,139.7796,36.0899,35.181
4542,14.5592,33.9509,5.99,1.0,K0,11.1173,,56.3698,45.2582,11.7545,31.4815
4548,14.5787,21.4045,6.47,0.089,A2V,37.8443,,129.7017,116.8678,30.3954,47.3346
4553,14.5925,-60.6962,6.23,0.096,Am,82.2621,,171.2329,81.1047,21.1149,-149.3214
4562,14.6293,66.3518,5.97,-0.008,A0III,41.115,,107.4114,41.688,10.8817,98.3916
4567,14.6515,-29.3574,4.3,-0.154,B7IIIp,941.0225,,238.0952,200.7705,52.4895,-116.7277
4577,14.6828,-11.38,5.62,0.949,G7III,47.2933,,98.0392,92.9731,24.3612,-19.3446
4645,14.957,6.4832,6.14,1.654,M2III,336.3566,,332.2259,318.9174,85.1973,37.5124
4665,15.0148,44.7132,5.69,-0.01,B9.5Vn,65.4034,,119.0476,81.7113,21.9171,83.757
4699,15.1288,70.983,6.4,0.135,A4IV,28.7078,,109.4092,34.4153,9.3045,103.4379
4760,15.3261,-38.9165,5.59,1.185,K1III,125.4296,,157.4803,118.1719,32.386,-98.9272
4776,15.3627,49.5442,6.48,1.099,G5,231.8462,,322.5806,201.8309,55.4521,245.4538
4791,15.411,-16.2656,6.47,1.184,K2/K3III,19.391,,92.8505,85.9292,23.6866,-26.0065
4819,15.5076,-57.0024,6.12,0.935,G8III,45.1648,,120.6273,63.3025,17.5644,-101.1693
4834,15.5769,51.0349,6.48,0.122,A3V,114.0775,,226.2443,137.0473,38.2049,175.9116
4842,15.6101,-31.552,5.5,0.083,A1/A2IV,27.874,,71.2251,58.4568,16.3326,-37.2701
4869,15.6788,-65.4561,6.25,1.634,M2III,194.805,,265.9574,106.3655,29.8554,-241.9264
4879,15.7046,31.8043,5.5,-0.043,B9.5V,97.1852,,132.9787,108.7937,30.5899,70.0823
4880,15.705,-46.3973,5.39,0.9,G8III,32.5087,,73.0994,48.5312,13.646,-52.9342
4893,15.7261,41.3452,5.95,0.161,A5m,41.8023,,107.2961,77.5367,21.8327,70.8791
4896,15.7359,7.8901,4.27,0.952,K0III,53.0152,,55.7414,53.1444,14.9741,7.6518
4901,15.7563,47.3762,6.46,0.248,A9V,20.9508,,96.0615,62.6069,17.6644,70.6835
4904,15.7606,-4.8366,5.4,1.106,K0III-IV,62.9796,,102.2495,98.055,27.6739,-8.6211
4922,15.8238,-29.5258,6.28,0.932,G8IIICN...,45.2898,,130.039,108.8634,30.854,-64.0853
4951,15.9042,61.0748,5.92,0.512,F0II,1404.7531,,613.4969,285.3698,81.3124,536.9644
4970,15.9543,1.3668,6.06,0.271,F1V,11.8686,,60.1323,57.7996,16.5239,1.4344
4988,16.0099,52.5022,5.99,1.447,K2,373.5941,,326.7974,191.2161,54.8663,259.2733
5011,16.0813,61.5802,5.83,0.569,F6V,26.4484,,80.7754,36.939,10.6488,71.0407
5024,16.1151,29.6588,6.2,0.443,F7IV-V,5.6546,,44.287,36.9726,10.6821,21.9147
5032,16.1358,-33.5328,6.44,1.071,K0III,61.9441,,163.6661,131.0526,37.915,-90.4116
5064,16.2193,5.6563,6.03,1.525,K5III,134.4002,,199.6008,190.7234,55.48,19.6727
5071,16.2723,14.9461,5.64,0.42,F4II-III,14.388,,54.5852,50.6259,14.7775,14.0781
5111,16.4037,-9.9793,6.09,1.012,K0III,27.5677,,92.9368,87.805,25.8486,-16.1053
5121,16.4206,21.4732,5.33,0.003,A1Vn,45.7088,,84.317,75.2641,22.1809,30.8656
5122,16.4238,21.4654,5.55,-0.048,A0Vn,38.7258,,85.9107,76.6895,22.6055,31.4382
5130,16.4551,4.9084,6.35,0.383,F4V...,4.1457,,40.6339,38.8267,11.4679,3.4767
5154,16.5211,-46.7184,3.32,0.885,G8IIIvar,409260659.73,,100000.0,65728.0105,19495.862,-72799.3132
5155,16.5214,-9.8394,5.58,0.009,A1V,166.8784,,180.8318,170.8158,50.6675,-30.9017
5160,16.5321,-23.9925,6.12,1.076,K1III,42.776,,117.3709,102.7971,30.5126,-47.7249
5165,16.5467,32.1815,6.28,1.308,K0,79.9466,,172.7116,140.1236,41.6307,91.9867
5192,16.6401,12.956,6.14,0.962,G8III,54.2001,,133.3333,124.4974,37.2092,29.8938
5229,16.7505,56.935,6.41,1.188,K2III...,23.3561,,99.108,51.778,15.5839,83.0576
5240,16.7894,53.4982,6.31,1.499,K0,685.4882,,512.8205,292.047,88.1151,412.2246
5247,16.8038,-23.9963,6.36,0.238,A3III,11.7706,,68.7758,60.1487,18.1643,-27.9696
5257,16.8276,-61.7753,5.36,0.884,G5III,54.4001,,93.2836,42.2276,12.7714,-82.1921
5285,16.9425,-9.7856,5.71,0.446,F7IV,10.0647,,47.1476,44.4451,13.5395,-8.0133
5289,16.9494,-41.4869,5.21,0.159,A3V,23.2702,,56.9476,40.8068,12.4365,-37.7249
5299,16.9882,20.7391,5.56,0.121,A3V,11.6305,,47.3037,42.3082,12.9254,16.7509
5304,16.9986,1.993,6.44,0.847,K0IV,5.435,,48.4731,46.3274,14.1625,1.6858
5306,17.0034,43.9421,5.04,0.109,A3m,29.1877,,58.9623,40.5995,12.4151,40.9158
5308,17.0055,32.0121,6.23,0.398,F5IV,4.8084,,41.3907,33.5621,10.2645,21.9412
5325,17.0622,54.9203,5.17,0.704,G5Vp,0.425,,7.554,4.1503,1.2738,6.1818
5335,17.0925,5.6498,5.51,0.334,F0III-IV,6.7484,,35.2113,33.4926,10.2989,3.4665
5337,17.0961,-55.2458,3.94,-0.12,B6V + B0V,193.9099,Wurren,91.5751,49.8964,15.3464,-75.2385
5350,17.1394,58.2634,5.77,-0.019,B8V,146.4199,,184.8429,92.9121,28.6535,157.2044
5353,17.1475,-10.1823,3.46,1.161,K2III,51.9517,,37.9939,35.7332,11.0254,-6.7166
5361,17.1842,86.2571,4.24,1.213,K2II-III,129.4196,,85.9107,5.3579,1.6569,85.7275
5399,17.3011,80.0116,6.24,0.922,K0,50.9096,,135.318,22.4089,6.9801,133.267
5423,17.3755,47.2418,4.26,0.012,B7III,831.7638,,219.7802,142.4013,44.5591,161.3682
5436,17.4329,35.6206,2.07,1.576,M0IIIvar,474.242,Mirach,60.5327,46.9464,14.7417,35.2551
5443,17.455,19.6584,5.57,0.697,G0III,68.6752,,115.4734,103.7357,32.6182,38.8466
5466,17.5307,-57.6944,6.41,0.888,G6II/III,37.4973,,125.6281,64.0217,20.2237,-106.1821
5472,17.5477,15.6739,6.07,1.535,M0III,88.5523,,165.0165,151.4871,47.9023,44.5812
5474,17.5498,-8.9061,6.4,1.029,K0III,33.7598,,118.624,111.739,35.3379,-18.3649
5482,17.5782,42.0815,5.67,0.603,F8V,12.8351,,52.2739,36.9857,11.7171,35.0333
5483,17.581,25.4578,5.81,1.466,K5III,60.256,,120.7729,103.9527,32.9379,51.9137
5498,17.6398,2.4457,5.97,1.491,K4III,197.3331,,235.2941,224.0264,71.2367,10.0405
5506,17.6637,68.7786,5.32,-0.014,A0Vnn,46.7305,,84.8896,29.279,9.3237,79.1331
5530,17.7753,55.1499,4.34,0.17,A7Vvar,26.8164,,40.95,22.283,7.1437,33.6056
5532,17.7782,31.4247,5.15,0.261,F0V,164.5887,,147.2754,119.6724,38.3724,76.7862
5537,17.7928,37.7241,5.8,-0.095,B7III-IV,244.3431,,242.1308,182.3565,58.5231,148.1502
5554,17.8564,64.2027,5.56,-0.052,B9.5V,80.0203,,124.0695,51.3927,16.5562,111.7046
5559,17.8634,21.0346,4.66,1.024,K0III,164.8922,,117.6471,104.5137,33.6833,42.2274
5563,17.8707,10.2919,6.49,0.891,G5,38.7258,,132.4503,124.0315,39.9911,23.664
5574,17.9151,30.0896,4.51,1.092,K0III-IV...,36.6438,,51.7598,42.6133,13.7761,25.95
5577,17.9224,65.0189,5.57,-0.072,B9IV,73.0466,,119.0476,47.8365,15.4714,107.9103
5582,17.9313,-2.2511,5.93,1.403,K4III,109.144,,171.8213,163.3492,52.8589,-6.7489
5614,18.069,79.674,5.6,0.008,A3V,34.3875,,82.85,14.1184,4.6062,81.5081
5638,18.142,45.3375,6.13,1.652,M1III,115.558,,193.7984,129.4544,42.4172,137.8411
5649,18.1892,-37.8565,5.95,0.281,A9IV: (+F/G),17.4904,,69.3963,52.054,17.1036,-42.5875
5667,18.2478,30.0642,6.24,0.98,G1V...,37.3938,,116.0093,95.3528,31.4386,58.1172
5676,18.291,61.7062,6.4,0.018,B9V,97.5439,,201.6129,90.7348,29.9918,177.5259
5725,18.4329,7.5754,5.21,0.32,A7IV,20.3986,Revati,53.3049,50.1287,16.7075,7.0272
5730,18.4373,24.5837,4.67,1.047,K0III...,220.8005,,136.7989,118.0134,39.3431,56.9114
5731,18.4386,7.5783,6.44,0.492,F7V,20.4174,Revati B,93.985,88.3813,29.4667,12.3948
5760,18.5204,28.5296,6.33,1.684,M2S SB,426.1868,,408.1633,340.0286,113.9068,194.9438
5766,18.5318,16.1335,5.97,-0.082,B8III,69.3107,,139.47,127.0302,42.5821,38.7554
5786,18.6002,-7.9228,5.14,0.448,F5V,4.1879,,23.3863,21.9532,7.3881,-3.2235
5811,18.6766,6.9951,6.04,1.081,G6III:,84.7227,,159.2357,149.7276,50.612,19.3925
5820,18.7049,-0.9738,5.7,0.428,F5V,8.4178,,42.9185,40.6458,13.7617,-0.7294
5849,18.7956,-45.5317,4.97,0.571,F8V,2.0455,,15.1149,10.0236,3.4115,-10.7866
5884,18.9406,-68.8759,4.25,0.48,F6IV,7.6348,,20.9556,7.1433,2.4513,-19.5474
5913,19.0496,71.7438,5.87,2.042,K1V,2808.0187,,847.4576,250.941,86.6489,804.8012
5916,19.0526,87.1455,6.2,1.114,K2III:,32.9913,,106.9519,5.0344,1.7387,106.8192
5923,19.0788,33.1147,6.04,1.163,K1III,38.054,,106.7236,84.4792,29.2186,58.3049
5934,19.1292,79.91,6.27,0.44,F5Vs,14.2561,,72.6216,12.0204,4.1693,71.4984
5939,19.1512,-2.5004,5.42,0.888,G5III-IVe,38.4061,,80.5802,76.0481,26.4102,-3.5154
5979,19.2655,-66.3979,6.23,0.052,A0V,24.9115,,94.2507,35.6232,12.451,-86.3664
5981,19.2711,44.902,6.11,1.59,K5,143.6151,,214.1328,143.1749,50.058,151.1555
6012,19.3505,31.7446,6.36,1.132,K0,18.0302,,85.1064,68.2861,23.981,44.7774
6048,19.4498,3.6145,5.13,0.071,A3V,43.8127,,75.3012,70.8628,25.024,4.7472
6074,19.5423,47.4197,6.29,1.357,K0,1164.126,,662.2517,422.2821,149.8886,487.6357
6080,19.5579,57.8032,6.39,1.589,M5,294.0357,,348.4321,174.9433,62.1496,294.8511
6126,19.6959,37.3863,6.44,0.233,A5m,38.1944,,128.5347,96.1535,34.4201,78.0444
6179,19.8666,27.2641,4.74,0.032,A3V,98.7188,,94.4287,78.9426,28.5249,43.257
6212,19.9512,-0.509,5.87,0.635,A7V...,39.6278,,100.7049,94.6572,34.3612,-0.8947
6228,20.0205,58.2316,4.95,0.683,F0Ia,91201083.9356,,100000.0,49467.1364,18024.5968,85018.3294
6247,20.081,77.5707,6.31,0.912,G5III...,41.6486,,126.4223,25.5563,9.3427,123.4592
6258,20.1159,-11.239,6.16,1.102,K1III,37.7051,,112.2334,103.366,37.8591,-21.8745
6269,20.1441,-3.247,6.26,1.013,K1III,51.3334,,137.1742,128.5765,47.1644,-7.7696
6298,20.2718,64.6581,6.33,0.113,A2Vnn,15.6171,,78.125,31.3677,11.5857,70.607
6301,20.2807,28.7382,5.23,1.396,K5III,81.2831,,107.4114,88.3424,32.645,51.6443
6364,20.4957,76.2388,6.37,0.283,F0IVn,14.2561,,76.0456,16.9443,6.3338,73.8628
6397,20.5851,45.5288,4.87,1.077,K0III-IV,42.4229,Adhil,65.7462,43.1178,16.1941,46.9166
6413,20.627,-19.0812,6.35,0.493,F5/F6V,9.4973,,61.5006,54.3956,20.4752,-20.105
6418,20.654,1.7263,6.21,1.482,M0III,128.825,,212.3142,198.5781,74.8541,6.3961
6472,20.839,58.143,6.36,0.457,F4V,8.6139,,58.8235,29.0161,11.0448,49.9628
6478,20.854,20.469,5.97,1.677,K5,335.4285,,306.7485,268.5548,102.3039,107.27
6488,20.879,-30.9456,5.84,1.612,M0III,360.0808,,299.4012,239.9215,91.5164,-153.9594
6498,20.906,34.2459,6.28,0.829,G8IV,8.5981,,56.6572,43.7513,16.7123,31.8836
6500,20.9192,37.7149,5.6,0.276,A1m,20.4362,,63.857,47.1853,18.0364,39.0635
6507,20.9451,78.7261,6.07,0.389,A0Iab,32508729.7385,,100000.0,18258.2241,6988.5939,98070.3666
6523,21.0058,-8.1833,3.6,1.065,K0III,38.5123,,34.8918,32.2414,12.3801,-4.9665
6526,21.0106,-8.0074,6.21,0.235,F0V,13.0257,,67.5219,62.4181,23.9733,-9.4059
6550,21.0854,-6.9147,5.92,0.407,F4V,8.1208,,46.6418,43.2024,16.6578,-5.6152
6575,21.1664,-15.6605,6.17,0.924,G8III/IV,41.7254,,118.624,106.5147,41.2424,-32.0209
6578,21.1699,-41.4925,5.42,1.03,K0III,30.8745,,72.2543,50.469,19.5452,-47.8701
6581,21.1747,-44.5286,6.26,1.122,K1II,183.1471,,259.0674,172.2198,66.712,-181.6749
6591,21.2028,-2.8486,6.17,0.959,G8III,17.2822,,76.3359,71.0805,27.5743,-3.7936
6617,21.272,-64.3695,5.92,1.561,M0III,286.2859,,277.0083,111.6606,43.4719,-249.7513
6655,21.3987,23.5115,6.18,0.447,F5III,13.6144,,68.0735,58.1189,22.775,27.1568
6656,21.4051,-14.5988,4.9,1.231,K2III,74.2677,,88.1834,79.4501,31.1444,-22.2265
6671,21.4429,70.9799,6.34,-0.011,A0Vnn,53.4072,,145.1379,44.0264,17.2918,137.214
6672,21.4532,60.2353,2.66,0.16,A5Vv SB,69.8232,Ruchbah,30.4785,14.0824,5.5339,26.4575
6678,21.4831,68.13,4.72,1.047,K0III,40.3274,,59.8086,20.731,8.1591,55.5043
6688,21.5365,34.5797,6.34,0.5,F7V,3.2961,,36.062,27.6183,10.8994,20.4671
6692,21.5636,19.1723,5.35,0.395,F2V:var,4.0105,,25.2143,22.1489,8.7531,8.2806
6697,21.5778,43.4577,5.98,0.52,F7V,6.1489,,41.7188,28.1607,11.137,28.695
6700,21.5983,20.0708,6.44,0.947,K0,21.0087,,95.3289,83.2527,32.9592,32.7151
6703,21.6139,-0.399,6.42,1.241,K0IV,147.2313,,250.0,232.4161,92.0855,-1.7411
6718,21.6736,19.2404,5.5,1.106,K1III,40.2161,,85.5432,75.0552,29.8281,28.1893
6734,21.7149,-13.0565,5.51,0.321,F0V,7.6419,,37.4672,33.9085,13.504,-8.4643
6762,21.7763,34.3776,6.27,0.453,F7IVsvar,4.4999,,40.7997,31.2705,12.4923,23.0373
6775,21.8471,-22.3382,6.43,1.122,K0/K1III,38.4415,,128.3697,110.2087,44.1855,-48.7899
6780,21.8611,41.1012,6.42,0.311,Am...,6.6681,,53.2198,37.2199,14.933,34.9862
6799,21.9137,45.4067,4.83,0.421,F5IV,8.3407,,28.6205,18.6418,7.4991,20.3809
6808,21.9439,-10.9016,6.13,1.32,K0,42.9734,,118.2033,107.6609,43.3753,-22.3549
6853,22.0914,-43.3182,3.41,1.542,K5II-III,193.3749,,71.6332,48.2909,19.6004,-49.144
6854,22.0955,7.9614,6.22,1.114,K1IIIvar,37.1535,,114.5475,105.112,42.6719,15.8654
6938,22.3772,-46.7564,6.25,1.658,M3III,265.7052,,310.559,196.7427,81.0001,-226.226
6946,22.4006,-21.6293,5.11,0.028,A0V,40.1051,,71.3776,61.345,25.2853,-26.3098
6957,22.4284,-25.6177,6.37,1.141,K1III,70.3396,,168.9189,140.7925,58.1121,-73.0346
6967,22.4703,18.3557,6.01,0.162,A4IV,73.4514,,146.1988,128.2253,53.0347,46.0402
6985,22.5254,47.0073,5.27,0.999,K0III,55.2077,,90.1713,56.7973,23.5558,65.9549
6993,22.5463,6.1438,4.84,1.372,K4III,87.6597,,93.1966,85.5792,35.5291,9.9743
7002,22.5954,-26.2079,5.92,1.327,K2III,70.9905,,137.931,114.2523,47.548,-60.9143
7036,22.7169,66.0981,6.15,0.07,A2Vs,26.5705,,93.8086,35.0601,14.6781,85.7636
7064,22.8067,70.2646,5.82,0.489,F6V,3.4356,,28.9771,9.0199,3.7928,27.275
7068,22.8128,-49.0727,3.93,0.972,K0III-IV,44.2996,,43.573,26.3119,11.0674,-32.9212
7083,22.8709,15.3458,3.62,0.974,G8III,356.7796,Alpherg,107.1811,95.2339,40.1713,28.3649
7101,22.9125,-45.5757,6.17,0.066,A2V,32.5087,,104.712,67.5119,28.5355,-74.7828
7104,22.9302,-30.2831,5.79,1.073,K0III,44.0961,,102.3541,81.403,34.4365,-51.6144
7133,23.0316,34.8,6.39,-0.103,B7IIIMNp...,158.3434,,255.7545,193.2725,82.165,145.9624
7175,23.1516,-49.7277,6.27,0.462,F4V,16.278,,77.5795,46.1104,19.7168,-59.1917
7199,23.2335,-36.8652,5.49,1.021,K1/K2III,39.4821,,84.3882,62.0395,26.6332,-50.6274
7229,23.3262,8.2087,6.31,0.8,K0,57.0164,,147.929,134.4464,57.9745,21.1213
7237,23.3571,58.3273,5.69,1.435,K0Ib+...,2106.6869,,675.6757,325.7009,140.6541,575.0417
7257,23.4135,-78.5048,6.11,0.97,G3IV,48.708,,124.6883,22.8026,9.8739,-122.1872
7262,23.4285,-7.0253,5.75,0.639,G2IV,3.8019,,29.5159,26.8792,11.6475,-3.61
7269,23.4523,89.0156,6.46,0.107,A3V,24.1213,,103.0928,1.6248,0.7049,103.0776
7280,23.4829,59.232,4.68,0.991,K0III,47.6431,,63.8162,29.9422,13.0086,54.8338
7307,23.5692,37.2371,5.9,-0.067,B9IV,78.2708,,143.472,104.6947,45.673,86.8171
7331,23.6574,-15.6764,5.62,0.066,A1V,17.346,,59.3824,52.3688,22.9419,-16.0453
7345,23.7044,18.4605,5.9,1.536,M2III,101.2045,,163.1321,141.6827,62.2074,51.6559
7347,23.7116,-31.8923,6.11,1.109,K0/K1III,41.0015,,114.4165,88.9436,39.0651,-60.449
7348,23.7138,-3.5239,6.44,1.341,K0,273.1492,,343.6426,314.0324,137.941,-21.1219
7349,23.7149,-23.6997,6.41,1.306,K2III,115.8777,,220.7506,185.065,81.2952,-88.7291
7373,23.812,-58.1395,6.03,0.382,F2V,5.45,,40.1929,19.41,8.5657,-34.1373
7422,23.9435,14.6614,6.23,-0.036,B9.5III,636.2093,,476.1905,421.0412,186.9624,120.527
7429,23.9607,-39.9471,6.43,0.415,F3/F5V,3.4009,,38.1825,26.7496,11.8877,-24.5162
7430,23.9689,41.0764,6.39,1.122,K1III,34.898,,120.048,82.6924,36.7633,78.8793
7433,23.9781,17.4338,5.95,0.259,F0IV,12.2462,,58.072,50.623,22.5157,17.3986
7436,23.9957,-15.4002,5.41,1.226,K1III,167.4943,,167.5042,147.5333,65.6728,-44.4823
7449,24.0354,-29.9073,5.69,0.335,F2V,22.182,,69.3481,54.901,24.4842,-34.5769
7479,24.1134,48.7228,6.2,1.237,K1III:,71.3181,,157.2327,94.6756,42.3769,118.1645
7491,24.1814,7.8315,6.39,1.605,M0,193.1968,,282.4859,255.2952,114.6344,38.4917
7492,24.1866,-58.271,6.18,1.607,M3III,153.8863,,228.833,109.7796,49.3061,-194.6327
7499,24.1995,41.4055,4.1,0.536,F8V,3.6308,Titawin,13.4916,9.2301,4.1481,8.9231
7521,24.2746,12.1415,5.54,0.347,F0V,6.5223,,35.0877,31.2699,14.1023,7.3799
7554,24.3658,-84.7696,5.66,0.939,K0III,64.5654,,116.6861,9.6898,4.3885,-116.2002
7566,24.4071,-9.4038,6.24,0.528,F7V,4.5331,,40.3877,36.2841,16.4646,-6.599
7574,24.4283,-57.2368,0.45,-0.158,B3Vp,1051.9619,Achernar,42.7533,21.0655,9.5683,-35.9518
7579,24.4467,64.7394,6.49,0.776,A6Iab,689.2869,,558.6592,217.0271,98.6611,505.2379
7583,24.467,-3.4407,6.43,1.568,K5,148.0471,,251.8892,228.8564,104.1365,-15.1171
7587,24.4794,-82.975,5.88,0.62,G2V,2.9027,,27.3823,3.0479,1.3877,-27.1767
7593,24.4981,48.6282,3.59,1.275,K3III,94.189,Nembus,54.3183,32.6693,14.8869,40.7624
7603,24.5315,57.9776,5.55,1.388,G5II,1501.0667,,534.7594,257.9605,117.7308,453.391
7628,24.6145,-36.5283,5.94,1.045,K0III,37.9839,,101.833,74.3935,34.0828,-60.6129
7635,24.6289,73.04,5.28,0.972,G8II-IIIvar,132.8006,,140.4494,37.2424,17.0736,134.3411
7636,24.6326,45.3997,6.38,-0.021,B9pe...,62.9796,,160.5136,102.4494,46.9755,114.2893
7664,24.7158,-21.2754,5.58,0.346,F0V,30.4789,,77.2798,65.4161,30.1099,-28.041
7703,24.8375,44.3862,5.01,0.883,G8III...,50.8159,,76.746,49.7728,23.0378,53.6831
7725,24.9201,16.4059,5.98,1.119,K2III,51.0035,,120.1923,104.564,48.5815,33.9471
7736,24.9475,-56.1964,5.76,0.88,K0V,0.2647,p Eridani,7.8223,3.9459,1.8356,-6.4999
7771,25.0546,53.8683,6.35,1.608,K5III,115.133,,214.1328,114.3813,53.4697,172.9473
7803,25.1451,40.577,4.96,-0.068,B8III,430.9233,,218.3406,150.1211,70.4659,142.024
7804,25.1455,8.7608,6.34,0.401,F2,7.5858,,54.7046,48.9426,22.9738,8.332
7810,25.1651,43.2977,5.63,0.214,A9IV:,23.6157,,69.5894,45.8401,21.5366,47.7236
7859,25.3265,25.7457,6.2,0.459,F2III,8.7096,,54.9451,44.7339,21.171,23.8669
7864,25.3388,-79.1482,6.33,0.947,G6/G8III,37.325,,120.7729,20.5503,9.7311,-118.6132
7869,25.3579,5.4876,4.45,1.347,K3III,179.3081,,111.3586,100.168,47.4731,10.6493
7871,25.3638,-38.1328,6.2,0.404,F3/F5IV/V,4.9843,,41.58,29.5534,14.0101,-25.6751
7891,25.4135,30.0471,5.97,1.015,K0III,88.7156,,157.7287,123.3205,58.5925,78.9767
7901,25.4368,-11.3247,5.75,0.443,F5V+...,6.792,,39.4477,34.93,16.6135,-7.7463
7903,25.4457,42.6134,4.96,0.618,G2V,1.4669,,12.7389,8.4656,4.0281,8.6248
7906,25.4498,-60.7893,5.7,1.264,K2/K3III,56.8068,,111.4827,49.1266,23.3794,-97.3056
7926,25.5125,-36.8323,5.7,-0.01,A0V,39.6278,,93.1099,67.2578,32.0983,-55.8171
7928,25.5145,35.2457,5.63,-0.059,B9IV-V,34.6099,,84.246,62.0926,29.6359,48.617
7940,25.5358,-32.327,5.25,1.044,K1II/III,30.0331,,65.8762,50.2284,23.9963,-35.2273
7948,25.5737,58.6277,6.35,-0.027,B8III,900.3264,,598.8024,281.1939,134.567,511.2592
7950,25.5853,68.043,5.57,-0.049,A0p SiSr,73.1813,,119.1895,40.1962,19.2461,110.5441
7963,25.6219,-53.7408,5.52,0.551,F8V,1.6398,,17.4338,9.2971,4.4588,-14.0577
7966,25.6241,20.2685,5.24,0.836,K1V,0.3963,,7.5324,6.3711,3.0558,2.6094
7984,25.6813,-3.6902,4.98,1.378,K3II-III,1181.4083,,364.9635,328.2299,157.8344,-23.4896
8001,25.7324,70.6225,5.18,-0.022,B9V,53.4564,,85.1064,25.4372,12.2598,80.2854
8005,25.743,61.4211,6.33,0.013,B7II,510.035,,446.4286,192.3623,92.7556,392.0353
8029,25.8186,45.3226,6.33,1.02,K2IV,8.5428,,57.7701,36.5643,17.6905,41.079
8031,25.8323,60.5513,5.78,-0.01,B8IIIn,436.114,,320.5128,141.8318,68.6628,279.1014
8053,25.9151,50.6887,4.01,-0.098,B2Vpe,1051.9619,,220.2643,125.5124,60.9865,170.4219
8071,25.9589,32.192,6.32,0.879,G8III-IV SB,43.451,,129.7017,98.6882,48.0459,69.0997
8079,25.9783,-4.7655,6.2,1.537,K0,126.7068,,209.6436,187.8097,91.5129,-17.4168
8087,26.0172,-15.9375,3.49,0.727,G8V,0.4664,,3.6502,3.1542,1.5396,-1.0023
8100,26.0748,57.5366,6.18,0.131,A3V,21.2031,,84.9618,40.9626,20.045,71.6852
8112,26.1105,46.1397,6.32,1.419,K5III,95.4993,,192.3077,119.6518,58.6441,138.6599
8128,26.182,-6.7662,6.45,0.864,G0,82.1864,,189.3939,168.7778,82.9831,-22.3139
8133,26.1923,57.0892,6.25,0.062,A2V,103.0861,,193.4236,94.302,46.3867,162.3825
8144,26.2326,20.0831,6.27,0.72,G5IV,2.8681,,32.5733,27.4419,13.5225,11.1851
8183,26.3485,9.1577,4.26,0.942,K0III,126.4736,Torcular,85.6898,75.8089,37.5469,13.6378
8194,26.4114,-25.0526,5.29,0.395,F2IV,5.2723,,28.1136,22.8103,11.3288,-11.9047
8215,26.4969,-5.7333,5.37,1.517,K4III,176.6851,,168.9189,150.4192,74.9861,-16.8747
8218,26.5044,-27.3488,6.38,0.366,F2V,4.6217,,43.4972,34.5748,17.2417,-19.9829
8225,26.5248,-50.8163,5.49,1.615,M3III,209.894,,194.5525,109.9817,54.8943,-150.8023
8226,26.5259,-53.522,5.04,0.031,A1V,32.2998,,62.0347,32.9982,16.4709,-49.8812
8305,26.8196,-41.7599,6.18,1.544,K5/M0III,99.6323,,184.1621,122.5971,61.9809,-122.654
8347,26.935,63.8525,5.63,0.804,K0V,0.4943,,10.0675,3.9553,2.0097,9.0372
8351,26.9444,-80.1763,6.05,0.338,F0III,12.659,,61.8429,9.4061,4.7811,-60.9361
8354,26.949,-37.1595,6.33,1.016,K0III,63.2703,,157.2327,111.7006,56.7892,-94.9742
8355,26.9501,46.2298,6.33,0.461,F6V,8.8634,,58.8582,36.2945,18.4532,42.5027
8372,27.0456,16.9556,5.86,-0.039,B9.5V,28.0802,,84.3882,71.8928,36.7033,24.6101
8388,27.1084,3.6854,5.91,0.97,G9III,36.509,,98.4252,87.4316,44.7572,6.3267
8408,27.1621,37.9529,5.94,0.975,K0III,40.1051,,104.6025,73.3847,37.6533,64.3319
8417,27.1732,32.6902,5.78,0.572,F8V,3.2961,,27.8552,20.8556,10.706,15.0445
8459,27.3148,47.8969,6.01,0.17,A3V,55.8727,,127.551,75.9832,39.2427,94.6352
8464,27.3309,-31.0725,6.35,1.222,K2/K3III,59.6486,,154.0832,117.2423,60.5933,-79.5257
8481,27.3963,-10.6864,4.66,0.333,F3III,6.4032,,23.1857,20.2283,10.4837,-4.2994
8498,27.4536,-38.4028,6.37,0.523,F6V,1.845,,27.3523,19.0211,9.8822,-16.9909
8527,27.5357,22.2753,5.83,0.743,K1III+...,130.7374,,179.5332,147.3159,76.8045,68.0535
8535,27.5839,-47.8164,6.14,0.998,K1IV,70.4044,,151.9757,90.453,47.2554,-112.6135
8571,27.7165,11.0434,5.92,0.302,F2Vw,6.5887,,42.0168,36.507,19.1801,8.0484
8576,27.7269,-50.2061,5.94,0.154,A1V,21.8172,,77.1605,43.7142,22.9767,-59.2864
8581,27.738,51.9334,5.96,0.419,F5V,6.2517,,41.684,22.7479,11.9622,32.8176
8624,27.8598,-39.8359,6.44,1.094,K1IIICN...,60.5341,,161.8123,109.851,58.0645,-103.6556
8628,27.8651,-10.335,3.74,1.136,K2III,144.278,Baten Kaitos,72.0461,62.659,33.1274,-12.9253
8647,27.9075,-6.8741,6.42,1.233,K0,66.0693,,167.5042,146.9601,77.836,-20.0484
8671,27.9421,-15.6475,6.44,1.608,M2III,292.6847,,355.8719,302.7337,160.574,-95.985
8687,27.9971,55.1474,5.53,-0.175,B1.5V,841.7827,,396.8254,200.2338,106.4534,325.6448
8696,28.039,50.7928,5.7,-0.067,B9p...,100.0,,147.929,82.5344,43.9564,114.625
8753,28.2114,51.4748,6.28,0.05,A3V,44.9573,,129.5337,71.097,38.14,101.3387
8760,28.2171,-16.9292,5.78,0.26,F0V,37.6357,,94.162,79.3764,42.5918,-27.4191
8777,28.2704,29.5788,3.42,0.488,F6IV,14.0734,Mothallah,19.4175,14.8727,7.9982,9.5849
8795,28.3223,40.7298,5.42,1.311,K1III,221.4114,,193.4236,129.0294,69.5399,126.2074
8801,28.3465,-38.5946,6.09,1.125,K1/K2III,39.4094,,111.1111,76.4291,41.2328,-69.3118
8813,28.3825,19.2939,3.88,-0.047,A1p Si,61.8301,Mesarthim,50.3018,41.7697,22.5683,16.6204
8814,28.389,3.1875,4.61,0.928,K0III SB,37.6011,,54.9149,48.2361,26.0691,3.0535
8818,28.4115,-46.3027,4.39,1.597,M4III SB,167.8031,,104.8218,63.6937,34.4556,-75.7861
8828,28.452,55.5976,6.44,0.185,A5m,11.5985,,70.8215,35.1811,19.0637,58.4341
8863,28.5918,-42.4969,5.12,-0.06,A3V,68.9922,,94.0734,60.903,33.1941,-63.5514
8867,28.5988,63.6701,3.35,-0.15,B2pvar,634.4538,Segin,126.2626,49.1697,26.8068,113.1635
8884,28.66,20.808,2.64,0.165,A5V...,24.7742,Sheratan,17.9856,14.7527,8.0635,6.3892
8903,28.7241,40.702,6.25,1.262,K2,22.4285,,90.2527,60.0019,32.8829,58.8561
8909,28.7336,-67.6473,4.68,0.931,G5III,52.626,,67.0691,22.366,12.2621,-62.0295
8911,28.7402,37.1283,6.28,1.169,K0,71.7794,,163.6661,114.4136,62.7441,98.7891
8938,28.8319,-60.3125,6.43,0.409,F2V,7.2111,,55.5864,24.1175,13.2762,-48.2901
8964,28.9436,-60.861,6.07,0.356,F0IV/V,7.3181,,47.4383,20.214,11.1788,-41.4345
8972,28.9596,-78.3485,6.15,0.448,F5/F6IV/V,4.9843,,40.6174,7.1773,3.9718,-39.7804
8974,28.9627,23.5773,5.76,1.185,K1III,126.3572,,170.9402,137.0764,75.866,68.3737
8980,28.9743,1.85,6.01,0.549,F7V+...,5.4651,,39.8883,34.8776,19.3125,1.2877
8982,28.977,37.2778,5.89,1.599,K5III,306.1963,,282.4859,196.6376,108.8948,171.096
8989,28.9885,-51.6089,3.69,0.844,G5IV,9.2726,,17.8508,9.697,5.3726,-13.9913
8990,29.0001,68.6852,4.97,-0.084,B8III,414.1904,,215.0538,68.3691,37.8977,200.3436
9002,29.0389,37.2518,5.69,1.06,G8III...,43.411,,96.9932,67.4995,37.4755,58.7119
9003,29.0392,-49.8364,6.37,-0.081,B8/B9V,98.992,,200.4008,113.0042,62.7403,-153.1476
9042,29.1675,-22.5268,4.92,1.434,K3III,109.85,,108.2251,87.2916,48.7206,-41.4627
9066,29.2494,-51.7662,6.1,0.487,F8V,2.2824,,26.8673,14.5074,8.1244,-21.1041
9075,29.29,-10.2424,6.42,0.817,G5,2.5421,,32.8515,28.195,15.8158,-5.8414
9076,29.2919,-47.3853,4.82,0.864,G8III,59.5388,,76.1035,44.9387,25.2101,-56.0063
9091,29.3377,17.8175,5.09,0.921,K1p...,203.9858,,159.4896,132.3659,74.3949,48.8017
9113,29.4323,27.8044,5.84,1.576,M2III,79.0679,,140.2525,108.0482,60.9622,65.4214
9130,29.4723,-65.4247,6.36,0.906,G8II/III,71.7133,,169.7793,61.472,34.74,-154.3999
9135,29.4822,23.5961,4.79,0.29,F0V,16.4892,,39.4945,31.5058,17.8122,15.8091
9144,29.4968,47.0955,6.48,1.203,K0,1030.8607,,680.2721,403.0869,228.026,498.2923
9188,29.6112,-33.0668,6.37,1.006,K0III,41.4954,,129.7017,94.4989,53.7072,-70.7674
9201,29.6384,61.6978,6.02,-0.042,B5III,170.2943,,223.7136,92.1901,52.4531,196.9707
9203,29.6396,49.2044,5.7,1.005,K0IV,25.7276,,75.0188,42.6011,24.2398,56.7926
9217,29.6918,-61.5699,2.86,0.29,F0V,30.2831,,22.0119,9.1036,5.1909,-19.3572
9218,29.6917,-11.301,6.46,1.128,G5,27.3401,,109.7695,93.5083,53.3182,-21.5107
9276,29.8579,12.2949,6.09,0.186,A6V,31.0456,,98.6193,83.5672,47.9715,21.0003
9288,29.8987,21.0586,5.89,1.031,K0III-IV,55.1569,,119.9041,97.0037,55.7766,43.0842
9293,29.9084,64.6216,5.29,0.002,A0Vn,37.8094,,75.3012,27.9756,16.0921,68.0344
9294,29.9118,-42.0305,5.57,1.052,K1III,41.6486,,89.9281,57.8997,33.3096,-60.2092
9299,29.9213,-66.0666,6.09,1.176,K2III,59.5388,,136.612,48.0332,27.6441,-124.8657
9307,29.9425,-20.8245,5.43,1.64,M0/M1III,190.8974,,180.5054,146.1949,84.2101,-64.171
9328,30.0013,-21.0778,3.99,1.554,K5/M0III,177.9918,,89.7666,72.5379,41.8819,-32.2833
9334,30.0382,3.097,5.89,0.61,G2IV,4.3053,,33.5008,28.959,16.7452,1.8099
9353,30.1118,-8.5239,5.43,1.391,M3III,124.9683,,145.9854,124.8895,72.4302,-21.6382
9420,30.3114,-30.0018,5.34,0.883,G8III,51.8561,,90.2527,67.4749,39.4471,-45.1288
9439,30.4266,-44.7135,5.15,1.471,K5III,100.4616,,115.0748,70.5137,41.4142,-80.9623
9460,30.4897,70.907,4.49,0.164,A3IV,17.3141,,35.2609,9.939,5.8521,33.3212
9467,30.5118,2.7638,3.82,0.024,A2,55.0554,Alrescha,46.1681,39.7287,23.413,2.2261
9485,30.5754,54.4875,4.99,-0.071,B8III,438.127,,223.2143,111.6328,65.9547,181.694
9501,30.6178,-29.6656,6.4,0.135,A3III,51.8561,,147.0588,109.9685,65.0813,-72.7849
9513,30.6462,13.4767,5.97,1.584,M2III,151.4956,,206.1856,172.5036,102.206,48.0516
9542,30.7156,-23.8866,6.3,1.34,K2III,173.7801,,257.0694,202.0765,120.0586,-104.0946
9544,30.7187,64.9015,6.0,0.029,A1Vn,24.4118,,83.8926,30.5921,18.1778,75.9714
9548,30.7377,77.9163,6.04,1.107,K0,292.4152,,295.858,53.2343,31.6556,289.3026
9550,30.7415,33.2841,5.5,0.029,A2V,79.2136,,120.048,86.2536,51.2981,65.8813
9552,30.744,-15.3059,5.87,0.966,K0II/III,47.2063,,109.8901,91.0961,54.1836,-29.008
9553,30.7508,64.39,5.59,0.325,B8Ib,1461.504,,537.6344,199.7147,118.8214,484.8157
9565,30.7937,73.8506,6.12,0.162,A5III,43.6918,,118.624,28.3428,16.8915,113.943
9568,30.7985,0.1285,5.42,0.146,A5III,43.8935,,86.1326,73.9854,44.1016,0.1932
9577,30.859,72.4213,3.95,-0.002,A2V,53.1618,,48.1696,12.4884,7.4621,45.9202
9600,30.9139,25.9355,5.64,0.537,F8IV,11.4604,,48.7092,37.5808,22.5041,21.3034
9601,30.9187,-4.1035,5.61,1.589,K5Iab:,137.0251,,166.113,142.1425,85.1336,-11.8868
9605,30.9275,18.2532,6.24,1.424,K4III,206.4429,,272.4796,221.9765,132.9952,85.3454
9609,30.9507,-0.3403,5.96,0.851,G5V...,44.2996,,110.9878,95.1826,57.0801,-0.6591
9618,30.9748,42.3297,2.1,1.37,B8V,1828.1002,Almach,120.4819,76.3682,45.8408,81.132
9633,31.0519,-11.8598,6.43,1.498,K4III,382.6485,,404.8583,339.4382,204.3742,-83.2053
9655,31.1227,-29.2968,4.68,-0.156,B9.5p (Si),151.3561,,113.7656,84.9339,51.2812,-55.6694
9663,31.1462,-54.8817,6.45,0.386,F2V,5.224,,47.7555,23.512,14.2092,-39.0624
9684,31.2125,7.7357,6.44,1.114,K0,37.8094,,127.8772,108.3718,65.6647,17.2127
9706,31.2797,77.2813,5.27,0.345,F0Vn,7.4679,,33.1565,6.2388,3.7902,32.3429
9741,31.3815,76.1151,5.22,0.954,G8III,107.0533,,122.6994,25.1373,15.3328,119.1141
9787,31.5511,8.2481,6.27,1.636,M4,166.4179,,248.139,209.2703,128.4978,35.598
9805,31.6221,0.0354,6.29,0.897,K0,90.3649,,184.5018,157.1078,96.737,0.1139
9814,31.6413,22.6483,5.03,0.121,A2m,26.2543,,55.6793,43.7471,26.9569,21.4406
9837,31.7051,25.7046,6.01,-0.03,B9IV-Vn,248.199,,268.8172,206.0684,127.296,116.5943
9840,31.7169,-19.1389,6.39,1.143,K1III,19.5164,,89.7666,72.1398,44.5838,-29.4308
9861,31.7933,23.4624,2.01,1.151,K2III,55.6673,Hamal,20.1776,15.7321,9.7518,8.0337
9954,32.1218,37.8591,4.78,0.12,A5IV-V,36.7451,,58.6854,39.2407,24.6365,36.0165
9960,32.1398,44.4594,6.38,0.965,G8III,38.7614,,125.9446,76.1167,47.8217,88.2121
9967,32.1691,58.4236,5.66,0.595,A1Ia,47424198.526,,100000.0,44324.6846,27879.3598,85194.27
9976,32.1903,-17.7792,6.07,1.661,M1III,260.8555,,283.2861,228.2906,143.708,-86.5011
10011,32.2888,-43.5166,5.84,1.197,K1III,102.518,,159.7444,97.9295,61.8816,-109.9943
10027,32.3463,17.2242,6.4,0.471,F5V,3.3791,,37.5375,30.2906,19.1832,11.1153
10030,32.3555,25.9399,4.98,0.339,F2III,69.5024,,88.4956,67.2247,42.5889,38.7105
10031,32.3559,81.2959,6.05,0.118,A1V,16.4892,,70.5716,9.0215,5.7155,69.7588
10041,32.3859,34.9873,3.0,0.14,A5III,83.0998,,38.8954,26.9097,17.0681,22.3024
10046,32.395,-24.3458,6.48,0.289,F0IV/V,9.9174,,66.7111,51.32,32.5624,-27.5012
10073,32.4519,-40.8665,6.49,0.43,F3V,11.1892,,71.1744,45.4195,28.8819,-46.5693
10088,32.52,-43.8156,6.32,0.899,G8III,32.3892,,111.9821,68.1335,43.4393,-77.5296
10092,32.5323,53.8431,6.31,0.948,G8III,80.7607,,176.0563,87.5741,55.8602,142.1486
10116,32.6051,-50.8237,6.12,0.812,K0V,0.3611,,10.7828,5.7381,3.6704,-8.3589
10133,32.6566,19.5003,5.68,1.641,M3III,136.5212,,171.2329,135.895,87.0978,57.1597
10153,32.7201,39.0395,6.09,-0.054,B9V,62.23,,139.6648,91.2659,58.6369,87.9688
10180,32.8002,25.9369,6.01,1.365,K4III,190.1954,,235.2941,177.8587,114.6231,102.9133
10189,32.8378,8.5698,5.64,0.569,G0IV,8.0094,,40.7166,33.8285,21.8326,6.0674
10192,32.8426,-10.0522,6.0,0.418,F5V,7.856,,47.5964,39.3749,25.4169,-8.3077
10197,32.8542,31.5264,6.24,0.112,A1m,32.5687,,108.2251,77.4958,50.0465,56.59
10204,32.8716,57.6455,6.38,0.298,B5Ia,24434305.5269,,100000.0,44947.0981,29046.0387,84475.3574
10211,32.8993,-1.8254,5.94,0.967,G9III:,51.9517,,119.0476,99.9048,64.6296,-3.7922
10249,33.0657,2.7456,6.49,1.039,G5,55.9758,,159.2357,133.2936,86.7793,7.6275
10256,33.0929,30.3031,4.94,0.77,F5V comp SB,73.1139,,89.1266,64.4669,42.014,44.971
10272,33.1564,24.1678,5.96,1.366,K0,188.4517,,228.833,174.7832,114.1851,93.6865
10281,33.1981,-2.3936,5.65,0.546,F8V,7.544,,39.6983,33.1899,21.7173,-1.658
10282,33.2003,21.211,5.23,0.457,F5V,5.8722,,28.8684,22.5195,14.7365,10.4447
10285,33.2082,79.6915,6.46,0.24,A3,45.0402,,140.8451,21.0877,13.8037,138.5717
10296,33.2269,-30.7238,5.27,-0.013,A0V,65.5239,,98.2318,70.6379,46.2716,-50.1867
10300,33.25,8.8467,4.36,0.878,G8II:,216.7704,,117.5088,97.1019,63.6627,18.0719
10302,33.2541,-21.0001,5.86,1.006,K0III,44.6272,,106.383,83.0535,54.4608,-38.1245
10304,33.2638,15.2799,5.72,1.551,M0III,96.7386,,146.8429,118.443,77.6953,38.6981
10316,33.3055,44.2317,4.84,1.476,K4III,266.9316,,162.6016,97.3722,63.9751,113.4245
10326,33.3378,74.0277,6.25,0.915,G8III,58.3445,,145.5604,33.4631,22.0127,139.941
10342,33.4009,51.0658,5.31,0.926,G8III:var,27.6439,,64.9773,34.0894,22.4786,50.5438
10355,33.4234,58.5606,6.43,0.554,A3Iab,23334580.6228,,100000.0,43533.6689,28730.6549,85319.2191
10372,33.4731,-9.0646,6.43,1.415,K0,230.781,,314.4654,259.0336,171.2761,-49.5435
10379,33.5103,47.4842,6.05,0.406,F5V,5.1904,,39.5883,22.3067,14.7703,29.1802
10394,33.5605,-67.8414,5.57,1.556,M1III,292.146,,238.0952,74.8328,49.6444,-220.5104
10414,33.6213,66.5244,6.05,0.641,B9V+...,158.4893,,218.8184,72.5862,48.265,200.7068
10416,33.6331,-41.1668,5.91,0.965,G9III,42.1114,,105.7082,66.2557,44.0754,-69.5827
10422,33.6582,28.6912,6.35,0.957,K1III,10.3657,,64.2261,46.8954,31.226,30.8342
10489,33.8691,-67.7464,5.67,1.306,K2III,105.2931,,149.7006,47.0727,31.5947,-138.5504
10510,33.9283,25.043,5.57,0.52,F6V,13.44,,51.0725,38.3929,25.8265,21.6189
10517,33.9418,25.7829,5.79,0.439,F6IV-V,7.4611,,42.1053,31.4533,21.1691,18.3142
10535,33.9845,33.3589,5.25,-0.004,A0V,51.2389,,86.0585,59.6018,40.1785,47.322
10538,33.9905,47.8119,6.37,1.029,G9III-IV,30.311,,110.8647,61.7312,41.6233,82.1446
10578,34.1273,-51.5122,3.56,-0.12,B8IV-V,72.845,,47.1254,24.2779,16.4542,-36.887
10599,34.1888,83.5614,6.45,0.951,K0,38.2296,,129.199,11.9845,8.1412,128.3841
10609,34.2155,57.0552,6.48,0.281,B1Iab,22284351.4927,,100000.0,44970.872,30579.938,83919.5332
10618,34.246,-6.4221,5.51,0.962,G8III,56.7022,,102.0408,83.8206,57.0629,-11.4135
10620,34.2629,34.2242,4.84,0.607,G0V,1.1738,Deltoton,10.784,7.3693,5.02,6.0653
10645,34.3286,33.8472,4.03,0.019,A1Vnn,25.2348,,34.4353,23.6179,16.1283,19.1798
10692,34.4994,57.8998,5.75,1.175,K3III,69.2468,,125.9446,55.1568,37.9074,106.6902
10697,34.506,1.7578,5.6,0.588,G0.5IV,2.973,,24.3546,20.0604,13.7902,0.7471
10703,34.5191,57.5163,5.99,1.039,G7III,221.0039,,251.2563,111.1817,76.4677,211.9459
10706,34.5314,19.9012,5.58,0.011,A1Vn,96.0285,,137.1742,106.2576,73.1147,46.6939
10766,34.7375,28.6427,5.29,0.037,A2V,88.8792,,115.4734,83.2804,57.7467,55.3517
10769,34.7415,23.1678,6.45,0.376,A7V,20.0078,,93.4579,70.6041,48.9642,36.7687
10772,34.7438,-25.9457,6.33,0.724,G8V,0.4108,,12.6695,9.3613,6.4927,-5.5431
10788,34.7951,46.4723,6.21,0.164,A4V,53.3089,,136.612,77.2628,53.6893,99.0493
10793,34.8201,47.38,5.31,0.006,A1V,37.1878,,75.358,41.8909,29.1367,55.453
10800,34.8366,-2.9776,6.47,0.966,M5e-M9e,18.8973,Mira,91.659,75.1307,52.2885,-4.7613
10804,34.8446,48.9555,6.44,0.427,F4V,9.4624,,63.9795,34.4793,24.0036,48.2533
10805,34.8532,-41.8484,6.36,1.162,K2III,92.3847,,192.6782,117.7822,82.023,-128.5475
10845,34.9761,-55.9448,5.81,1.57,K5III,147.6386,,189.0359,86.7395,60.6817,-156.6159
10898,35.173,47.3108,6.17,-0.094,B5V,176.36,,243.9024,135.177,95.2614,179.2786
10918,35.2425,50.1515,5.57,-0.089,B9p Si,74.6105,,120.3369,62.9747,44.4937,92.3876
10975,35.4375,-68.6594,4.08,0.034,A3V,37.2907,,42.8266,12.6979,9.0364,-39.8901
10994,35.481,57.2429,6.4,0.569,A1Ia,23988329.1902,,100000.0,44060.4617,31405.9649,84097.2121
10995,35.486,0.3957,5.29,1.648,M2III,726.4404,,330.033,268.7256,191.5807,2.2791
11003,35.5064,-10.7775,5.43,0.364,F0V,5.157,,29.656,23.7157,16.9202,-5.5456
11007,35.5208,-17.6622,5.89,1.231,K2III,70.6643,,135.6852,105.2292,75.1168,-41.1674
11017,35.5489,-43.1998,6.3,0.991,K0III,49.204,,136.7989,81.1361,57.9784,-93.645
11020,35.5517,-0.8849,5.42,0.335,F0Vn,37.9839,,80.1282,65.1839,46.5839,-1.2374
11034,35.5893,55.8457,5.16,0.369,A2Ia,75162289.4018,,100000.0,45655.5372,32673.2778,82752.8177
11046,35.6356,-23.8163,5.19,0.608,G2V,3.5286,,21.9635,16.3305,11.7068,-8.869
11064,35.7097,41.3963,5.81,0.289,F0III-IV,9.1285,,47.0146,28.6372,20.5853,31.089
11069,35.7184,-73.6458,5.99,1.088,K0III,33.1131,,97.2763,22.2383,15.9907,-93.3404
11075,35.7278,-51.0921,5.9,0.213,A5V,14.0864,,60.8643,31.0327,22.3221,-47.362
11082,35.7401,-18.355,6.22,0.942,G8/K0III,45.0402,,126.1034,97.1475,69.9107,-39.7104
11094,35.7775,-37.5761,6.47,1.592,K2III,165.1962,,271.0027,174.2508,125.5696,-165.2616
11147,35.9656,55.3649,6.29,0.845,F7Ib,2318.4621,,934.5794,429.9103,311.954,768.9607
11185,36.0838,-25.8475,6.45,1.321,K3III,81.5831,,188.6792,137.2276,100.0088,-82.2597
11193,36.1038,50.0065,5.19,0.979,G8III,109.5469,,122.399,63.5581,46.3538,93.7721
11204,36.141,-40.8405,6.17,0.653,G5IV,2.884,,31.1818,19.0506,13.9128,-20.3915
11222,36.2044,10.6106,5.48,-0.098,B7IV,400.3133,,267.3797,212.0636,155.2321,49.2333
11231,36.2248,-60.3119,5.36,0.395,F2III,15.2475,,49.3827,19.7305,14.4537,-42.9005
11234,36.2433,-2.78,6.34,-0.011,A0III,190.3707,,273.9726,220.7027,161.7861,-13.2881
11252,36.3168,56.6098,6.25,0.249,B2Ia,27542287.0334,,100000.0,44343.7173,32593.7034,83494.2227
11266,36.3603,-66.494,6.39,1.511,M5III,129.1814,,230.9469,74.1782,54.6096,-211.7826
11286,36.4059,50.2786,4.73,1.532,K4III,143.2188,,113.2503,58.2483,42.9536,87.1077
11318,36.4875,-12.2905,4.88,-0.027,A0V,190.1954,,139.8601,109.8685,81.2614,-29.7717
11321,36.5015,-15.3412,5.88,0.116,Ap SrCrEu,22.9932,,77.0416,59.7225,44.1947,-20.3827
11354,36.6467,-20.0426,5.89,1.247,K2III,27.1394,,84.1043,63.3928,47.1599,-28.8241
11380,36.7463,-47.7038,4.24,-0.136,B5IV,425.4025,,155.7632,83.9937,62.7127,-115.2143
11388,36.7802,27.0124,6.14,1.461,K5III,80.8351,,162.8664,116.2154,86.8775,73.9712
11400,36.8475,10.1983,6.45,0.45,F5V,3.1769,,37.2439,29.333,21.9818,6.5943
11405,36.8657,31.8013,5.55,1.114,K1III:,38.1593,,85.2515,57.9661,43.468,44.9254
11438,36.9657,50.57,6.16,0.435,F4V,9.5587,,56.5291,28.6868,21.5902,43.6631
11447,36.9997,1.9608,6.45,0.971,K0III,63.6209,,166.6667,133.0285,100.2431,5.7028
11449,37.0071,-33.811,5.13,0.089,A2/A3V,16.7803,,46.5983,30.9183,23.3046,-25.9299
11452,37.0182,-64.2998,6.35,-0.025,A0V,35.678,,119.1895,41.27,31.1197,-107.3987
11457,37.0398,8.4601,4.3,-0.053,B9III,58.1835,,59.2066,46.7455,35.2761,8.7105
11459,37.0416,29.6693,5.29,0.311,F0III,16.5501,,49.8256,34.5566,26.0796,24.6634
11497,37.1477,-31.1024,6.11,1.106,K2IIICN...,37.914,,110.011,75.0822,56.8825,-56.8284
11521,37.2021,29.9318,5.89,0.591,G0V,3.7844,,31.407,21.6793,16.4567,15.6711
11542,37.2666,67.4025,4.46,0.153,A5p Sr,23.7684,,40.7332,12.4562,9.4776,37.606
11551,37.307,23.469,6.2,0.155,A5m,26.1577,,95.2381,69.4858,52.9474,37.9289
11576,37.3973,9.5656,6.09,1.022,K2III,33.6357,,102.6694,80.4309,61.4881,17.0613
11623,37.5692,33.8337,6.26,1.079,K1III,39.0481,,119.6172,78.7552,60.5822,66.601
11643,37.6348,25.235,5.88,0.412,F6IV,10.3753,,51.7598,37.0778,28.5896,22.0669
11644,37.6366,-22.5453,6.17,1.581,M0III,76.1377,,160.2564,117.2083,90.382,-61.4446
11651,37.6601,19.8553,6.14,0.247,A9V,13.2923,,66.0502,49.1802,37.9561,22.4337
11660,37.6883,0.2557,6.0,0.168,A7III-IVs,25.8226,,86.2813,68.2779,52.7489,0.3851
11670,37.7266,17.7039,6.21,0.908,G5III-IV,22.3872,,88.4956,66.6797,51.5855,26.9113
11710,37.8754,2.2672,5.27,1.271,K3III,134.7721,,140.8451,111.0887,86.4037,5.5718
11729,37.9175,-79.1094,5.27,0.981,G4III,51.428,,87.0322,12.9721,10.1049,-85.4647
11734,37.9462,89.2641,1.97,0.636,F7:Ib-IIv SB,2495.7438,Polaris,132.626,1.3433,1.0474,132.6151
11755,38.0218,-15.2447,4.74,0.454,F5V,7.885,,26.6951,20.2898,15.8645,-7.0193
11756,38.0257,36.1473,5.15,1.472,K5III,133.7827,,132.8021,84.4752,66.0603,78.335
11763,38.0393,-1.0349,5.36,1.004,G3III:,41.4572,,81.4332,64.1254,50.171,-1.4708
11774,38.0615,-36.4273,6.28,1.027,K0III,55.7699,,144.3001,91.4156,71.5798,-85.6857
11811,38.2193,34.5424,5.84,1.083,K0III,27.8484,,83.2639,53.8837,42.4317,47.212
11814,38.2256,15.0346,6.0,0.572,F8V,3.1074,,29.9401,22.7153,17.8916,7.7665
11838,38.2793,-34.65,5.91,1.064,K0/K1III,47.1194,,111.8568,72.2341,57.0047,-63.5975
11878,38.4176,-20.0019,6.19,1.1,K1III,37.914,,114.1553,84.046,66.6561,-39.047
11888,38.4613,-28.2323,4.96,-0.05,B9V,198.9757,,148.368,102.3557,81.3045,-70.1852
11895,38.4776,-51.0935,6.24,0.509,F6V,9.3843,,58.1058,28.5689,22.7065,-45.2163
11971,38.6776,-7.8594,5.74,1.393,K4III,87.1766,,140.647,108.7682,87.0699,-19.2326
11991,38.7672,7.471,6.17,1.053,G6III:,42.0339,,119.0476,92.033,73.9098,15.4791
12026,38.8662,39.6644,6.36,-0.095,B9MNp...,97.6338,,198.0198,118.6878,95.6536,126.3939
12041,38.9114,37.3123,5.72,1.389,K4III,163.9834,,191.2046,118.331,95.5201,115.9003
12055,38.945,34.6876,5.38,1.652,M3III,230.5685,,193.7984,123.9376,100.166,110.2909
12062,38.9686,5.5932,4.87,0.88,G8III,106.7579,,104.2753,80.687,65.266,10.1633
12075,39.0002,-7.8316,5.53,1.607,M0III,108.7427,,142.6534,109.8282,88.9377,-19.4382
12082,39.0204,6.8869,5.79,0.918,K3V,0.217,268 G. Cet,7.1803,5.5383,4.4881,0.861
12090,39.0386,-30.045,5.74,1.017,G8/K0III,140.4753,,178.5714,120.0635,97.3595,-89.4071
12115,39.1461,7.73,5.81,1.04,K0III:,34.0095,,90.7441,69.736,56.7662,12.2056
12121,39.158,12.4476,5.64,0.516,F7V,5.8291,,34.7343,26.3001,21.4178,7.4869
12128,39.1793,31.6077,6.07,1.052,K0,42.0727,,113.7656,75.1059,61.2097,59.6245
12149,39.2382,38.7336,5.91,0.502,F5V,11.0561,,54.1712,32.729,26.7295,33.8949
12154,39.2442,-34.578,5.78,0.653,G1V,2.821,,25.7798,16.4385,13.4281,-14.6307
12157,39.2522,24.6472,6.48,0.51,F6III,3.8833,,41.7537,29.387,24.012,17.4125
12168,39.2773,32.8911,6.23,0.515,F8V,6.9759,,49.8753,32.4193,26.5135,27.0845
12193,39.3514,-52.5431,5.3,0.289,A6V,13.7151,,45.5581,21.4249,17.5682,-36.1645
12207,39.4001,65.7453,5.8,1.561,K5III,334.503,,283.2861,89.9243,73.8651,258.28
12215,39.4242,-3.3962,5.65,1.021,G5III:,40.9638,,92.5069,71.3329,58.6439,-5.4801
12240,39.5031,7.6953,6.4,0.431,F6IV,13.0617,,73.8007,56.431,46.5233,9.8822
12241,39.5086,72.8183,5.17,0.896,G8III,45.7931,,78.4314,17.8755,14.7399,74.9312
12255,39.5743,37.7267,6.19,0.49,F6III,19.7151,,82.3045,50.1773,41.4724,50.3618
12256,39.5777,-30.1941,5.84,0.476,F5V,4.6302,,33.9443,22.6133,18.6926,-17.0716
12268,39.6034,-37.9905,6.48,0.521,F6V,6.8108,,55.2792,33.5667,27.7721,-34.0261
12273,39.6165,38.0891,6.29,-0.029,B9.5V,114.2878,,207.4689,125.7863,104.1204,127.9848
12286,39.6534,3.4432,6.21,0.999,G9III,29.0269,,100.8065,77.4728,64.2127,6.0543
12300,39.7041,21.9614,5.45,0.168,A7V,61.4328,,103.3058,73.7114,61.2054,38.6345
12355,39.8707,0.3285,4.08,-0.212,B2IV,806.1206,,199.2032,152.8847,127.6984,1.1421
12357,39.891,-11.8722,4.83,0.447,F5V,4.6989,,21.4823,16.1301,13.4825,-4.4195
12360,39.897,-68.2669,4.12,-0.061,B9III,42.462,,46.5549,13.2253,11.0569,-43.2457
12381,39.9499,-42.8917,4.74,0.061,A2V,14.0994,,35.6888,20.0445,16.7895,-24.2903
12411,40.0518,-9.4529,5.79,0.524,F6V,1.9916,,21.7581,16.4289,13.8108,-3.5735
12414,40.0654,6.1119,6.26,0.397,F3V:,4.4381,,40.3226,30.6839,25.8066,4.2932
12451,40.165,-54.5499,5.21,0.411,F4IV,17.2982,,49.0918,21.7587,18.3648,-39.9912
12452,40.1667,-39.8554,4.11,1.006,K0III,42.1891,,46.1894,27.0959,22.8709,-29.6006
12456,40.1711,27.0609,5.3,0.081,A3V,33.266,,70.9723,48.2944,40.7702,32.288
12497,40.3083,-0.6957,5.72,0.511,F7IV,2.2888,,22.5887,17.2243,14.6116,-0.2743
12529,40.3922,-14.5493,5.98,0.429,F5V,7.8705,,47.2144,34.8066,29.6146,-11.8608
12551,40.4514,-3.2138,6.07,1.175,G9III:,131.5831,,201.2072,152.8692,130.3384,-11.2801
12575,40.5275,-38.3837,5.99,0.917,G8III,55.9242,,126.4223,75.3243,64.3956,-78.4987
12578,40.5352,-46.5244,6.09,0.876,G8IV,5.5106,,41.5455,21.7249,18.5779,-30.1482
12590,40.5622,40.1939,4.91,0.582,F9V,5.536,,24.1896,14.0374,12.0155,15.6114
12607,40.5914,20.0115,5.74,-0.017,A0V,60.1451,,116.8224,83.3553,71.4224,39.9776
12614,40.6206,10.7417,6.32,0.064,A2V,41.6869,,127.0648,94.757,81.2756,23.6826
12620,40.639,-50.8003,5.4,0.561,G3IV,1.7766,,17.1674,8.2335,7.0667,-13.3038
12653,40.7479,53.5261,5.85,1.125,K0II-III,79.4328,,141.2429,63.6092,54.8052,113.5773
12657,40.7577,48.2652,6.3,1.14,G5,420.7266,,400.0,201.6958,173.8397,298.4938
12659,40.7618,55.106,5.76,-0.11,B7IIIp...,75.6484,,132.2751,57.3142,49.4056,108.4936
12673,40.8252,3.2358,3.47,0.093,A3V,21.2422,Kaffaljidhma,24.4081,18.4404,15.9314,1.3777
12675,40.8343,-40.5279,6.35,-0.022,B9V,83.6373,,182.4818,104.9428,90.6939,-118.58
12684,40.8605,-66.7143,6.23,0.542,F5V,8.2871,,54.3478,16.2489,14.0557,-49.9209
12686,40.863,27.7071,4.65,-0.122,B3V,132.923,,105.1525,70.4058,60.9078,48.8909
12687,40.8705,-2.5315,6.48,0.981,K0,32.181,,120.1923,90.7996,78.5712,-5.3086
12711,40.9635,25.6383,6.35,0.089,A3V,27.3149,,104.2753,70.9885,61.6301,45.1188
12735,41.0215,44.297,5.43,0.904,G0Ib,531.6184,,301.2048,162.648,141.4948,210.3549
12737,41.0306,-13.8587,4.24,-0.122,B7IV,254.683,,120.4819,88.2408,76.7894,-28.8588
12742,41.0441,-52.5706,6.15,0.088,A2V,30.9885,,101.3171,46.443,40.4351,-80.4562
12744,41.0495,49.2284,4.1,0.514,F7V,2.4706,,11.1272,5.48,4.772,8.4268
12751,41.0796,17.7639,6.4,1.143,K2III,25.704,,103.5197,74.3124,64.7803,31.5834
12753,41.0856,-32.5247,6.21,0.04,A1V,34.1979,,109.4092,69.5311,60.625,-58.8253
12770,41.1374,15.3119,5.78,-0.024,B9Vn,140.864,,182.1494,132.3133,115.5764,48.1007
12788,41.207,67.8246,5.95,0.136,A5III,58.3445,,126.7427,35.9903,31.5149,117.3679
12795,41.2356,10.1141,4.27,0.311,F1III-IV,11.3344,,25.7732,19.0804,16.7246,4.526
12799,41.2399,12.4458,5.17,0.234,A7III-IV,9.8356,,36.3372,26.6819,23.3911,7.8312
12810,41.2757,-18.5726,4.47,0.481,F5/F6V,2.8708,,14.2207,10.1309,8.8926,-4.5294
12829,41.3371,4.7116,6.04,0.312,F0III:,8.0538,,49.0918,36.7354,32.315,4.0324
12838,41.3644,-63.7046,5.73,0.932,G8III/IV,13.9444,,55.991,18.6159,16.3916,-50.1971
12843,41.3857,-67.6166,4.83,0.058,A2IV/V,77.4105,,87.184,24.9091,21.9493,-80.6153
12931,41.6879,-21.6395,6.48,0.387,F3IV/V,5.1428,,48.0307,33.3404,29.6926,-17.7121
12949,41.743,35.9835,6.27,0.935,G8III,52.723,,139.6648,84.3248,75.2441,82.0604
12957,41.7649,35.5547,6.28,0.385,A9V,6.8612,,50.6073,30.7096,27.4238,29.4271
12975,41.7964,-22.4857,6.47,0.398,F2V,3.5318,,39.6197,27.2916,24.3984,-15.1527
13003,41.8798,44.2722,6.45,0.637,F5,491.134,,462.963,246.8144,221.2969,323.1796
13022,41.9485,81.4485,5.8,1.3,G8p...,73.9265,,133.1558,14.7262,13.2356,131.6754
13028,41.9772,29.2471,4.52,1.112,K1III,37.4973,Lilii Borea,52.6039,34.1211,30.6982,25.7011
13075,42.1337,18.2838,5.83,1.216,K1III,81.358,,141.6431,99.7369,90.2258,44.4368
13088,42.1912,25.1881,5.89,-0.033,A0V,56.9115,,121.8027,81.6637,74.0254,51.8381
13100,42.2313,69.6343,6.26,0.151,A3V,11.4499,,64.7668,16.6891,15.1494,60.7183
13108,42.2559,-62.8065,5.25,0.101,A2V,17.6035,,50.4541,17.0659,15.5048,-44.8773
13114,42.2725,-32.4059,4.45,0.981,G8III,40.5135,,52.9381,33.0716,30.0639,-28.3703
13132,42.3232,17.4643,5.26,-0.066,B6V,392.2835,,239.2344,168.7267,153.6542,71.797
13143,42.3621,37.3264,6.45,0.422,F6III-IV,21.3796,,96.6184,56.77,51.7694,58.5851
13145,42.3781,57.0843,6.25,0.786,A5Ia,27542287.0334,,100000.0,40141.9946,36626.5192,83947.1165
13164,42.4624,-24.5603,6.14,0.998,K0III,54.4503,,133.6898,89.7025,82.0889,-55.5683
13169,42.4757,-27.942,5.39,0.013,A1V,120.3372,,140.647,91.6428,83.9038,-65.904
13176,42.4959,27.2605,3.61,-0.1,B8Vn,80.8351,Bharani,50.7872,33.2876,30.4981,23.2624
13192,42.5616,-35.8436,5.92,0.899,K0III,70.9905,,137.931,82.3533,75.6259,-80.769
13210,42.6188,-75.0669,4.76,1.337,K3III,117.598,,104.0583,19.7323,18.1568,-100.544
13221,42.6459,38.3186,4.22,0.343,F2III,24.4794,,37.0233,21.366,19.6787,22.9557
13223,42.6471,36.9483,6.44,0.617,G0,7.1779,,55.7103,32.7481,30.1631,33.4872
13231,42.6684,-35.6758,5.48,1.259,K2III,111.0708,,140.8451,84.1263,77.5436,-82.1407
13234,42.6742,55.8955,3.77,1.69,K3Ib comp SB,1964.2646,Miram,269.5418,111.1162,102.4424,223.185
13237,42.6992,-39.9322,6.36,0.04,A0V,19.3197,,88.1057,49.6514,45.8156,-56.5534
13254,42.7597,-21.004,4.76,0.906,K0III,35.678,Angetenar,57.3066,39.2793,36.3217,-20.5406
13293,42.8733,15.0821,5.52,-0.099,B7V,123.8226,,151.5152,107.2146,99.5368,39.4246
13294,42.8785,35.0597,4.56,1.554,K5III,268.1637,,143.2665,85.9362,79.7968,82.2966
13305,42.9239,46.8419,5.86,0.903,G8III,56.7022,,119.9041,60.0569,55.8551,87.4664
13313,42.9412,58.3143,6.46,0.104,A1m,18.3823,,90.009,34.61,32.2081,76.5925
13329,42.9843,-30.8145,6.38,0.484,F6V,2.587,,32.5415,20.4448,19.0546,-16.6697
13333,42.9948,68.8885,5.94,0.7,F5:Ib-II,572.2687,,395.2569,104.1282,97.0834,368.7277
13353,43.0791,-62.9096,6.03,1.249,K1III,90.3649,,163.6661,54.4397,50.9065,-145.7101
13368,43.1338,-12.7697,6.05,0.862,K1V,0.3548,,10.352,7.3676,6.9027,-2.2881
13387,43.2114,-9.4412,6.31,0.196,A7IV,24.8428,,97.6562,70.2109,65.9587,-16.0191
13390,43.2168,52.9974,6.35,0.093,B8III,237.903,,307.6923,134.9571,126.8075,245.7254
13395,43.2277,-65.4553,6.47,1.008,K0/K1III,46.4301,,143.6782,43.4883,40.8778,-130.6951
13414,43.2987,16.4835,6.3,0.457,F5III,30.2273,,107.1811,74.7992,70.4841,30.4114
13428,43.3378,48.57,6.23,1.18,G5Iab:,819.5963,,540.5405,260.1468,245.4741,405.2779
13439,43.3933,-38.437,5.93,0.437,F5V,12.659,,58.5138,33.3051,31.4876,-36.3753
13445,43.3972,-22.3763,5.93,1.041,G8/K0III,46.0469,,111.6071,74.9885,70.9061,-42.4875
13456,43.4275,38.3375,5.34,0.423,F4Vvar,31.798,,70.6714,40.2576,38.1064,43.8369
13485,43.527,-50.8714,6.22,1.571,K4III,348.6583,,350.8772,160.5448,152.4949,-272.1865
13497,43.5644,52.7625,3.93,0.758,G4III...,141.7751,,77.9423,34.1754,32.5043,62.0525
13620,43.9521,18.3316,5.76,1.452,M6IIIvar,50.2111,,107.7586,73.6407,70.9951,33.8919
13631,43.9868,61.5211,5.59,0.445,F4V,3.6074,,26.7094,9.1635,8.845,23.4774
13645,44.0574,8.3816,5.97,0.478,F7IV,6.5826,,42.9738,30.553,29.5639,6.2641
13666,44.1027,64.3324,6.17,1.994,K3Ibvar,1449.4392,,699.3007,217.5114,210.8032,630.2954
13667,44.1069,-8.8981,3.89,1.088,K1III-IV,42.4229,Azha,41.8585,29.6945,28.7828,-6.4746
13668,44.1089,18.0231,5.58,0.471,F6V,6.3797,,35.3482,24.1353,23.396,10.9368
13679,44.1388,47.164,6.05,1.305,K3III:,337.9092,,319.4888,155.8899,151.2724,234.2821
13683,44.1559,-3.7123,5.16,0.084,A3Vn,24.5697,,57.1755,40.9343,39.7457,-3.7019
13698,44.2111,51.2613,6.22,1.567,K5III,97.8138,,185.8736,83.3711,81.1062,144.9828
13722,44.2691,4.501,6.15,1.623,M4III,154.5966,,226.2443,161.5071,157.438,17.755
13734,44.3038,-29.8553,6.29,0.472,A2/A3V:+...,59.6486,,149.925,93.054,90.8195,-74.6343
13741,44.322,31.9342,5.1,-0.007,B9p...,76.3484,,98.0392,59.5244,58.1321,51.8574
13748,44.349,-23.8622,5.44,0.238,A5IV/V,13.2069,,47.6872,31.186,30.4852,-19.2913
13755,44.3859,-38.1909,6.41,-0.018,A0Vn,34.1665,,119.9041,67.3475,65.9192,-74.1348
13797,44.5097,38.6149,6.06,1.403,K3III,106.5614,,180.1802,100.3984,98.6947,112.4474
13800,44.5217,20.6687,5.8,0.415,F5IV,4.5878,,33.1675,22.1259,21.7595,11.7069
13801,44.5239,-23.606,5.82,1.334,K2III,169.0441,,203.252,132.7842,130.5955,-81.3913
13813,44.5653,-40.3047,2.88,0.128,A4III+...,149.9685,Acamar,49.4315,26.8574,26.453,-31.9749
13840,44.6753,-2.7829,5.22,0.014,A2IV,87.0162,,110.6195,78.569,77.6836,-5.3707
13845,44.6903,39.6627,4.68,0.065,A2Vn,105.4873,,94.9668,51.973,51.4142,60.6142
13849,44.6971,-9.7765,6.14,0.221,A2m,24.7286,,90.0901,63.1092,62.4454,-15.2978
13850,44.6991,-64.0713,4.98,0.126,A5III,72.3769,,90.3342,28.0762,27.7828,-81.241
13871,44.7653,35.1831,4.94,1.235,K2III,117.2735,,112.8668,65.4956,64.9613,65.0329
13873,44.7771,-28.9072,6.14,1.044,K1III,61.6595,,142.2475,88.3937,87.7085,-68.7614
13880,44.803,21.3404,4.63,0.048,A2Vs,127.2917,,101.9368,67.3684,66.9068,37.0957
13908,44.9007,-25.2741,5.69,0.427,F3V,4.9068,,32.6158,20.8913,20.819,-13.9253
13913,44.9096,-32.5072,6.32,0.002,A0V,40.439,,125.1564,74.7509,74.5154,-67.2597
13914,44.9161,41.0329,5.89,1.445,K2,151.6352,,198.8072,106.1975,105.8872,130.5155
13917,44.9215,-2.465,5.56,-0.072,B9.5V,64.2096,,111.1111,78.6022,78.3871,-4.7787
13920,44.9288,8.9074,4.71,-0.109,B6III,355.1403,,176.6784,123.5772,123.2703,27.3564
13931,44.9575,47.2207,5.47,0.869,G4p,138.2929,,156.4945,75.2123,75.1007,114.8631
13963,45.0495,38.1317,6.11,-0.057,B8Vn,127.409,,201.6129,112.0412,112.2351,124.4903
14002,45.1839,10.8704,5.93,1.593,K6,96.2055,,161.2903,111.6429,112.3619,30.4174
14006,45.212,-2.8786,6.11,1.751,M2III,203.9858,,255.102,179.4889,180.8221,-12.8113
14009,45.2175,52.3517,5.24,-0.049,B7V,138.1656,,140.647,60.5157,60.9769,111.3608
14026,45.2918,-7.663,5.75,1.043,K0II,43.0527,,99.3049,69.2368,69.9456,-13.242
14052,45.4067,-28.0916,5.88,0.794,G8/K0V,4.0142,,32.1958,19.9409,20.226,-15.1604
14070,45.4679,5.3362,6.24,1.041,K0,39.7741,,119.6172,83.525,84.9005,11.1243
14075,45.4756,26.4624,5.91,0.141,A3m,15.6027,,64.3501,40.3955,41.0717,28.675
14076,45.4838,-9.9614,5.84,1.092,G6III:,41.0771,,101.1122,69.8221,71.0114,-17.4909
14090,45.5386,-6.4945,6.2,0.598,G0IV-V,3.3144,,33.8983,23.5909,24.0387,-3.8342
14097,45.5642,-71.9025,5.51,-0.125,B8III/IV,135.5189,,157.7287,34.3027,34.985,-149.9257
14100,45.5699,4.0897,2.54,1.63,M2III,489.7788,Menkar,76.3942,53.3427,54.4145,5.4483
14109,45.5938,4.3529,5.62,-0.107,B7V,139.9587,,168.6341,117.6597,120.1242,12.7992
14112,45.5979,-23.6245,4.08,0.163,A4V,15.0107,,27.1739,17.4198,17.7872,-10.8897
14134,45.6761,-7.6855,5.32,0.941,K0II-III,42.7366,,81.1688,56.2043,57.5467,-10.8551
14153,45.7327,-46.975,5.81,1.304,K2/K3III,278.7405,,259.7403,123.7043,126.9095,-189.8848
14198,45.8756,28.2699,6.38,0.306,F0V,5.1665,,45.977,28.1921,29.0672,21.7759
14206,45.9036,-59.7378,5.12,0.349,F0IV,14.696,,43.4028,15.2209,15.7087,-37.4882
14230,45.9864,47.8485,6.48,0.301,F0,25.4918,,106.9519,49.8711,51.6186,79.2912
14257,46.0688,-7.6009,5.26,0.193,A8V,11.8468,,41.5628,28.5827,29.6694,-5.4976
14279,46.1586,1.8636,6.05,1.045,K0III,57.6501,,131.9261,91.3322,95.1027,4.2903
14282,46.1694,15.856,6.37,1.4,K3III,64.3873,,161.5509,107.6219,112.107,44.1391
14292,46.1991,53.5064,2.91,0.716,G8III+...,332.0473,,74.5712,30.697,32.0095,59.9496
14318,46.294,38.8403,3.32,1.528,M3IIIvar,364.0827,,94.3396,50.7722,53.119,59.1652
14319,46.2971,-8.2742,6.3,1.02,K0,51.9039,,140.4494,96.0291,100.4784,-20.2123
14329,46.3376,40.5822,6.06,1.011,K0III,50.8628,,124.533,65.2985,68.4207,81.0135
14340,46.3612,25.2552,5.45,-0.031,B7Vn,157.181,,165.2893,103.1648,108.1869,70.5207
14346,46.3851,56.7057,4.77,1.018,K0II-III,45.0817,,64.7249,24.5089,25.7235,54.1011
14356,46.4173,56.069,6.1,1.049,G9III,18.8799,,77.2798,29.7388,31.2477,64.1198
14381,46.533,79.4185,5.49,1.569,F7IV comp SB,248.8857,,211.8644,26.7644,28.2364,208.2616
14403,46.5987,13.1873,5.64,1.087,K3III,44.5862,,96.0615,64.2637,67.9538,21.9149
14420,46.6395,-6.0886,5.23,1.575,M3III,137.7844,,139.8601,95.4843,101.1115,-14.8343
14466,46.8292,64.0576,5.89,-0.02,B9V,138.1656,,189.7533,56.794,60.5413,170.6327
14478,46.857,17.88,6.13,-0.123,B1.5V,200.2627,,255.102,166.019,177.1449,78.3225
14485,46.8831,-78.9892,5.67,0.298,F2II-III,32.2404,,82.85,10.8154,11.5507,-81.3248
14508,46.9473,47.3087,6.38,0.122,A3Vnn,16.474,,82.1018,38.0036,40.6787,60.3463
14511,46.9541,-69.2649,6.12,1.011,K1III,32.5387,,102.3541,24.7356,26.4831,-95.7244
14515,46.9619,-27.8312,6.18,0.166,A3V,8.774,,54.6448,32.9803,35.3199,-25.5119
14530,47.016,52.2135,6.33,-0.019,B5V,132.1904,,227.2727,94.943,101.871,179.6135
14540,47.0422,40.9556,2.09,-0.003,B8V,96.5606,Algol,27.571,14.1894,15.2388,18.0721
14550,47.088,18.7951,6.24,1.56,M0III,153.1793,,234.7418,151.3072,162.7573,75.63
14571,47.1616,8.4711,6.28,1.026,G9III,33.7598,,112.2334,75.4786,81.4001,16.5331
14591,47.2258,62.3846,6.47,0.231,B1V:e,1416.4459,,793.6508,249.8344,270.0401,703.2373
14596,47.2651,49.6133,4.05,0.595,G0V,2.3206,,10.5407,4.6347,5.0165,8.0287
14614,47.3339,20.7611,6.41,1.241,K2,53.9014,,150.6024,95.4394,103.5495,53.3844
14632,47.3739,44.8575,3.79,0.98,K0III,31.7103,Misam,34.5662,16.5935,18.0288,24.3811
14641,47.4031,29.0771,5.74,0.115,B8III,461.3176,,323.6246,191.4344,208.2059,157.277
14684,47.5368,27.8198,6.42,0.014,A0V,64.1505,,165.0165,98.5291,107.6645,77.0118
14712,47.6127,26.8962,6.02,1.278,K3III,68.4857,,141.844,85.2788,93.4337,64.1668
14713,47.6135,-48.7342,6.11,1.118,K1III,56.5979,,134.4086,59.7612,65.4779,-101.0292
14721,47.6474,-23.7385,6.37,0.912,K0III,20.2675,,90.6618,55.9103,61.3315,-36.4972
14728,47.6616,11.8726,5.97,-0.061,B8V,66.3132,,136.4256,89.918,98.6858,28.0678
14761,47.772,-13.2643,6.36,0.614,F6III,267.6702,,327.8689,214.4763,236.3023,-75.2272
14778,47.8197,-16.025,6.25,1.167,K2III,75.5092,,165.5629,106.8499,117.9205,-45.7047
14781,47.8224,39.6116,4.61,1.115,K1III,97.3644,,88.3392,45.6943,50.4335,56.3233
14783,47.8282,-3.8116,6.08,1.67,M1III,225.5278,,264.5503,177.2144,195.6339,-17.5862
14785,47.8413,13.0478,6.11,1.038,K0IIIp,53.9511,,131.2336,85.808,94.7704,29.6279
14802,47.9073,19.7267,4.35,1.033,K2IIIvar,42.8943,Botein,52.0291,32.83,36.343,17.5616
14808,47.9284,81.4707,5.92,0.149,A7III-IV,14.4411,,62.1891,6.1803,6.8467,61.5013
14826,47.9844,74.3937,4.85,0.035,A2Vnn,25.704,,50.7099,9.1313,10.1357,48.8404
14843,48.0187,-28.9876,3.8,0.543,F8V,5.3309,Dalim,14.2369,8.3299,9.2574,-6.8995
14850,48.0398,42.3759,6.15,-0.099,B4V,121.2272,,200.4008,98.9842,110.0868,135.0685
14857,48.0594,27.257,5.78,-0.106,B9p Si,100.8324,,154.0832,91.548,101.8864,70.5673
14877,48.1072,-44.4197,5.92,0.44,F3V+...,6.7422,,42.4989,20.2686,22.5954,-29.7453
14878,48.11,47.7259,6.32,1.425,K5III,93.3254,,190.1141,85.3896,95.2017,140.6721
14879,48.1099,6.6609,5.55,1.011,K1IIIpe+...,280.0271,,230.9469,153.1634,170.7625,26.7881
14894,48.1381,-57.3215,5.71,2.419,C5II,468.1661,,321.5434,115.8557,129.2963,-270.6476
14917,48.1935,-1.1961,5.07,0.575,F8V,4.161,,22.5785,15.0479,16.8264,-0.4713
14935,48.2562,-35.9437,6.29,-0.076,B9IV/V,55.1061,,144.0922,77.6698,87.0406,-84.5807
14967,48.3495,48.177,5.93,0.972,G9III,50.2574,,116.5501,51.6512,58.0729,86.854
14987,48.4081,-29.8041,6.17,1.041,K1IICN...,46.4301,,125.1564,72.0922,81.2225,-62.2073
15072,48.7254,21.0444,4.87,-0.007,A1V,63.4454,,80.3859,49.4912,56.385,28.8659
15080,48.7357,42.5036,6.07,1.093,K2III,17.2663,,72.8863,35.4395,40.3908,49.2447
15087,48.7511,-26.1005,6.25,0.038,A1V,109.7489,,199.6008,118.1827,134.7668,-87.8136
15116,48.8352,30.5567,5.61,0.012,A1Vs,126.7068,,159.7444,90.5459,103.5579,81.2126
15153,48.9464,32.8567,6.3,0.366,F4Vwvar,7.8995,,54.7945,30.2302,34.7103,29.7282
15154,48.9499,57.1406,5.79,0.644,A0Ia,3235.9366,,877.193,312.5632,358.9281,736.8463
15156,48.9528,50.9559,6.46,0.1,A0,41.3428,,134.9528,55.8239,64.1113,104.8126
15159,48.9584,-8.8197,4.8,0.232,A5m,11.8577,Zibal,33.6474,21.8319,25.0779,-5.159
15163,48.9893,-77.3885,5.51,0.438,F4III,4.804,,29.7089,4.2565,4.8947,-28.9921
15165,49.0036,-5.9187,6.17,-0.018,B9V,120.5591,,201.6129,131.5555,151.3562,-20.7898
15166,49.0077,34.6885,6.25,0.29,A1m,10.2235,,60.9385,32.8682,37.8208,34.681
15171,49.0185,45.3461,6.15,1.674,M2III,322.4037,,326.7974,150.6278,173.3908,232.4724
15181,49.0509,50.9377,5.04,1.107,G5II,492.0395,,242.1308,100.0009,115.2443,188.0051
15192,49.0905,-5.7305,6.3,1.648,K5,553.605,,458.7156,298.896,344.9396,-45.8022
15203,49.1466,32.184,5.98,0.988,G8IV,63.9735,,134.5895,74.5106,86.159,71.6878
15206,49.149,-9.1547,6.14,0.407,F1V,3.5612,,34.1763,22.0698,25.5221,-5.4375
15244,49.2977,40.483,6.44,-0.027,B9p,90.2818,,197.6285,98.0254,113.9558,128.3048
15267,49.3608,-47.7517,5.84,1.228,K2III,98.992,,156.9859,68.7432,80.0931,-116.2069
15271,49.3814,65.6584,6.41,0.079,A3V,67.7954,,168.9189,45.3269,52.8491,153.9027
15285,49.4169,31.127,6.4,0.574,G0,1.7077,,26.6809,14.8582,17.3457,13.7924
15293,49.4385,-62.5753,5.53,0.641,G2V,0.7705,,12.0077,3.5963,4.2016,-10.6582
15296,49.4406,39.2834,5.97,0.056,A2IV,83.8687,,153.3742,77.1929,90.1919,97.1098
15300,49.4473,44.025,5.49,-0.06,B8V...,278.7405,,224.2152,104.8161,122.4954,155.8234
15315,49.4959,-66.9269,6.03,0.133,A3V,10.1859,,54.9451,13.9859,16.3731,-50.5498
15319,49.5108,-28.7971,5.93,0.337,F3V+...,14.3615,,62.3053,35.4521,41.5249,-30.013
15333,49.5496,-62.5064,5.24,0.6,G1V,1.0111,,12.0322,3.6038,4.2269,-10.6733
15344,49.5921,-22.5111,4.86,0.904,K0III,60.7575,,78.3085,46.8938,55.0846,-29.9814
15345,49.5934,-0.9303,5.62,1.05,K1IV,22.2024,,67.1592,43.5273,51.1326,-1.0904
15366,49.6572,50.2222,5.16,-0.073,B3V,286.8138,,195.3125,80.8961,95.2452,150.1037
15373,49.6714,-18.5598,5.72,0.381,F3V,6.132,,36.9686,22.6807,26.7171,-11.7669
15378,49.6826,34.2227,4.85,1.491,K2II,1303.767,,361.0108,193.1389,227.6015,203.0362
15405,49.7818,50.095,5.05,-0.067,B5V,245.4709,,171.8213,71.1731,84.1678,131.8056
15419,49.8404,3.3702,4.84,0.681,G5Vvar,0.8433,,9.1399,5.8843,6.9731,0.5373
15436,49.8792,-21.7579,3.7,1.614,M3/M4III,251.4201,,93.3707,55.8818,66.3128,-34.6111
15441,49.8954,-24.1229,5.63,1.663,M1III,436.9181,,299.4012,176.0265,209.0044,-122.3639
15471,49.9792,-43.0698,4.26,0.711,G8V,0.6286,82 G. Eri,6.0434,2.839,3.3809,-4.127
15475,49.9825,27.0711,5.91,0.86,G8IV,17.0294,,67.2495,38.5053,45.8603,30.605
15481,49.9969,65.6523,4.74,-0.108,B2.5Vne,604.2268,,233.6449,61.9208,73.7863,212.8646
15508,50.0817,77.7347,5.44,0.211,A6V,38.2648,,81.1688,11.0649,13.225,79.3161
15510,50.0848,29.0485,4.47,1.555,K2II-III,393.0067,,166.3894,93.3343,111.5665,80.7902
15518,50.1066,25.6627,6.14,1.241,K3III:,25.4683,,91.4077,52.8425,63.2137,39.5862
15546,50.1883,-26.6065,6.4,0.542,F7V,5.9869,,49.95,28.5946,34.3061,-22.3706
15580,50.2784,3.6756,5.7,0.964,G8.5III,44.7095,,98.912,63.0805,75.9225,6.341
15588,50.3068,21.1471,5.27,-0.067,B5IV,165.3484,,156.0062,92.9277,111.9589,56.2813
15604,50.35,-23.6351,5.5,0.885,G8III,69.5024,,112.4859,65.7559,79.3443,-45.0968
15609,50.3607,43.3297,4.96,0.051,A3V,19.2664,,46.1681,21.4247,25.8618,31.6803
15616,50.3893,-47.7767,6.4,0.989,K0III,51.1446,,145.9854,62.5489,75.5799,-108.1067
15630,50.4687,49.0709,5.94,0.468,F6V,7.0016,,43.7063,18.225,22.084,33.021
15657,50.5495,27.6076,5.55,1.1,G5III,385.4784,,271.0027,152.592,185.4354,125.5861
15661,50.5678,-25.5878,6.36,0.01,A1V,32.5687,,114.4165,65.5458,79.7055,-49.4158
15698,50.6885,20.7421,5.1,1.231,K3III,75.3009,,97.371,57.6897,70.4542,34.4851
15731,50.805,49.2133,5.32,-0.076,B5V,178.9781,,166.113,68.5758,84.0971,125.7719
15737,50.8238,-7.7941,6.2,0.702,G2V,3.9811,,37.1471,23.2493,28.5306,-5.0376
15761,50.9013,0.9101,6.47,1.154,K0,27.9512,,111.4827,70.2987,86.5064,1.7707
15768,50.9125,4.8821,6.37,0.851,G5III,343.2417,,373.1343,234.4102,288.5699,31.7559
15801,51.0095,-69.6246,6.14,0.482,A4:V+...,117.1656,,196.0784,42.9539,53.0618,-183.8101
15811,51.0422,12.6296,6.03,1.227,K0III-IV,66.558,,140.4494,86.1706,106.5722,30.7089
15822,51.077,24.7241,5.5,1.19,K4III,22.346,,63.7755,36.3956,45.0685,26.674
15824,51.0807,49.8612,1.79,0.481,F5Ib,4040.1734,Mirfak,155.2795,62.8852,77.8807,118.7088
15831,51.1088,20.8035,6.07,-0.028,A1V,29.7577,,95.6938,56.1637,69.6264,33.987
15837,51.1237,33.536,5.78,-0.001,A0V,75.7182,,133.5113,69.8482,86.6372,73.7597
15851,51.169,64.586,5.13,2.038,M0II,3056.3283,,628.9308,169.24,210.2591,568.0694
15861,51.2033,9.0289,3.61,0.887,G8III,249.3446,,89.2061,55.2003,68.6635,13.9993
15929,51.4011,-69.3364,5.96,0.415,F3V,5.5873,,39.4011,8.6741,10.8663,-36.8664
15948,51.4827,-35.9209,6.39,0.082,A1IV,28.1838,,107.8749,54.4036,68.3523,-63.2867
15949,51.4891,49.1208,6.09,-0.073,B7V,81.2082,,159.4896,64.9941,81.6768,120.5886
15976,51.5491,-41.6369,6.33,0.054,A1V,50.3501,,140.2525,65.182,82.0893,-93.1849
15990,51.5938,-27.3175,5.93,0.934,K0III,70.9251,,138.5042,76.4475,96.4314,-63.5624
16003,51.6474,28.7151,6.47,0.882,G5IV,5.9924,,51.6262,28.0944,35.5067,24.804
16044,51.7923,9.7327,3.73,-0.082,B9Vn,115.2391,,64.1026,39.0777,49.6452,10.8366
16055,51.8278,12.7353,6.29,-0.025,A0Vs,20.3986,,87.6424,52.8328,67.2057,19.3205
16073,51.8892,-35.6813,5.71,1.284,K2III,88.0643,,139.47,69.9194,89.137,-81.3496
16103,52.004,-11.2866,5.74,1.102,K2III,41.9952,,97.6562,58.9552,75.4699,-19.113
16108,52.0128,49.0629,4.99,-0.091,B5V,227.1956,,160.7717,64.8369,83.0255,121.4516
16117,52.048,-35.8534,6.49,0.126,A1V,28.8403,,114.2857,56.9679,73.0417,-66.9387
16129,52.0862,33.8076,5.72,0.048,A2V,61.6595,,117.2333,59.8563,76.8507,65.2292
16138,52.0982,60.2557,6.49,0.014,B9V,70.6643,,178.8909,54.522,70.0321,155.3217
16142,52.1107,22.804,6.03,0.951,K0IV,14.0088,,64.433,36.4777,46.8758,24.9729
16170,52.218,49.8484,5.58,-0.054,B6Vn,131.9471,,160.7717,63.5129,81.9334,122.8844
16185,52.2659,3.2487,6.41,0.79,G5,52.4807,,148.5884,90.7897,117.3236,8.4205
16187,52.2672,59.9403,4.21,0.419,B9Ia,6385.5749,,595.2381,182.4652,235.8035,515.1811
16203,52.3418,49.5089,4.67,-0.096,B3V,322.4037,,165.2893,65.5714,84.9677,125.7037
16204,52.3434,-62.9375,4.71,0.41,F5IV-V,5.3506,,21.6826,6.0267,7.8098,-19.3086
16211,52.3595,46.9379,6.21,0.131,B7V,109.0436,,195.3125,81.4422,105.6003,142.698
16222,52.4001,-12.6747,5.57,0.171,A5III/IV,84.7227,,128.2051,76.3173,99.1005,-28.1303
16226,52.4131,-6.8045,6.01,1.02,G5,48.4395,,118.7648,71.932,93.4498,-14.0714
16241,52.4781,58.8787,4.55,0.489,A0Ia SB:,7798.3011,,769.2308,242.1505,315.327,658.5196
16244,52.4798,-42.6343,5.76,0.205,A5V,18.5183,,65.445,29.3237,38.1876,-44.3269
16249,52.4955,-78.3518,5.68,0.932,G8III,44.9987,,98.3284,12.0867,15.7492,-96.3034
16251,52.5009,55.4518,5.09,0.022,A1V,29.7303,,60.9013,21.0244,27.4004,50.1613
16262,52.5456,59.3659,6.14,0.095,A2V,27.5931,,95.1475,29.4838,38.4874,81.8687
16269,52.5566,-41.3699,6.12,0.489,F7V,3.7394,,34.6981,15.8314,20.6741,-22.9326
16278,52.5808,71.8639,6.37,1.772,M2III,169.8244,,262.4672,49.6441,64.8867,249.4278
16281,52.602,11.3364,5.14,-0.041,A0Vn,93.9291,,110.742,65.9468,86.2609,21.7685
16294,52.6437,47.9952,4.36,1.367,K3III,190.8974,,110.2536,44.768,58.6468,81.9282
16298,52.6539,-47.3751,5.98,0.116,A2V,51.1446,,120.3369,49.4351,64.7847,-88.5443
16299,52.6539,48.1036,5.82,-0.033,B8V,307.3265,,273.9726,110.9856,145.4467,203.9325
16300,52.6544,-5.0751,4.74,-0.092,B9Vs,169.9809,,123.9157,74.8752,98.1257,-10.9619
16317,52.6893,6.1887,5.93,0.953,G8III,87.8213,,154.0832,92.8513,121.8374,16.6107
16327,52.7154,-66.4897,5.81,-0.055,B8V,292.146,,265.9574,64.2691,84.4123,-243.8799
16328,52.7182,12.9367,4.14,1.112,K0II-III...,211.8361,,104.9318,61.9476,81.3715,23.4915
16383,52.8723,49.2098,6.29,0.067,A0Vn,59.1562,,149.2537,58.8541,77.7409,113.0009
16406,52.9543,49.4011,6.41,0.075,B9III,23768402.8662,,100000.0,39205.1214,51940.7427,75928.3722
16408,52.9735,-25.6141,6.38,0.12,A3IV/V,12.6474,,71.9424,39.0651,51.7913,-31.1013
16429,53.0358,48.0235,5.47,-0.101,B8IIIp Mn,194.4464,,185.5288,74.6152,99.1465,137.9256
16449,53.0823,84.911,5.62,0.894,G3IIp...,52.2878,,103.0928,5.4928,7.3111,102.6864
16458,53.1095,46.0569,5.3,0.398,F4IIIvar,8.7177,,36.324,15.1314,20.16,26.1543
16468,53.1449,-50.3786,5.67,1.101,K3III,43.0923,,95.7854,36.6374,48.8762,-73.7812
16470,53.1498,9.3734,5.76,-0.072,B9IV,49.8884,,107.4114,63.5572,84.8036,17.4939
16475,53.1624,44.8558,6.42,-0.007,B2IV,322.9981,,370.3704,157.4115,210.1287,261.2313
16477,53.1667,35.4617,5.91,-0.084,B1V,1720.2834,,675.6757,329.9225,440.4831,391.9994
16490,53.2146,-61.0169,6.42,1.037,K0III,48.4842,,143.472,41.6297,55.6772,-125.5039
16496,53.2327,-9.4583,3.72,0.881,K2V,0.293,Ran,3.2161,1.8989,2.5413,-0.5285
16546,53.3842,58.7652,6.45,0.168,A4III,54.7016,,154.5595,47.8029,64.3295,132.1561
16550,53.396,39.8995,5.79,0.139,A5m,13.219,,56.0538,25.6418,34.5216,35.9553
16558,53.4128,54.9749,5.98,0.114,A3V,19.5524,,74.4048,25.4533,34.2889,60.9301
16561,53.4218,57.8687,6.37,0.523,F7V,11.0459,,66.9344,21.2146,28.5882,56.6822
16570,53.447,-21.6329,4.26,-0.106,B9V,139.1874,,89.9281,49.7858,67.1516,-33.1527
16587,53.4866,-31.0801,6.2,0.482,F5V,5.0304,,41.7711,21.2863,28.7528,-21.5638
16600,53.5349,17.8328,6.14,0.891,K1IVe...,4.9705,,40.3877,22.8505,30.92,12.3684
16623,53.6109,24.4644,5.95,0.123,A3V,62.8637,,131.5789,71.0528,96.4121,54.4905
16631,53.6399,-31.8748,6.39,1.404,K3III,302.2734,,353.3569,177.9,241.6502,-186.5954
16636,53.6561,-9.8683,6.25,0.019,A2V,51.9517,,137.3626,80.2008,109.0051,-23.5417
16655,53.7045,6.4177,6.49,0.642,G0,39.8841,,134.4086,79.0646,107.6511,15.0236
16656,53.7183,-25.5828,6.48,0.985,K0III,42.7366,,138.5042,73.9253,100.7047,-59.8082
16671,53.7543,60.0414,6.43,0.433,F5V,6.6435,,53.3618,15.7553,21.4909,46.232
16738,53.9885,-5.125,6.49,1.091,K0,81.9596,,192.6782,112.8317,155.2342,-17.2116
16739,53.9903,-11.1938,5.56,0.915,G7III:,69.8232,,115.8749,66.8295,91.95,-22.4946
16762,54.0726,-17.4671,5.24,-0.117,B8/B9III,155.5966,,149.2537,83.538,115.2869,-44.7996
16785,54.1224,48.1926,4.32,-0.058,B5Ve,521.4348,,178.8909,69.8893,96.6278,133.3435
16786,54.1257,-78.3231,6.29,1.15,K2III,140.9938,,230.4147,27.3281,37.788,-225.6461
16805,54.197,0.5878,5.82,0.885,G5IV/V +K1IV,3.8548,,30.6843,17.9494,24.8847,0.3148
16811,54.2183,0.4017,4.29,0.575,F9V,3.2659,,13.9626,8.1637,11.3269,0.0979
16829,54.2737,-40.2745,4.57,1.023,K0III,64.8037,,70.7714,31.5287,43.8343,-45.7502
16883,54.4493,15.4306,6.4,0.167,A5IV,13.4029,,74.7384,41.8883,58.6154,19.8857
16897,54.5007,42.5828,6.41,-0.064,B8Vn,105.3901,,210.5263,90.0134,126.1976,142.4538
16933,54.5822,56.9327,6.29,-0.099,B9p,65.6448,,157.2327,49.7182,69.9142,131.7658
16948,54.6219,-7.3919,5.86,0.98,G5III:,49.7966,,112.3596,64.5122,90.8509,-14.4556
16966,54.6986,-27.9431,6.01,-0.027,A0V,47.6431,,117.7856,60.1301,84.9205,-55.1936
16986,54.7547,-5.6262,5.97,0.921,K1V,4.0476,,33.7041,19.3562,27.3931,-3.3043
17015,54.8545,75.7396,6.25,0.973,G9III-IV,52.2396,,137.741,19.5317,27.744,133.4967
17016,54.8559,-10.4373,6.19,1.031,G5,34.8337,,109.4092,61.9377,87.9843,-19.8205
17017,54.8573,16.5367,6.18,1.0,K0III,49.7966,,130.2083,71.8497,102.07,37.0611
17046,54.9098,-3.393,6.22,1.041,G5,50.4894,,133.5113,76.6165,109.0538,-7.9018
17062,54.963,3.0569,5.55,0.931,G6III:,68.2339,,114.0251,65.3692,93.2288,6.0806
17079,54.9982,-1.1212,6.12,0.994,G5,44.2181,,119.3317,68.4358,97.7299,-2.3351
17095,55.0477,-15.2265,6.35,0.881,G8/K0III+..,100.0921,,199.6008,110.336,157.8554,-52.4224
17126,55.1597,-5.2107,5.53,-0.145,B9IIIp Si,123.8226,,152.207,86.5951,124.4073,-13.8232
17140,55.193,25.3295,6.11,0.097,A2IV,67.1738,,146.4129,75.54,108.6592,62.6388
17161,55.2827,37.5802,5.55,-0.062,B7Vn,332.9661,,251.8892,113.6904,164.084,153.62
17172,55.3075,-11.8024,6.49,0.377,F2III,19.002,,92.7644,51.6827,74.6601,-18.9738
17254,55.5389,63.2168,5.06,1.651,S5.3 SB:,208.9296,,159.2357,40.6018,59.162,142.1526
17262,55.5621,-31.9384,4.99,-0.159,B5III,593.1984,,259.7403,124.6505,181.7892,-137.4043
17267,55.5789,19.7003,5.68,-0.016,B9Vn,127.1745,,165.2893,87.9644,128.3675,55.7189
17271,55.5944,33.965,4.97,-0.048,B0.5V,937.562,,323.6246,151.6631,221.4516,180.8048
17286,55.6363,-85.262,6.4,-0.005,B9V,56.079,,152.9052,7.1289,10.4257,-152.3827
17300,55.6781,59.9694,5.74,1.736,K4Ib,1765.2247,,632.9114,178.5962,261.597,547.9482
17309,55.7086,-37.3135,4.59,1.191,K2IIICN...,40.5509,,56.4972,25.3159,37.1237,-34.2473
17316,55.7312,47.7876,3.01,-0.125,B5III SB,1362.6992,,158.2278,59.8608,87.8554,117.1928
17336,55.8121,-9.7634,3.52,0.915,K0IV,2.7823,Rana,9.0408,5.0065,7.3702,-1.5331
17353,55.891,-10.4857,5.59,0.216,A5m,9.1033,,42.4268,23.3943,34.5416,-7.7212
17366,55.9467,19.665,6.13,0.994,G8III,48.5289,,125.6281,66.2443,98.0144,42.2764
17394,56.0266,-40.6603,6.45,1.059,K1III,21.5179,,96.8992,41.076,60.9586,-63.1369
17395,56.0268,48.5237,6.06,1.552,K4III,320.3318,,312.5,115.6571,171.6417,234.1341
17398,56.0489,-64.8069,3.84,1.133,K0IV SB,22.5944,,29.8597,7.0986,10.5434,-27.0194
17406,56.0797,32.2882,3.84,0.022,B1III,2995.0219,Atik,343.6426,162.1134,241.0659,183.5666
17411,56.1175,20.9287,6.09,0.028,A0V,19.2664,,77.7001,40.4593,60.2496,27.755
17415,56.1271,-1.1631,5.24,-0.088,B7V,281.5788,,200.8032,111.895,166.6878,-4.076
17418,56.1309,36.4601,5.6,0.062,A2m,41.115,,90.5797,40.5994,60.4888,53.8282
17422,56.1412,-54.274,6.29,1.035,K1III,15.417,,76.2195,24.7961,36.9577,-61.8764
17433,56.1705,46.0998,6.1,0.291,A7IV,63.797,,142.0455,54.8345,81.8195,102.3507
17447,56.2009,24.2895,5.45,-0.034,B7IV,76.913,Celaeno,115.6069,58.6173,87.5644,47.5545
17451,56.2103,-48.0613,6.49,1.011,G8/K0III,41.9952,,137.931,51.2678,76.6128,-102.6014
17457,56.2189,24.1133,3.72,-0.105,B6III,435.7125,Electra,124.0695,62.9656,94.124,50.6877
17464,56.2354,-0.2967,5.56,1.411,K4III,75.9976,,120.919,67.2037,100.522,-0.6262
17485,56.2906,24.8393,5.66,-0.064,B8V,74.6793,,125.4705,63.1919,94.7186,52.7069
17487,56.2985,42.5785,3.77,0.425,F5IIvar,787.771,,170.6485,69.7229,104.5391,115.4608
17489,56.3021,24.4673,4.3,-0.11,B6V,261.3365,Taygeta,125.4705,63.3615,95.0139,51.9666
17492,56.3162,-47.3595,5.72,0.961,K1III,48.0839,,103.5197,38.8914,58.3508,-76.151
17501,56.3488,-71.6581,6.26,-0.123,B8V,56.0273,,143.2665,24.9826,37.5291,-135.988
17516,56.4046,38.6763,6.45,1.195,K0,42.3058,,135.8696,58.6923,88.3543,84.9075
17521,56.4185,6.05,5.34,-0.099,B3V,170.6082,,163.6661,90.0232,135.5908,17.2498
17532,56.4567,24.3677,3.87,-0.063,B8III,340.4082,Maia,117.5088,59.1472,89.215,48.4832
17537,56.477,24.5545,5.76,-0.036,B8V,56.2341,Asterope,114.0251,57.278,86.4621,47.3841
17542,56.4969,45.6819,5.66,-0.08,B6V,249.5744,,229.3578,88.449,133.6161,164.0991
17543,56.5036,67.2016,5.79,0.347,F0IV,12.93,,55.4324,11.8542,17.9122,51.1017
17545,56.5097,63.345,4.78,0.747,A3V...,985.3715,,303.9514,75.2415,113.7194,271.6488
17546,56.5121,24.5279,6.43,-0.02,A0Vn,31.7103,,116.5501,58.5046,88.4314,48.3842
17551,56.5356,-12.1016,4.43,1.604,M1III,320.3318,,147.4926,79.5229,120.3082,-30.9212
17553,56.539,6.8035,5.91,0.992,G9III,39.7741,,102.7749,56.2679,85.1374,12.1752
17566,56.5816,23.9484,4.14,-0.051,B6IV,261.3365,Merope,116.5501,58.6639,88.9062,47.3092
17576,56.6143,-29.3382,5.91,0.11,A2V,38.4415,,101.0101,48.4542,73.5245,-49.4912
17609,56.7121,-23.2497,4.22,0.434,F3/F5V,5.5514,,17.6274,8.8891,13.5386,-6.9582
17637,56.8094,-74.239,3.26,1.59,M2III,186.2087,,65.6168,9.7569,14.9154,-63.1498
17661,56.8712,24.1051,2.85,-0.086,B7III,963.829,Alcyone,123.6094,61.6645,94.4891,50.4836
17665,56.8839,55.922,6.09,-0.02,B9Vnn,38.7972,,110.2536,33.7513,51.7427,91.3203
17675,56.9152,-23.8747,5.24,0.075,A1V,41.3048,,76.9231,38.3977,58.9362,-31.1337
17690,56.9543,32.1954,6.26,0.474,G0,6.2922,,48.0077,22.1536,34.054,25.5789
17692,56.9567,-36.1058,6.21,-0.102,B8V,63.6796,,149.2537,65.7526,101.0828,-87.9519
17696,56.9835,-30.1679,5.52,0.973,G6III,36.6775,,82.4402,38.8359,59.7644,-41.4291
17717,57.0273,24.9884,6.44,1.701,K5,63.5624,,165.8375,81.8069,126.1028,70.0556
17729,57.0678,11.1433,5.08,-0.125,B3V,156.4588,,139.0821,74.186,114.5328,26.8795
17730,57.0753,50.7368,6.18,0.028,B8Vn,184.5015,,250.6266,86.2144,133.1414,194.0468
17734,57.0867,23.4213,5.44,-0.067,B8V,81.358,,118.3432,59.0058,91.1628,47.04
17755,57.1488,-20.903,5.81,1.602,K5III,136.5212,,181.8182,92.1378,142.6896,-64.8703
17757,57.1494,-37.6202,4.3,-0.038,A+...,42.7366,,50.7357,21.7991,33.7602,-30.9703
17763,57.1623,0.2279,5.91,1.224,K3III,83.946,,149.2537,80.9338,125.4035,0.5936
17790,57.2372,23.8571,6.47,0.377,F0,12.8706,,75.643,37.4375,58.1746,30.5944
17804,57.2838,43.9631,5.95,0.279,A9IV,19.9894,,74.184,28.8597,44.9257,51.4982
17805,57.2906,24.0534,3.62,-0.07,B8III,426.5795,Atlas,117.2333,57.8494,90.0771,47.7829
17809,57.2967,24.1367,5.05,-0.082,B7p,114.0775,Pleione,117.096,57.7344,89.9193,47.8823
17812,57.3071,70.871,5.4,0.096,A2m,68.1711,,106.383,18.8298,29.3384,100.5089
17816,57.3323,57.1183,6.46,0.061,A0Vn,50.1187,,148.5884,43.5428,67.9089,124.7835
17833,57.3636,-36.2002,4.17,0.927,G8III,77.4819,,64.3501,28.005,43.7289,-38.0058
17842,57.3804,65.526,4.39,1.87,M1III,908.657,,243.9024,54.4688,85.1061,221.9876
17844,57.3862,33.0914,5.14,0.057,A3V,51.8561,,82.3045,37.1648,58.0822,44.9363
17849,57.4025,63.297,5.82,0.189,A5Vn,21.0087,,71.6332,17.3416,27.1189,63.9933
17858,57.4314,23.7119,6.17,-0.046,B8V,38.9762,,114.6789,56.5212,88.4865,46.1167
17880,57.4795,22.2442,6.05,-0.006,B8III,42.1891,,112.8668,56.1617,88.0866,42.7262
17890,57.5185,44.9679,5.65,0.779,G2III...,62.9216,,114.6789,43.5721,68.4432,81.0447
17908,57.5673,-1.5226,6.47,0.435,F2,4.2894,,43.6681,23.4113,36.8438,-1.1603
17912,57.5789,25.5794,5.24,0.231,A2V,22.2638,,56.4653,27.306,42.9924,24.3795
17917,57.5895,71.3323,4.59,0.064,A2IVn,153.7446,,110.011,18.8731,29.7273,104.2234
17991,57.8161,13.0461,6.3,-0.058,B9p Si,39.8841,,123.1527,63.9027,101.5392,27.7998
18023,57.924,68.5075,6.31,-0.057,B9IVp,256.0944,,313.4796,60.9917,97.3197,291.6819
18038,57.9738,34.3591,5.78,-0.036,B1V,283.4001,,258.3979,113.1206,180.8469,145.8341
18046,58.001,6.5349,5.66,0.046,B5V,270.1469,,238.6635,125.6473,201.0852,27.1619
18051,58.0185,31.1686,6.22,0.206,A5V,36.7451,,113.8952,51.6161,82.6626,58.9474
18098,58.1736,-5.3613,5.48,-0.09,B8+...,180.4679,,179.5332,94.2623,151.873,-16.7747
18127,58.2918,17.3271,5.97,0.354,F4V,6.087,,41.3223,20.7331,33.5591,12.3069
18130,58.3039,-18.4344,6.21,0.866,K0/K1III+..,212.2267,,272.4796,135.8183,219.9418,-86.1634
18155,58.3888,-46.8937,5.93,1.22,K3III,42.8549,,107.6426,38.5556,62.6438,-78.5884
18156,58.3937,25.6829,6.35,0.11,A2V,65.1628,,161.0306,76.0555,123.5957,69.789
18167,58.4112,48.6505,5.76,1.04,K0III,63.0957,,120.7729,41.7948,67.9664,90.6634
18168,58.4123,-34.7323,5.11,-0.133,B6/B7V,88.7156,,106.1571,45.6979,74.3164,-60.4823
18171,58.4279,-24.6122,4.64,-0.136,B5V,162.181,,115.6069,55.0292,89.5465,-48.1474
18172,58.4302,57.9751,5.8,0.182,A5m,10.6365,,50.5051,14.0215,22.8185,42.8191
18201,58.533,31.8836,2.84,0.271,B1Ib,3382.2056,,230.4147,102.1309,166.8782,121.7041
18210,58.5729,-2.9547,4.46,0.672,G8III,131.9471,,95.9693,49.9731,81.7822,-4.9469
18217,58.5965,-40.357,5.7,0.599,K0III...,107.1519,,153.1394,60.8058,99.6022,-99.1652
18230,58.6415,-52.6904,6.46,0.158,A4V,27.0645,,109.1703,34.4346,56.5048,-86.831
18294,58.8172,-12.0991,5.99,0.323,Ap SrEu(Cr),8.4723,,49.2126,24.9148,41.1671,-10.3151
18350,58.9924,47.8714,5.39,-0.073,B6V,304.2286,,223.7136,77.307,128.6216,165.9153
18355,59.0164,-63.4637,6.14,1.094,K1/K2III,32.6588,,103.5197,23.8086,39.6499,-92.6141
18382,59.1153,-13.5975,6.37,1.585,M1III,24660393.3723,,100000.0,49892.5198,83414.7187,-23510.0229
18387,59.1195,35.0809,5.49,-0.058,B1.5V,392.2835,,265.9574,111.7054,186.7907,152.8544
18391,59.1263,71.8216,6.31,0.333,A5m,9.1369,,59.2066,9.4784,15.8537,56.2516
18405,59.1521,50.6954,5.28,0.425,F5IV,9.4363,,37.4392,12.1605,20.3606,28.97
18408,59.1581,-9.7508,6.18,0.269,F1V,46.3447,,125.6281,63.4755,106.3041,-21.2769
18424,59.217,22.478,5.62,0.345,F2IV,8.8227,,42.337,20.0214,33.6089,16.1866
18434,59.2572,6.04,6.09,0.058,A2Vn,15.7326,,70.2247,35.6986,60.021,7.3892
18438,59.2659,23.1756,6.05,0.031,B9.5IV,144.278,,208.7683,98.0824,164.9657,82.1607
18441,59.2845,61.1089,4.99,1.435,K3I-II,1766.8513,,448.4305,110.6633,186.2638,392.6186
18458,59.356,63.0723,4.95,-0.074,B9.5V,111.5835,,110.6195,25.534,43.1,98.626
18461,59.3599,24.4619,6.19,1.372,K0,297.0298,,319.4888,148.2096,250.2091,132.2967
18485,59.4635,40.0102,2.9,-0.199,B0.5V,2307.8097,,195.6947,76.1565,129.0997,125.8169
18497,59.5074,-13.5085,2.97,1.588,M1IIIb Ca-1,219.5837,Zaurak,62.3441,30.7599,52.2354,-14.563
18518,59.6215,38.8403,6.32,1.081,K1III:,43.7724,,130.2083,51.2886,87.4945,81.6603
18545,59.6787,-57.1024,6.05,0.439,F2IV,12.4738,,61.3874,16.8326,28.781,-51.5435
18550,59.6864,-61.4002,4.56,1.59,M2III,339.7817,,161.2903,38.9693,66.6517,-141.6104
18559,59.7183,-5.4699,5.85,1.001,G9V,8.5901,,46.4468,23.3142,39.9268,-4.4275
18567,59.7412,35.791,3.98,0.016,O7.5Iab:,3244.8902,Menkib,381.6794,156.0099,267.4208,223.2178
18600,59.8755,-12.5744,5.61,1.479,K4III,251.8837,,225.2252,110.3247,190.1331,-49.0332
18611,59.9187,10.3304,6.35,0.417,F5V,4.0253,,40.032,19.7399,34.0788,7.1787
18626,59.9812,-24.0162,4.62,-0.121,Ap Si,124.6235,,100.4016,45.881,79.408,-40.863
18670,60.1537,17.2967,6.31,0.056,A0V,101.0183,,196.8504,93.5372,163.0197,58.5274
18676,60.1694,-30.4907,5.93,0.036,A1V,42.9339,,107.7586,46.1905,80.5533,-54.6765
18677,60.1701,12.4903,3.41,-0.099,B3V + A,829.4687,,148.368,72.0556,125.6638,32.0883
18688,60.2032,18.194,5.89,0.319,F4V...,7.0599,,42.9,20.2523,35.3671,13.3949
18697,60.2242,-62.1593,4.48,1.5,M4III,291.0717,,143.8849,33.3703,58.3248,-127.2301
18722,60.3118,36.9895,6.39,-0.005,A0V,35.5795,,121.2121,47.9518,84.1088,72.9295
18725,60.3255,-61.0788,4.97,1.386,K4III,85.7433,,97.8474,23.4266,41.1137,-85.6444
18741,60.3835,-1.5497,5.28,-0.133,B5V,108.3428,,126.9036,62.6918,110.2837,-3.4319
18758,60.4422,9.998,5.67,0.005,B5V,144.1451,,175.1313,85.0804,150.026,30.4053
18813,60.6531,-0.2689,5.38,0.516,F5V,2.1777,,18.8324,9.2296,16.4154,-0.0884
18860,60.7891,5.9893,3.91,0.032,A1V,30.5633,,35.8551,17.4027,31.1245,3.7412
18879,60.8531,-20.1438,6.47,-0.178,B3V,209.1221,,304.878,139.4079,249.9849,-104.9931
18910,60.9358,5.4356,5.32,-0.08,B3V,250.2649,,196.4637,95.0107,170.9521,18.6105
18928,60.9858,8.1973,5.45,0.371,F2V,6.9888,,34.8554,16.733,30.1696,4.9697
18943,61.0363,-16.5887,6.36,1.266,K2/K3III/IV,59.4292,,154.5595,71.7311,129.5998,-44.1267
18946,61.0412,2.8269,5.36,0.505,F6IV,7.8343,,35.3982,17.1183,30.9346,1.7458
18961,61.0903,24.106,5.46,0.813,G0III...,687.3849,,347.2222,153.2192,277.4451,141.8146
18963,61.0947,-12.7923,5.62,1.062,K1III,68.4227,,117.9245,55.5857,100.6711,-26.1105
18970,61.1132,59.1555,5.0,0.495,F0II,3400.9481,,625.0,154.8002,280.5726,536.6013
18989,61.1704,-20.3819,6.12,1.157,K1II,48.6183,,125.1564,56.5727,102.7797,-43.5889
18990,61.1738,22.0819,4.36,1.064,K0III,51.713,,57.3723,25.6332,46.5761,21.5681
19028,61.3344,22.0089,5.9,0.62,G5V,1.0904,,16.9377,7.5329,13.7787,6.3474
19047,61.4059,-27.6518,5.59,0.324,F0IV/V,10.2612,,45.045,19.0963,35.0336,-20.9053
19063,61.4446,-20.5126,6.34,0.918,G8/K0III,19.8976,,88.574,39.6546,72.8666,-31.0375
19073,61.4855,-8.8561,6.27,0.063,A3V,15.7326,,76.2777,35.9795,66.2258,-11.7432
19081,61.5132,68.68,5.88,1.543,K2III,142.1674,,191.5709,33.2203,61.2179,178.4606
19119,61.646,50.3513,4.25,-0.011,A0IVn,290.8037,,129.3661,39.2024,72.6428,99.6081
19123,61.6517,27.5999,5.18,-0.124,B9p Si,122.5745,,128.866,54.2264,100.5063,59.7029
19124,61.6526,54.0087,6.31,0.983,K0III-IV,17.0294,,80.8407,22.5572,41.8102,65.4087
19129,61.6618,65.5208,6.14,0.145,A3m,54.9035,,134.2282,26.4011,48.9538,122.1627
19157,61.7519,29.0013,5.21,0.359,F1V,5.4702,,27.6014,11.4254,21.2655,13.382
19174,61.7947,74.0004,6.49,0.977,K0,26.965,,110.4972,14.3947,26.8401,106.2169
19185,61.8392,-64.2223,6.37,0.636,G3V,1.3766,,23.6295,4.8497,9.0596,-21.2781
19213,61.9249,15.1628,6.02,0.397,F3V,6.4804,,43.63,19.8187,37.1559,11.412
19236,61.9976,17.3399,5.89,1.497,K5III,58.1835,,123.1527,55.1935,103.7933,36.7044
19254,62.0642,37.7275,6.07,0.943,K1III,6.3212,,44.0917,16.3376,30.8097,26.98
19287,62.1525,38.0397,5.52,0.52,F7V,2.379,,20.9952,7.7241,14.6206,12.9374
19296,62.1654,47.7125,3.96,-0.025,B3Ve,485.2885,,146.1988,45.9311,86.9885,108.1547
19328,62.2565,13.3983,5.94,0.052,B9.5V,56.8068,,124.533,56.394,107.217,28.8566
19340,62.2915,19.6092,5.51,1.077,K2III,41.2287,,87.0322,38.1206,72.583,29.2083
19350,62.3243,-16.3859,5.45,-0.147,B5IV,230.1442,,200.0,89.1203,169.9242,-56.421
19352,62.3425,54.8289,6.25,0.448,F5V,5.44,,44.4444,11.8835,22.6757,36.3304
19364,62.3649,59.9081,6.29,1.112,G8II,484.8417,,427.3504,99.3862,189.8248,369.753
19384,62.4292,3.3227,6.49,0.443,F2,8.5901,,62.383,28.8251,55.2058,3.6157
19405,62.5013,86.6261,5.84,0.393,F5IV,7.1647,,42.2297,1.1475,2.2045,42.1565
19412,62.5116,80.6987,5.1,0.589,G8III+...,107.6465,,116.4144,8.6847,16.6914,114.8838
19434,62.5938,-6.9239,5.44,0.941,G8III,67.4217,,107.7586,49.239,94.9668,-12.9903
19460,62.6911,-35.2738,6.43,1.07,K2IIIp...,161.5846,,263.1579,98.567,190.8976,-151.9695
19462,62.699,-8.8198,5.7,1.057,G9III:,35.156,,87.7193,39.758,77.0265,-13.4498
19464,62.7078,26.481,5.39,0.352,F2IV-V,24.0769,,62.9327,25.8289,50.0593,28.0617
19465,62.7106,-41.9936,4.93,0.334,A9V,27.9254,,54.8246,18.6818,36.2117,-36.6802
19476,62.7459,33.5868,5.75,1.412,K1II-III,395.9132,,301.2048,114.9048,223.0625,166.6264
19505,62.8345,5.523,5.71,0.36,F4V,6.1944,,36.9822,16.8063,32.75,3.5594
19522,62.9008,-20.3562,5.8,0.165,A1V + (F/G),27.3401,,80.9717,34.5817,67.5809,-28.1664
19538,62.9664,-6.8376,4.04,0.327,F2II-III,29.3495,Beid,37.3134,16.8388,33.0002,-4.4424
19541,62.9839,-8.8375,6.45,0.95,G5,57.544,,158.4786,71.1328,139.5091,-24.3474
19552,63.0011,-17.2747,6.41,0.968,K0III,28.8403,,110.1322,47.7417,93.7031,-32.7042
19592,63.1306,17.2775,6.09,1.081,K0III,35.2209,,105.042,45.3324,89.4736,31.1974
19623,63.2135,22.4135,6.14,0.171,B9IIIsp...,217.9716,,267.3797,111.3962,220.6565,101.9485
19624,63.2161,68.5012,6.33,1.169,K0,34.1979,,115.6069,19.0921,37.8223,107.5635
19669,63.3879,7.716,5.29,0.366,F3V...,8.8064,,36.3372,16.1298,32.1935,4.8788
19670,63.394,10.2125,6.24,0.021,B8Vn,48.6183,,132.2751,58.3012,116.3945,23.4522
19671,63.3988,-40.3578,6.36,1.468,K3III,211.6411,,291.5452,99.4791,198.6451,-188.7925
19675,63.409,-1.1497,6.45,-0.125,B5IV,111.1732,,220.2643,98.5747,196.926,-4.4197
19680,63.4367,72.1261,6.05,1.019,K1III,69.5665,,144.9275,19.8915,39.7861,137.9325
19686,63.4576,12.7537,6.25,1.143,K0,27.2145,,99.4036,43.3235,86.7329,21.9444
19690,63.4849,9.2638,4.84,0.799,G5III,104.4239,,101.7294,44.823,89.842,16.3765
19696,63.4988,37.9671,6.47,1.029,G9III,51.4754,,151.2859,53.2196,106.7361,93.0725
19697,63.5004,-42.2944,3.85,1.085,K1III,31.2176,,35.2609,11.6377,23.3421,-23.7285
19727,63.5987,-10.2563,4.87,1.156,K3III,54.2001,,74.2942,32.5074,65.4821,-13.2282
19730,63.6061,-62.4739,3.33,0.915,G7III,99.5405,Rhombus,49.554,10.1807,20.5143,-43.9445
19749,63.651,10.0114,5.22,-0.085,B9Vn,102.2351,,119.9041,52.4077,105.8108,20.8446
19755,63.7023,-62.1918,5.45,1.106,K0III,37.3594,,80.5802,16.6545,33.7011,-71.2743
19760,63.717,37.5427,6.31,0.958,G5,62.23,,154.5595,54.2659,109.8806,94.1812
19761,63.7221,40.4837,4.67,1.007,G5II comp,1003.6909,,291.5452,98.1727,198.8308,189.2803
19762,63.7244,48.4093,4.12,0.935,G0Ib...,1494.17,,276.2431,81.1765,164.4246,206.6039
19773,63.7575,57.4604,6.06,0.6,A4III,604.2268,,429.1845,102.0758,207.0573,361.8109
19799,63.8181,-7.6529,4.43,0.82,K1V,0.3658,Keid,4.9845,2.1797,4.4332,-0.6638
19809,63.87,6.1869,6.32,0.57,G0IV...,1.1749,,21.3311,9.3397,19.0395,2.2989
19810,63.8836,8.8924,4.27,-0.054,B3IV,332.6596,,139.6648,60.741,123.8979,21.5892
19827,63.9428,15.4007,6.31,0.4,F5Vvar,5.3753,,45.4133,19.2323,39.3324,12.0603
19843,64.0065,-51.4866,4.26,0.312,F4III,7.2111,,20.4625,5.5844,11.453,-16.0112
19867,64.0873,-60.9485,6.34,0.097,Ap EuCr(Sr),40.4017,,126.2626,26.7937,55.1483,-110.3767
19871,64.1211,-59.3022,4.44,1.078,K2IV,4.8529,,18.2382,4.0639,8.3771,-15.6825
19899,64.1796,53.6118,5.2,0.052,A2Vn,72.711,,100.2004,25.891,53.5095,80.6629
19918,64.2231,61.85,5.69,-0.116,B5Vn,86.2979,,136.7989,28.066,58.1172,120.6177
19933,64.2837,57.8604,5.72,1.108,K1III,28.5759,,79.8085,18.4227,38.2517,67.5782
19940,64.3153,20.5786,4.93,0.259,A3m,7.7839,,28.9436,11.7442,24.4194,10.1734
19946,64.3301,-6.4722,5.95,1.078,G8III:,195.524,,232.0186,99.8666,207.7867,-26.1533
19970,64.4178,-63.2554,5.88,-0.061,B+...,77.2681,,141.2429,27.4461,57.3302,-126.1329
19989,64.466,80.5358,6.39,0.947,K0,247.0586,,319.4888,22.6446,47.403,315.1401
19992,64.4736,-33.7983,3.55,-0.108,B9V,98.5372,,54.5554,19.5363,40.9102,-30.3476
20001,64.4966,-80.214,5.67,0.836,K2/K3III+..,79.2866,,129.8701,9.5042,19.9229,-127.9804
20013,64.5338,42.1412,6.22,-0.072,B9V,41.6869,,121.3592,38.6926,81.2439,81.4271
20021,64.5608,50.2955,4.6,0.043,A2V,116.4126,,96.1538,26.3856,55.47,73.9759
20025,64.567,-20.7153,6.0,1.597,M4III,743.3614,,462.963,185.9681,391.0663,-163.7611
20037,64.5967,21.5793,5.64,0.277,F0V,14.1124,,54.0541,21.5633,45.4053,19.8805
20056,64.6562,-22.9697,6.09,0.302,A3m...,25.7751,,89.8473,35.4097,74.7618,-35.0624
20059,64.6667,-52.8601,6.08,0.489,A8V+...,16.7186,,72.0461,18.6124,39.3157,-57.4325
20088,64.762,-33.9046,6.36,0.132,A+...,25.9179,,102.0408,36.1102,76.6064,-56.9196
20106,64.8051,50.0487,5.46,0.235,A7V,31.6228,,74.4602,20.3542,43.2648,57.0805
20112,64.8195,-44.2679,5.33,1.066,K2III,38.3707,,77.2798,23.5451,50.0801,-53.9424
20121,64.8587,21.1423,5.5,-0.069,B9IV,37.6704,,82.7815,32.8025,69.8947,29.8581
20136,64.9029,21.7735,5.34,-0.107,A0p Si,63.6796,,100.0,39.3893,84.0983,37.0938
20138,64.9059,10.1214,6.31,1.428,K0,115.9845,,210.9705,88.0815,188.0842,37.0749
20155,64.9483,15.6276,3.65,0.981,G8III,74.0628,Prima Hyadum,49.5295,20.1972,43.2114,13.3425
20169,64.9904,14.0352,5.58,0.283,F3V...,10.666,,45.7038,18.7454,40.182,11.084
20181,65.0415,31.9532,6.16,1.679,K5,151.7749,,225.2252,80.6367,173.2532,119.195
20184,65.048,50.9209,5.55,-0.031,B1.5IV,579.1619,,332.2259,88.3511,189.8845,257.8992
20191,65.0601,41.8081,5.95,0.962,K0III,55.0554,,123.1527,38.7073,83.2359,82.0982
20200,65.0884,27.3508,4.97,1.15,K1III,86.7761,,98.4252,36.824,79.2884,45.2201
20203,65.1027,34.5667,4.93,0.95,G8III,41.6102,,66.9344,23.2044,49.9957,37.9763
20205,65.1046,18.7426,6.11,0.404,F3:V...,7.3114,,48.3092,19.258,41.4965,15.5226
20211,65.1513,15.0955,5.26,0.225,F0V,15.1078,,46.9484,19.0481,41.1319,12.2267
20213,65.161,-6.246,6.15,0.901,G8IV:,11.3344,,61.2745,25.5868,55.276,-6.6665
20214,65.1625,-20.6396,5.38,-0.027,A0V,130.3767,,145.7726,57.301,123.7982,-51.3832
20216,65.1681,65.1404,5.26,0.82,G5III,65.7658,,97.9432,17.2917,37.368,88.8679
20218,65.1718,6.1308,5.76,0.914,G8III-IV,52.9176,,110.6195,46.1833,99.8209,11.814
20221,65.1785,-7.5925,5.85,-0.124,B5III,233.3458,,242.1308,100.7537,217.836,-31.9919
20234,65.2197,13.8644,6.15,0.456,F6V...,6.792,,47.4158,19.2949,41.7956,11.362
20248,65.2418,-81.5799,5.78,0.359,F0/F2III,11.5027,,52.0562,3.1923,6.9219,-51.4951
20291,65.3627,-0.0982,5.86,1.32,K2,80.7607,,143.0615,59.6384,130.0377,-0.2451
20297,65.3805,-25.7286,6.08,0.371,F2V,11.1173,,58.7544,22.0499,48.1179,-25.5058
20304,65.3882,46.4989,4.8,-0.022,B4IV,253.2795,,155.521,44.5854,97.3298,112.8089
20310,65.4063,-6.2842,6.45,0.056,A0,101.5781,,210.5263,87.0905,190.2775,-23.0442
20326,65.4484,60.7356,5.4,1.497,M0III,112.7197,,136.7989,27.7865,60.8267,119.3397
20330,65.4659,56.5063,5.91,0.112,A3V,35.4487,,96.9932,22.2255,48.6926,80.8872
20334,65.4719,-63.3864,5.24,0.955,G7III,97.0957,,117.9245,21.9305,48.0596,-105.4301
20350,65.5146,14.0772,5.72,0.315,A3m,8.8389,,44.3853,17.8435,39.1805,10.7958
20367,65.5947,20.8214,5.91,1.66,M0III,1921.3213,,714.2857,275.8602,607.9814,253.8974
20380,65.6456,25.6293,5.38,-0.041,B9V,48.9328,,89.2857,33.197,73.3374,38.6203
20405,65.7337,17.5425,3.77,0.983,G8III,61.546,Secunda Hyadum,47.7099,18.6958,41.4717,14.3804
20406,65.7414,59.6162,6.18,0.108,A4V,59.2652,,142.0455,29.5181,65.5013,122.5365
20414,65.7736,-24.8922,5.81,1.507,K5III,97.4541,,153.6098,57.177,127.0682,-64.6562
20416,65.7823,-35.5448,6.38,1.242,K1III,194.9845,,282.4859,94.2846,209.6197,-164.2202
20433,65.8544,16.7773,5.64,0.31,A1m,12.0337,,49.9002,19.5432,43.5962,14.4038
20441,65.8849,20.982,6.0,0.029,B8IV-V,100.2767,,170.068,64.8776,144.9329,60.8972
20446,65.8992,42.4279,6.25,0.023,A1sp...,86.6164,,177.305,53.4413,119.4651,119.6209
20455,65.9202,-3.7455,5.17,0.072,A2V,30.5914,,64.1026,26.0985,58.3993,-4.1875
20470,65.9659,9.461,5.1,0.074,A3V,116.9499,,121.3592,48.7548,109.3301,19.9485
20481,65.999,24.301,6.34,0.173,B3V,196.7886,,278.5515,103.2626,231.9207,114.6323
20483,66.0092,-34.0168,3.97,1.468,K4III,185.524,Beemim,90.8265,30.6096,68.7799,-50.8117
20490,66.024,17.4441,4.8,0.154,A7V,25.633,,49.4805,19.1819,43.1318,14.8331
20500,66.0511,-57.0713,6.28,0.659,G4V+...,2.0549,,27.7008,6.1124,13.7616,-23.2506
20505,66.0603,12.158,6.42,1.408,K0,85.1138,,190.1141,75.4131,169.8619,40.0396
20527,66.1215,34.1308,5.73,-0.054,B8V,83.8687,,137.3626,46.0269,103.9708,77.0719
20539,66.1561,33.9597,5.77,0.4,F4V,7.0729,,40.6174,13.6188,30.8139,22.6893
20562,66.238,19.042,5.97,0.378,F4V,9.1033,,50.5306,19.2466,43.7163,16.4862
20567,66.2723,-61.2382,5.94,1.533,K4/K5III,169.5118,,215.0538,41.6383,94.7302,-188.5221
20578,66.3296,-44.1609,6.38,0.457,F6V,3.3235,,36.8868,10.6238,24.2358,-25.6981
20583,66.3423,22.2939,4.21,0.136,A7IV-V,40.1421,,47.1921,17.5213,39.9949,17.9027
20590,66.3542,22.2,5.27,0.25,A7V,13.9959,,45.3926,16.8565,38.4991,17.1512
20597,66.3724,17.9279,4.3,0.049,A2IV,34.4191,,45.5373,17.3647,39.6942,14.0173
20609,66.4055,15.941,6.44,0.509,F7V,5.1428,,47.1698,18.1542,41.5642,12.9551
20646,66.5056,4.3735,6.37,1.078,K0,117.0577,,217.8649,86.6009,199.2219,16.6137
20652,66.5263,31.4389,5.29,0.986,K1III,40.1791,,77.6398,26.3861,60.76,40.4961
20659,66.5769,22.8136,4.28,0.263,A8Vn,37.5664,,47.1476,17.2758,39.878,18.2807
20661,66.5864,15.6183,4.48,0.262,F0V...,33.8844,,49.0918,18.7871,43.3862,13.2168
20663,66.5879,8.5903,6.06,-0.01,B6IV,128.7064,,198.0198,77.7988,179.6785,29.5777
20680,66.6516,14.7138,4.69,0.979,G8III,188.9731,,127.7139,48.956,113.4104,32.4381
20713,66.7372,-24.0813,6.11,0.143,A3V,29.8676,,97.6562,35.2124,81.9087,-39.8469
20719,66.7529,2.0794,6.23,1.087,K1III,31.1602,,105.3741,41.5635,96.7552,3.8235
20720,66.7536,57.5853,6.28,0.063,A0III,139.7012,,228.3105,48.3034,112.4487,192.7375
20725,66.7621,80.8242,5.42,1.179,G6III:,520.9547,,296.7359,18.6697,43.4802,292.9387
20729,66.7748,-46.9475,6.1,0.47,F8V,3.4706,,33.1345,8.9201,20.7868,-24.2123
20737,66.8227,22.9963,5.53,-0.098,B7V,71.7794,,115.8749,41.9815,98.0574,45.2691
20752,66.8699,11.2123,5.87,0.049,B8IV,126.9404,,180.1802,69.4276,162.5338,35.0351
20774,66.9418,-62.5212,5.74,1.005,K0III,53.064,,109.7695,19.8378,46.6033,-97.3855
20790,67.0032,21.6199,5.72,0.27,Am,9.9632,,47.1254,17.1157,40.3283,17.3632
20796,67.0152,1.8586,6.14,1.018,G9III,27.0645,,94.2507,36.7844,86.7223,3.0568
20804,67.0394,-41.9598,6.41,1.614,M1III,316.5192,,364.9635,105.8693,249.8905,-244.018
20808,67.0554,83.8078,5.51,-0.106,B5V,293.2243,,232.0186,9.7564,23.0465,230.6649
20821,67.0975,14.741,5.9,0.325,F0IV,12.6009,,57.5705,21.667,51.2866,14.6488
20825,67.1099,16.3597,4.96,1.137,K2IIIvar,29.621,,57.241,21.3633,50.5984,16.1229
20832,67.1338,1.3808,5.53,-0.099,B3V,73.6546,,117.3709,45.5947,108.1159,2.8283
20833,67.1437,15.9622,3.84,0.952,G7III,56.8068,,47.3261,17.6737,41.9287,13.0148
20837,67.1541,19.1804,3.53,1.014,K0III,68.1711,Ain,44.964,16.4883,39.1365,14.7727
20840,67.1626,-19.4589,5.95,1.215,K2III,32.4489,,94.518,34.5886,82.1332,-31.4868
20842,67.1656,15.8709,3.4,0.179,A7III,80.8351,Chamukuy,46.1042,17.2096,40.8713,12.6081
20849,67.209,13.0476,5.02,0.215,A7V,20.3986,,48.852,18.4353,43.8751,11.0289
20852,67.2166,30.3615,6.38,0.547,F7V,6.5043,,51.5996,17.2414,41.049,26.0812
20870,67.2789,-13.0484,5.61,-0.202,B2V:ne,1074.4841,,465.1163,175.0109,417.9438,-105.011
20882,67.3336,-46.5153,6.13,1.062,K1III,46.2168,,122.549,32.4991,77.8199,-88.9164
20930,67.5024,83.3404,5.47,0.855,G8III,50.1649,,94.2507,4.1824,10.0985,93.6148
20933,67.5095,10.2622,6.47,1.038,G8III,32.0922,,119.4743,44.9713,108.6216,21.2847
20943,67.5358,15.6378,5.58,0.324,F0V...,10.7251,,45.8295,16.8635,40.7842,12.3536
20945,67.5417,-13.5924,6.22,1.001,K0III,58.4521,,143.6782,53.3494,129.0624,-33.7662
20977,67.6401,16.194,4.78,0.17,A6IV,19.8976,,43.1965,15.7809,38.3636,12.0471
20984,67.6557,13.7244,5.4,0.263,F0V,12.314,,45.208,16.6961,40.6197,10.7257
20986,67.66,32.4578,6.18,-0.026,B9.5Vn,38.9045,,115.0748,36.9073,89.8109,61.7581
20987,67.662,15.6919,5.47,0.258,Am,11.3972,,44.9236,16.4377,40.0038,12.1502
20990,67.668,-35.6535,5.95,1.005,K0II,52.723,,120.4819,37.1987,90.5558,-70.2267
21008,67.7087,-44.9537,5.07,-0.194,B2IV-V,380.8904,,215.9827,57.9768,141.4235,-152.5995
21030,67.78,15.105,6.28,1.725,M3III,75.4397,,167.7852,61.2582,149.9587,43.723
21056,67.8504,40.0102,6.25,0.009,B8V,374.973,,369.0037,106.5592,261.7736,237.2413
21058,67.8577,-13.6442,6.25,0.086,A2/A3V,35.0913,,112.8668,41.3399,101.5927,-26.6244
21085,67.9656,15.8516,6.01,0.338,F4V...,7.0081,,45.1671,16.3006,40.2759,12.3372
21087,67.9694,-0.044,4.91,1.32,K3II-III,383.0011,,201.2072,75.473,186.5158,-0.1546
21091,67.9873,36.7427,6.35,1.089,G5,33.7909,,116.0093,34.8432,86.1849,69.3994
21096,68.0077,53.9108,5.78,0.119,B0III SB,42461956.3946,,100000.0,22058.6463,54618.1289,80810.1239
21100,68.02,5.41,6.37,0.42,F5V,4.6644,,43.4972,16.2077,40.1559,4.101
21139,68.1565,-3.2095,5.76,-0.117,B9III,91.8756,,145.7726,54.153,135.0944,-8.1615
21186,68.342,-10.7853,6.06,1.379,K0,170.2943,,227.7904,82.5844,207.9694,-42.6264
21189,68.3538,43.0639,6.09,0.37,F0V,11.1789,,59.1716,15.9466,40.1817,40.4032
21194,68.3777,72.5286,5.94,0.306,A8m,37.914,,101.7294,11.2544,28.393,97.0363
21195,68.3773,-29.7665,4.49,0.972,K0III,21.1446,,38.956,12.4609,31.4364,-19.3403
21199,68.3877,18.0167,6.24,0.077,B9IVn,50.0726,,134.2282,47.0153,118.6726,41.5161
21200,68.3918,-62.8237,5.79,1.028,K1III,8.5743,,45.1467,7.5934,19.1708,-40.1627
21216,68.4507,9.4136,6.01,1.061,G8III,100.3691,,170.9402,61.941,156.8508,27.9589
21220,68.4621,14.8444,4.65,0.255,A8V,28.3139,,48.5201,17.218,43.6259,12.4306
21225,68.478,-6.7389,5.71,-0.128,B9p Si,291.8771,,253.8071,92.4679,234.4797,-29.783
21228,68.499,-55.045,3.3,-0.079,A0V:,111.4808,,51.7063,10.8578,27.5627,-42.3786
21242,68.5344,5.5686,5.67,0.055,A2Vs,103.7528,,148.5884,54.1181,137.6294,14.4187
21243,68.5485,-8.2314,5.2,1.708,M3III,673.5968,,304.878,110.3496,280.835,-43.6495
21244,68.549,-8.9703,5.24,1.465,K4III,379.4897,,233.1002,84.2032,214.3001,-36.3454
21245,68.5591,-6.8378,6.09,1.384,K2III,154.17,,219.7802,79.7672,203.1153,-26.1669
21270,68.6583,28.9611,5.88,-0.048,B9p...,85.7433,,148.8095,47.3838,121.2723,72.056
21271,68.6589,-24.0405,6.37,1.137,K1III,31.5646,,113.1222,37.5964,96.2258,-46.084
21310,68.7529,-19.9214,6.12,1.174,K2IIICN...,36.6775,,108.6957,37.0332,95.2452,-37.0359
21340,68.8877,-30.5623,3.81,0.957,G8III,112.0986,Theemin,65.5738,20.3382,52.674,-33.3427
21349,68.9136,10.1608,4.25,0.184,A5m,39.8474,,47.8927,16.9604,43.9849,8.4488
21355,68.9273,19.8818,6.33,0.754,G5II-III+..,45.8353,,133.8688,45.2638,117.4709,45.5262
21368,68.9802,16.5093,0.87,1.538,K5III,163.23,Aldebaran,20.4332,7.0271,18.2872,5.8065
21375,69.007,-3.6116,6.34,-0.1,B7III,160.1032,,251.2563,89.8349,234.113,-15.8275
21391,69.0798,-3.3525,3.93,-0.21,B2III SB,1000.0,,207.0393,73.8006,193.06,-12.1073
21399,69.1009,64.2616,5.91,-0.009,A1V,68.8018,,135.1351,20.934,54.8233,121.7278
21406,69.1214,23.3409,6.01,0.38,F5IV,7.7625,,47.5285,15.5525,40.7735,18.8308
21423,69.1726,41.2648,4.25,1.171,G8II comp,1038.4845,,244.4988,65.3445,171.7732,161.2568
21426,69.1902,-62.0772,5.59,1.5,M8e,15.0938,,54.615,9.0861,23.9068,-48.2567
21433,69.2122,-30.7168,6.28,-0.095,Ap...,43.4911,,127.3885,38.8681,102.3869,-65.0694
21462,69.307,0.9983,5.32,-0.107,B7V,442.1809,,261.0966,92.2473,244.2154,4.5491
21464,69.3116,18.543,6.49,0.81,F5Ib,383.354,,416.6667,139.5604,369.5618,132.507
21472,69.3303,-41.8729,6.4,0.167,A3Vs...,33.8221,,118.7648,31.216,82.7429,-79.2732
21494,69.4005,-2.4735,5.22,0.283,F0V,6.1603,,29.4291,10.3445,27.5218,-1.2701
21535,69.5393,16.0333,5.78,0.312,F0V,10.539,,49.8256,16.7397,44.8663,13.7616
21536,69.5394,12.5108,4.27,0.122,A6V,37.8094,,47.081,16.067,43.0634,10.1989
21541,69.5451,-14.304,3.86,1.082,K1III,28.2358,Sceptrum,33.6814,11.4057,30.5794,-8.3216
21551,69.566,20.6847,5.85,-0.019,B8V,40.7005,,101.1122,33.0256,88.642,35.7154
21558,69.5906,-77.656,6.05,1.08,K2III,82.4138,,157.7287,11.7588,31.6026,-154.0823
21591,69.7231,-12.1231,4.99,0.074,A0V,44.7095,,71.3267,24.1675,65.4144,-14.9795
21612,69.7679,-51.6728,6.45,1.321,K2III,105.0026,,214.1328,45.9236,124.6014,-167.9832
21617,69.7756,7.871,5.38,0.257,A5m,14.832,,49.1642,16.8358,45.6984,6.7327
21620,69.7884,15.7998,5.08,0.141,A4m,16.4437,,45.0857,14.9881,40.711,12.2758
21630,69.8187,15.918,4.67,0.147,A5Vn,26.8411,,47.6872,15.8208,43.0432,13.0787
21632,69.8321,-14.3592,5.46,1.054,K0III,20.6253,,60.1323,20.0843,54.682,-14.9128
21636,69.8465,25.2183,6.21,0.176,A5Vn,32.2701,,106.2699,33.1243,90.255,45.2782
21665,69.9468,-1.0525,6.11,0.943,K0,151.3561,,219.7802,75.3484,206.4211,-4.0369
21674,69.9779,53.0795,5.07,1.079,K0III SB,137.0251,,129.5337,26.6414,73.1087,103.5583
21677,69.9919,53.473,5.36,0.331,A8V,12.3595,,44.4642,9.0551,24.8678,35.7304
21682,70.0142,12.1976,5.45,-0.121,B8IV,93.8426,,127.7139,42.6655,117.3131,26.9839
21690,70.0284,-24.4824,5.56,0.926,G6/G8III,59.9791,,107.4114,33.3883,91.8752,-44.5127
21710,70.1105,-19.6715,4.32,1.599,M3/M4III,207.9697,,112.9944,36.1981,100.0531,-38.0369
21717,70.1406,-41.8638,4.44,0.342,F2V,5.932,,20.1654,5.1018,14.1247,-13.4576
21766,70.3323,28.615,5.73,0.018,A2V,60.8135,,116.9591,34.5562,96.6835,56.0142
21770,70.3505,48.3009,5.66,0.002,A0V,39.1922,,90.9091,20.3355,56.9529,67.8771
21794,70.4592,38.2802,5.97,0.593,G0V,3.6208,,31.8674,8.3672,23.5748,19.7421
21808,70.5145,-37.1443,5.04,0.391,F3V,6.8992,,28.6697,7.6231,21.5442,-17.3115
21828,70.5613,22.9569,4.27,-0.112,B3V,254.4486,,122.1001,37.4164,106.0208,47.6238
21861,70.6935,-50.4813,5.3,0.977,K0/K1III,87.0964,,114.8106,24.1544,68.9489,-88.5669
21875,70.7263,43.3651,5.3,0.028,A1Vn,36.141,,73.9645,17.749,50.7579,50.7874
21896,70.7665,-70.931,5.53,-0.114,B9IV,121.2272,,150.6024,16.2083,46.4564,-142.3382
21905,70.7887,-30.7656,5.66,1.391,K3III,183.8231,,196.8504,55.6583,159.7276,-100.6942
21908,70.8073,24.0889,6.18,0.544,F7IV-V,6.8423,,48.2625,14.4844,41.6106,19.6985
21919,70.84,49.9738,5.86,0.013,B9III,173.3006,,209.6436,44.2522,127.3609,160.5347
21933,70.8948,-8.7943,5.98,0.645,F4IIIp (Sr),1509.3849,,653.5948,211.4093,610.3335,-99.9267
21945,70.9345,-41.0648,6.24,1.468,K3/K4III,142.9552,,226.7574,55.8465,161.5893,-148.9597
21950,70.951,32.8655,6.49,0.311,A8V,8.002,,60.2047,16.5044,47.7996,32.6712
21971,71.0222,-8.5036,5.78,-0.076,B2Ve,42461956.3946,,100000.0,32162.7291,93524.865,-14787.1052
21975,71.0332,-18.6666,5.53,0.025,A1V,47.0327,,93.8086,28.8858,84.0488,-30.0244
21981,71.0542,40.7865,6.09,0.04,B8IVn,112.3052,,187.6173,46.1212,134.3587,122.5594
21987,71.0881,-59.7327,5.28,0.206,A8/A9III/IV,30.2273,,67.0241,10.9494,31.9588,-57.8876
21991,71.1076,11.1461,5.39,0.251,F0V,12.7761,,45.8295,14.5593,42.5427,8.8594
22028,71.2413,-63.2297,6.46,1.077,K0/K1III,50.2574,,148.8095,21.5544,63.4656,-132.86
22033,71.2673,-21.2834,5.72,1.476,K4III,213.9932,,218.3406,65.3382,192.6718,-79.2535
22056,71.3756,-3.2547,4.01,-0.148,B5IV,555.1368,,160.0,51.0156,151.3767,-9.0838
22075,71.4269,23.628,6.34,0.058,B5III,112.4087,,210.5263,61.434,182.8319,84.3783
22091,71.4811,-39.3566,6.04,1.065,K1III,31.6228,,97.2763,23.8897,71.3207,-61.6873
22100,71.5018,76.611,6.46,0.512,F7V,2.3703,,32.3206,2.3745,7.0975,31.4421
22104,71.5072,11.7056,5.35,0.197,Am...,32.8398,,72.1501,22.409,67.0015,14.638
22123,71.5701,18.7347,5.99,1.221,K4III,22.5113,,80.1925,24.0091,72.0485,25.7567
22136,71.6007,-2.9545,6.33,0.041,A2V,25.142,,99.108,31.2406,93.9166,-5.1084
22139,71.6073,-28.0874,6.18,0.189,A2IV/V,9.2726,,56.1798,15.6387,47.0316,-26.4505
22167,71.6853,40.3126,5.99,0.934,G9III,61.7163,,132.8021,31.8211,96.1355,85.9173
22210,71.9012,-16.9345,5.49,0.632,G3V,0.9772,,13.2767,3.9457,12.0726,-3.8672
22227,71.9566,-30.0204,6.35,1.071,K0III,43.6114,,131.7523,35.3341,108.4673,-65.9167
22234,72.001,56.7572,5.29,0.246,A3m,18.5695,,52.7704,8.9388,27.5124,44.1348
22247,72.0291,55.6026,6.32,0.32,F0,7.0795,,52.356,9.1256,28.1345,43.201
22272,72.1356,-16.3295,5.76,0.537,F8V,7.5301,,41.7188,12.2817,38.1056,-11.7297
22283,72.1516,-5.674,5.77,0.631,F8V,2.9923,,26.4201,8.0581,25.0253,-2.6121
22301,72.1859,3.5885,6.04,1.2,K1III,148.1836,,210.5263,64.2798,200.0395,13.177
22308,72.2095,75.9412,5.96,0.283,A9IV,7.9653,,47.0588,3.4927,10.8847,45.6492
22340,72.3035,31.4374,5.57,1.132,K2III,22.3254,,65.8328,17.074,53.5113,34.3362
22354,72.3295,32.5882,5.84,0.25,A8m,28.1838,,83.7521,21.4199,67.237,45.1086
22386,72.426,-13.7697,6.27,0.456,F3/F5V,3.0903,,33.8066,9.9141,31.3025,-8.0466
22388,72.4337,15.9042,6.09,1.551,K3III,354.4867,,333.3333,96.7522,305.6248,91.3433
22396,72.46,6.9613,3.19,0.484,F6V,3.0033,Tabit,8.0684,2.4137,7.6366,0.9779
22400,72.4777,37.4883,4.89,1.447,K4II,229.5091,,154.321,36.867,116.7686,93.9196
22426,72.5484,-16.2172,5.03,0.992,K0III,44.2996,,72.3066,20.8219,66.2337,-20.1937
22435,72.5674,-41.3208,6.06,0.408,F1III-IV,9.0615,,52.5486,11.8231,37.6526,-34.6965
22455,72.6516,70.9415,6.36,-0.069,A0IV,106.6596,,207.0393,20.1586,64.5297,195.6906
22456,72.653,8.9002,4.35,0.01,A1Vn,75.0931,,68.8231,20.2731,64.9018,10.6479
22478,72.7306,-53.4615,5.58,0.341,F0IV...,8.8227,,41.5628,7.3459,23.6294,-33.3939
22481,72.7355,-53.4597,6.42,0.483,F0IV,3.4962,,38.5356,6.8093,21.9099,-30.961
22492,72.7889,48.7407,5.64,1.013,G9III,45.6247,,97.1817,18.9633,61.2184,73.0547
22496,72.8015,5.6051,3.68,-0.157,B2III SB,3056.3283,,322.5806,94.9255,306.6834,31.5069
22512,72.8436,18.8399,5.08,0.214,A7IV-V,21.2618,,51.2558,14.3095,46.3512,16.5517
22520,72.8676,-34.9063,5.82,0.105,A2/A3V,27.6439,,82.1693,19.8507,64.396,-47.0202
22544,72.9308,9.9751,6.11,0.06,B5V,109.446,,186.9159,54.0355,175.9813,32.3775
22554,72.9583,13.6552,6.3,0.502,F5,4.3611,,40.7166,11.5954,37.8284,9.6123
22573,73.0216,63.5054,5.47,1.559,M2III,132.0687,,152.9052,19.9189,65.24,136.8466
22614,73.1332,14.2506,4.71,1.773,M3Sv,453.3149,,199.6008,56.1317,185.1365,49.1346
22626,73.1583,36.7032,4.79,1.414,K3III,359.7493,,184.5018,42.8576,141.5783,110.2711
22644,73.1963,27.8975,5.97,0.368,F2IV,40.3274,,106.383,27.1805,90.0053,49.7757
22646,73.199,42.5866,5.68,0.115,A3III,89.7842,,138.8889,29.5574,97.8927,93.9867
22648,73.2236,-5.4527,4.36,0.257,A9IV,81.508,,72.0461,20.7011,68.6676,-6.8461
22664,73.2738,-72.4077,6.28,0.521,F8V,2.821,,32.4465,2.8224,9.3918,-30.929
22667,73.2908,52.8412,6.4,0.068,A2V,45.2481,,137.3626,23.8553,79.4674,109.473
22677,73.3449,2.5082,5.33,1.632,M1III,210.8628,,181.1594,51.8724,173.393,7.928
22684,73.377,-66.6754,6.43,1.64,M0/M1III,313.0401,,366.3004,41.4899,138.9716,-336.3651
22730,73.5125,66.3427,4.26,-0.008,O9.5Ia SB:,172186857.4986,,100000.0,11388.1383,38476.6324,91596.1739
22744,73.5629,2.4407,3.71,-0.179,B2III SB,4839.4945,,411.5226,116.3399,394.346,17.5246
22780,73.6954,11.426,5.18,0.121,A3V,36.141,,69.979,19.2568,65.8335,13.863
22781,73.6991,7.7791,5.33,1.214,K1III,140.2168,,147.7105,41.0781,140.468,19.9932
22787,73.7113,0.4672,5.98,-0.116,B5V,174.4215,,222.2222,62.3263,213.2952,1.8119
22789,73.7135,44.0609,6.06,-0.032,A0V,29.9778,,95.6023,19.2663,65.9431,66.484
22791,73.7208,-58.5477,6.11,0.442,F3V,2.8973,,30.4044,4.4472,15.2286,-25.9372
22792,73.7239,10.1508,4.64,0.085,A0V,15.4312,,35.6633,9.8388,33.6981,6.2853
22794,73.7284,-39.6286,6.11,1.423,K3III,446.2724,,377.3585,81.4346,278.9978,-240.6825
22797,73.7432,19.4854,6.36,0.292,F3IV,10.3086,,64.3501,16.9826,58.239,21.465
22801,73.7631,55.2591,5.52,0.015,B9.5V,194.9845,,190.1141,30.2929,104.0183,156.2239
22808,73.7784,-16.7407,5.71,0.953,G8/K0III,95.4113,,145.1379,38.8263,133.4534,-41.8056
22818,73.7965,-74.9369,5.47,1.518,K6III,237.2466,,204.918,14.8608,51.1393,-197.877
22828,73.8277,-16.4178,5.71,0.874,G6/G8III,32.961,,85.3242,22.7961,78.6065,-24.1159
22860,73.959,15.0403,5.79,-0.085,B9V,52.2878,,111.4827,29.7502,103.4717,28.9295
22883,74.0295,52.8698,5.75,0.105,A2Vs,73.4514,,129.7017,21.5414,75.2699,103.4067
22885,74.0374,7.9047,6.42,0.415,F5,8.4567,,59.9161,16.321,57.0585,8.24
22896,74.0649,24.5922,6.33,0.351,F0,4.6644,,42.6985,10.6594,37.3335,17.7693
22902,74.0837,36.1685,6.1,0.352,B2Ib,31622776.6017,,100000.0,22138.397,77633.5894,59016.245
22904,74.0928,13.5145,4.06,1.158,K2III,67.2977,,57.0125,15.1933,53.3111,13.3233
22905,74.1008,-5.1714,5.5,-0.123,B6V,283.9226,,227.2727,62.007,217.6887,-20.4852
22961,74.2484,33.1661,2.69,1.49,K3IIvar,1673.4009,Hassaleh,151.2859,34.3785,121.884,82.7637
22986,74.3216,-1.0673,6.25,0.423,F2,19.6065,,84.3882,22.8009,81.2343,-1.5718
22987,74.3217,53.7521,4.43,-0.017,A1V,191.4256,,114.0251,18.2195,64.9123,91.9574
22989,74.3431,17.1537,5.51,1.304,K1III,116.4126,,146.1988,37.7005,134.5121,43.1192
23006,74.4362,-14.2319,6.15,-0.202,B2V,524.3243,,416.6667,108.3653,389.0692,-102.4364
23014,74.4527,23.9486,5.79,1.109,G8III:,82.0352,,139.6648,34.2121,122.9706,56.6922
23034,74.5391,25.0504,5.79,0.018,A0V,31.9742,,87.184,21.0553,76.1249,36.915
23038,74.5455,-2.2127,6.34,0.11,A2V,45.0817,,133.3333,35.5033,128.4164,-5.148
23069,74.6371,1.714,4.47,1.369,K2IIvar,1192.3397,,289.8551,76.7575,279.3727,8.6698
23094,74.7124,-82.4705,5.84,0.932,G8III,51.428,,113.1222,3.9083,14.2986,-112.1468
23107,74.7476,14.5432,6.14,0.156,B7V,372.5632,,349.6503,89.0361,326.5255,87.8009
23112,74.7557,-16.376,5.65,0.447,F5V,7.8415,,40.4694,10.2092,37.4614,-11.4099
23125,74.8142,37.8902,4.93,0.037,A1V,25.3746,,52.2739,10.8065,39.8134,32.1041
23162,74.9431,53.1555,6.09,1.462,K4III,99.2659,,176.3668,27.4736,102.1268,141.1402
23167,74.9602,-10.2633,5.39,0.797,G4V,17.7174,,53.9665,13.7797,51.284,-9.6153
23177,74.9822,-12.5374,4.78,0.267,F0V,84.4112,,88.968,22.5035,83.8803,-19.3129
23197,75.0553,-78.3,6.29,1.517,K5/M0III,199.3425,,273.9726,14.3277,53.6789,-268.2802
23207,75.0764,39.3947,5.95,0.415,F5V,12.9539,,59.7372,11.8887,44.6073,37.9128
23211,75.0863,81.1941,5.09,1.304,K3III,111.1732,,117.7856,4.6407,17.4241,116.3972
23214,75.0967,39.6547,6.46,1.677,K4Iab:,257.2764,,336.7003,66.6701,250.5072,214.8682
23242,75.1659,-2.066,6.31,0.293,A8IV,6.415,,49.6032,12.6912,47.9188,-1.7883
23256,75.2042,-5.7537,6.22,1.049,K3V,0.2148,,8.7078,2.2126,8.3767,-0.873
23307,75.3566,-20.0519,4.91,-0.047,B9V,34.8337,,60.6796,14.4101,55.1498,-20.8053
23309,75.3598,-7.174,4.8,-0.164,B3V,538.5177,,226.7574,56.864,217.6775,-28.318
23322,75.3939,-39.718,6.02,0.893,G8III,42.5794,,111.8568,21.697,83.2594,-71.4776
23325,75.4001,61.078,6.03,0.448,F4V,4.2737,,35.5999,4.3398,16.6608,31.1598
23353,75.4598,0.7221,5.91,1.267,K0,79.3597,,145.1379,36.4353,140.4782,1.8292
23361,75.4922,43.8233,3.03,0.537,F0Ia,22845.4649,Almaaz,653.5948,118.1298,456.5185,452.573
23364,75.5001,1.6089,6.45,-0.05,B8V,80.3156,,187.2659,46.8688,181.2296,5.2577
23375,75.5409,-26.275,5.01,1.056,K1III,44.0961,,71.4796,16.0036,62.0642,-31.6426
23387,75.5825,74.2694,6.05,1.562,K5III,144.278,,208.7683,14.0927,54.8177,200.9493
23391,75.595,-31.7713,5.92,1.17,K2III,34.0408,,95.511,20.2003,78.6465,-50.2895
23398,75.6195,41.0758,3.69,1.154,K4II comp,1690.4409,Saclateni,240.9639,45.1142,175.9569,158.3271
23412,75.6792,-71.3143,5.3,0.996,G8III,391.201,,243.309,19.2811,75.5283,-230.4842
23419,75.6874,-22.7951,5.74,1.188,K1IV,90.6985,,143.472,32.6978,128.161,-55.5862
23420,75.6891,-4.2101,5.86,1.212,K3,33.3273,,91.9118,22.6577,88.8194,-6.7476
23428,75.7029,-49.1514,5.37,0.421,F2V,4.2111,,26.0756,4.2117,16.5268,-19.7246
23429,75.7099,66.823,6.2,0.509,F6V:,2.2223,,27.7624,2.697,10.5885,25.5218
23442,75.7739,21.59,4.62,0.155,A7V,34.6737,,52.9661,12.1031,47.7397,19.4895
23456,75.8277,41.4416,6.11,0.188,A2sh,1165.1987,,609.7561,111.914,443.1794,403.5713
23467,75.8545,60.4422,4.03,0.921,G0Ib,1521.9487,,267.3797,32.2339,127.8992,232.5826
23496,75.9672,-14.3702,6.42,-0.187,B2IV,759.9762,,568.1818,133.4608,533.9789,-141.0151
23499,75.972,-24.3882,5.61,0.094,A2IV,16.8112,,58.1734,12.8428,51.4024,-24.0207
23500,75.9748,-41.745,6.3,0.528,F8V,2.6497,,31.746,5.7403,22.9801,-21.137
23527,76.0532,73.7639,6.21,1.609,K0,642.0961,,473.9336,31.9376,128.6037,455.032
23528,76.0607,30.4946,6.14,1.208,K0II-III,99.6323,,180.8318,37.5358,151.23,91.7644
23534,76.0899,21.2779,6.2,1.324,K0,63.6796,,148.5884,33.2854,134.3989,53.9216
23540,76.1016,-35.483,4.55,1.177,K2III,40.738,,55.5864,10.8723,43.9382,-32.2657
23541,76.109,-35.7051,6.32,0.311,F2IV/V,24.9574,,98.3284,19.1691,77.5106,-57.3858
23552,76.1423,15.4041,4.65,-0.064,A0p Si,150.7995,,111.9821,25.8575,104.817,29.7453
23562,76.1652,74.067,6.1,0.018,A1V,92.7257,,171.2329,11.2401,45.6421,164.6547
23588,76.2272,-3.0397,6.04,-0.117,B5IV,426.1868,,357.1429,84.9063,346.3861,-18.9384
23594,76.2416,-49.5778,5.05,1.484,M2IIIvar,154.0281,,136.0544,20.9811,85.6884,-103.5765
23598,76.2525,-54.4074,6.26,1.554,M2III,174.9041,,253.1646,35.0158,143.1252,-205.8674
23613,76.3175,-26.1524,5.71,1.166,K2III,26.3027,,76.2195,16.1834,66.475,-33.5945
23625,76.3488,1.1776,6.1,3.332,N5,450.4017,,377.3585,89.0417,366.6209,7.7555
23630,76.3653,-22.371,3.19,1.46,K4III,197.3331,,65.4022,14.257,58.7755,-24.8923
23638,76.3778,-57.4727,4.71,0.526,F7V,1.5431,,11.6455,1.4748,6.0857,-9.8187
23640,76.3837,19.8067,6.48,0.219,A5m,42.2669,,137.741,30.5083,125.9501,46.6733
23669,76.5038,35.9364,6.49,0.184,A5V,24.615,,105.5966,19.9536,83.1373,61.9732
23679,76.5352,58.9724,5.22,-0.08,B2.5Ve,313.9063,,210.084,25.2146,105.3116,180.0249
23682,76.5386,-73.0377,6.26,0.01,A0V,49.705,,134.9528,9.1653,38.2899,-129.0819
23688,76.5506,59.0213,6.08,1.112,K0III,154.17,,218.8184,26.1962,109.5411,187.6059
23709,76.6237,61.1698,6.0,1.38,K5II,71.7794,,143.8849,16.0516,67.5014,126.0507
23712,76.6287,41.2345,3.18,-0.148,B3V,259.1791,Haedus,74.6269,12.9785,54.5995,49.1897
23722,76.6531,-13.1226,6.04,-0.03,B9.5/A0IV,43.1718,,113.6364,25.5475,107.6798,-25.7995
23728,76.6693,51.5977,4.98,0.343,F0V,6.132,,26.2881,3.7651,15.8896,20.6012
23739,76.6902,-4.6552,5.12,-0.059,B9.5V,69.952,,94.697,21.7288,91.8494,-7.6855
23744,76.7065,43.1747,6.2,0.444,F2IIp...,163.531,,238.0952,39.9257,168.9833,162.9107
23763,76.7906,-19.3919,6.47,0.648,G2V,3.3205,,38.432,8.2839,35.2926,-12.7605
23776,76.854,-12.4913,5.97,0.606,G2V,4.7995,,36.6972,8.1486,34.8896,-7.9373
23780,76.8625,18.6451,4.91,0.657,G4V,2.2532,,15.4345,3.324,14.2417,4.9345
23785,76.8917,-63.3997,5.19,1.646,M3III,219.5837,,173.3102,17.5995,75.58,-154.9656
23797,76.9096,9.4718,6.15,0.625,G1IV,2.3121,,27.6702,6.1815,26.5837,4.5535
23816,76.9517,20.4184,5.28,0.118,A5V,22.7196,,58.1058,12.2945,53.049,20.2715
23819,76.9575,-12.5927,6.33,1.617,M1III,169.0441,,257.0694,56.6181,244.4134,-56.0458
23820,76.9624,-5.0864,2.78,0.161,A3IIIvar,50.5359,Cursa,27.3973,6.1562,26.586,-2.429
23824,76.9704,8.4984,5.33,0.338,Am,26.8658,,64.6412,14.4136,62.2854,9.5528
23828,76.981,21.7048,5.84,0.168,B2Ve,440.5549,,331.1258,69.3055,299.7414,122.4586
23845,77.0276,24.2652,5.5,0.03,B2V...,1156.6448,,458.7156,93.8759,407.5166,188.5139
23853,77.0552,-15.0954,6.38,0.889,K1III + F/G,106.4633,,208.7683,45.1528,196.442,-54.3687
23861,77.0841,-8.6653,5.8,-0.059,B8V,181.6352,,208.7683,46.1313,201.1636,-31.4536
23886,77.1821,-4.4562,5.11,0.455,F2V,5.1004,,25.4582,5.6309,24.7487,-1.978
23917,77.2866,-8.7541,4.25,-0.187,B2IVn,1075.4742,,248.7562,54.1071,239.8307,-37.8591
23928,77.3318,9.8296,5.43,0.249,A2m,17.5388,,54.7046,11.8208,52.5894,9.3391
23949,77.4027,69.6394,6.43,1.101,K1III,33.9469,Mago,120.6273,9.1534,40.9592,113.0907
23955,77.4248,15.5972,4.81,0.313,F2IV,282.6181,,165.0165,34.6045,155.1271,44.3685
23962,77.4355,64.9195,6.37,0.448,F3V:,3.912,,39.8248,3.6724,16.4771,36.0698
23964,77.4379,28.0305,5.93,0.311,A5m,10.2329,,52.6039,10.0992,45.3218,24.7207
23986,77.5136,-0.5653,6.11,1.098,K0III,31.1315,,99.7009,21.5551,97.338,-0.9837
24015,77.5784,37.3019,6.02,0.72,B2II: comp,802.4168,,485.4369,83.0609,377.1035,294.1816
24052,77.6788,46.9621,5.67,0.452,F5V,11.1378,,48.6855,7.0904,32.4617,35.5843
24057,77.6858,-25.9105,6.4,1.246,K1III/IV,129.1814,,232.0186,44.5091,203.8941,-101.3843
24072,77.7418,-2.2541,6.24,0.984,G8III,6.087,,46.7946,9.9276,45.6923,-1.8405
24105,77.8299,-2.4908,5.89,0.462,F5V,5.43,,37.6223,7.9238,36.742,-1.635
24112,77.8453,-11.8491,5.6,1.35,M6.2III,111.2756,,149.0313,30.7102,142.586,-30.6013
24136,77.9096,29.9036,6.42,1.752,M2III,243.4445,,321.5434,58.3822,272.5522,160.3029
24140,77.9232,16.0457,5.18,1.525,K5III,81.7335,,105.2632,21.1655,98.9234,29.0951
24146,77.939,1.037,5.88,0.662,F5,147.7747,,195.3125,40.8046,190.9698,3.5349
24187,78.0746,-11.8692,4.45,-0.099,B8V,73.0466,,71.0732,14.3724,68.0525,-14.6182
24197,78.0936,73.9467,5.44,-0.108,B9p Si,77.983,,115.8749,6.6109,31.3537,111.3563
24237,78.2005,-6.0572,5.9,0.96,G7III,78.7046,,143.8849,29.2583,140.0582,-15.1829
24249,78.2329,-16.2055,3.29,-0.11,B9IV: HgMn,136.7729,,57.0125,11.1648,53.5967,-15.9112
24256,78.2618,61.85,6.17,0.032,A2III,51.4754,,131.7523,12.6455,60.8583,116.1681
24270,78.3078,-12.9413,4.36,-0.094,B7V,782.7084,,223.2143,44.0862,213.0307,-49.9894
24274,78.3228,2.8613,4.46,1.166,K3III...,164.8922,,107.2961,21.6893,104.9445,5.356
24275,78.3228,37.3373,6.48,0.542,F8,1.5205,,26.1165,4.2027,20.3349,15.8398
24283,78.3572,38.4845,4.82,0.189,A4m,22.6152,,46.9043,7.4096,35.9602,29.1887
24291,78.3803,62.6911,6.49,0.204,A7Vn,13.8803,,79.3021,7.328,35.6372,70.4636
24292,78.3815,1.9677,6.08,0.421,A5V,145.2112,,212.3142,42.7337,207.8413,7.29
24314,78.4393,-67.1853,4.81,1.274,K2III,235.2881,,150.6024,11.703,57.2118,-138.8198
24319,78.4469,0.5604,6.33,1.463,M0V,242.326,,307.6923,61.6205,301.4439,3.0096
24326,78.4722,-52.0308,6.03,1.392,K3III,120.5591,,189.0359,23.2422,113.9561,-149.0248
24336,78.4998,-14.6069,6.22,0.377,A9II/III,16.6725,,76.746,14.8064,72.7745,-19.3542
24368,78.6202,-35.977,5.75,1.009,G8III,101.3911,,152.439,24.3407,120.9365,-89.5519
24378,78.6345,-8.2016,0.18,-0.03,B8Ia,51665.4243,Rigel,264.5503,51.6011,256.7097,-37.74
24382,78.6481,76.4728,6.36,-0.011,A0V,43.7724,,132.626,6.1063,30.4153,128.9468
24392,78.6835,5.1562,5.5,1.369,K4III,122.0113,,149.0313,29.1258,145.5425,13.3935
24393,78.6845,53.2139,6.16,0.084,A0V,29922646.3661,,100000.0,11749.7375,58718.8304,80087.7183
24421,78.7975,59.4057,6.15,1.179,K2III-IV,35.9087,,109.0513,10.7829,54.4448,93.8705
24435,78.8271,-1.409,6.15,0.401,F0IV,6.6435,,46.9043,9.0859,46.0014,-1.1534
24446,78.8516,-26.9435,5.06,-0.067,B9V,59.9239,,85.2515,14.6943,74.5637,-38.6285
24448,78.8517,32.6876,5.01,0.222,A9IV,66.1912,,87.5657,14.2494,72.307,47.2906
24449,78.8536,-73.5885,6.49,0.15,A6V,27.441,,111.4827,6.089,30.9035,-106.9406
24454,78.8652,22.2849,6.26,0.075,A2V,125.6609,,214.5923,38.3462,194.8265,81.3759
24462,78.9117,-52.1822,6.48,1.213,K2III,120.5591,,232.5581,27.4238,139.9317,-183.7126
24496,79.0172,11.3414,5.52,-0.012,A0V,99.6323,,135.8696,25.3796,130.7765,26.7193
24501,79.044,-11.3526,6.45,0.67,G0,119.4538,,228.3105,42.5426,219.7636,-44.9419
24516,79.0756,34.3123,5.99,0.199,O9.5Vvar,1155.58,,574.7126,89.9618,466.097,323.9676
24548,79.171,1.9473,6.42,-0.015,A0V,65.4034,,166.6667,31.295,163.6042,5.6635
24549,79.1723,45.998,0.08,0.795,M1: comp,139.3157,Capella,13.1234,1.7126,8.9543,9.4399
24599,79.3712,-34.8952,4.81,0.987,K0/K1III/IV,10.9245,,32.4465,4.9086,26.156,-18.5619
24614,79.4016,-6.8444,3.59,-0.115,B5III,732.4871,,151.5152,27.6686,147.8691,-18.0566
24619,79.4177,-13.5198,5.48,0.932,G8IV,13.4524,,49.0196,8.7529,46.8506,-11.4599
24667,79.544,33.3716,4.54,1.252,K3III...,67.4839,,71.2251,10.7947,58.4938,39.1786
24672,79.5552,73.2681,5.81,-0.023,A0V,51.0975,,111.2347,5.8055,31.4932,106.5253
24678,79.5654,42.7921,5.55,1.492,M4III,156.603,,172.7116,22.9543,124.6438,117.3299
24680,79.5787,33.7673,6.15,-0.043,B9.5V,45.0402,,122.1001,18.3601,99.8276,67.8659
24711,79.668,40.4651,6.22,1.386,K0,141.6446,,223.7136,30.5259,167.4418,145.1868
24726,79.7103,-18.1301,5.96,0.572,G0V,2.2532,,25.025,4.2482,23.4001,-7.7872
24739,79.7501,33.7484,5.38,-0.167,A0p...,98.6279,,126.7427,18.7523,103.7028,70.4115
24753,79.7849,40.0991,4.69,0.63,G0V,1.8484,,12.631,1.7135,9.5087,8.1358
24757,79.7967,2.5958,5.34,0.412,F5IIvar,24.4343,,61.9579,10.964,60.9155,2.8061
24760,79.8112,20.1346,6.12,1.02,G8III+...,44.9573,,120.3369,19.9857,111.201,41.4232
24762,79.8192,22.0965,4.96,0.937,G8III,51.9517,,75.815,12.4165,69.1405,28.5191
24765,79.8226,-18.5199,6.37,-0.134,B5IV/V,170.7654,,263.1579,44.0908,245.6036,-83.588
24769,79.8422,-50.606,5.44,0.517,F7III-IV,7.4063,,35.7143,3.9974,22.3108,-27.6
24771,79.8487,-27.3689,5.98,-0.022,A0V,63.4454,,134.0483,20.9812,117.1801,-61.6244
24772,79.8489,33.9854,6.49,0.256,A7V,10.3848,,68.5871,10.0232,55.9808,38.3389
24776,79.8661,58.1174,6.13,-0.031,B5V,178.6488,,240.9639,22.3936,125.287,204.6101
24785,79.8939,-13.1768,4.29,-0.235,B0.5IV,1141.8262,,261.0966,44.609,250.2779,-59.5186
24787,79.897,-1.4119,6.33,-0.105,B1.5Vn,123.0269,,219.2982,38.4572,215.8322,-5.4034
24813,79.9959,-12.3156,5.29,-0.104,B7/B8V,69.6947,,102.2495,17.3538,98.3776,-21.8094
24819,80.0038,33.9581,5.05,0.287,A5IIvar,3375.981,,636.9427,91.7053,520.29,355.7872
24821,80.0097,44.4254,6.49,1.331,K0,135.2695,,247.5248,30.667,174.0926,173.2624
24842,80.0611,41.0862,5.46,0.122,A3V,41.1529,,84.9618,11.0527,63.0765,55.8364
24848,80.0863,-34.6989,6.34,0.318,F0/F2IV,65.3431,,160.5136,22.7201,129.9966,-91.3745
24853,80.0942,62.6537,5.64,1.728,K4Iab:,1910.733,,628.9308,49.7008,284.6032,558.6455
24864,80.11,-5.3675,6.4,-0.047,B8III,190.3707,,281.6901,48.17,276.2872,-26.3504
24866,80.1122,-21.2398,4.7,-0.048,A0V,186.7239,,127.551,20.4152,117.1208,-46.2081
24894,80.1695,66.7469,6.39,0.921,G5,33.8221,,118.2033,7.9674,45.9808,108.6016
24899,80.1823,2.5448,6.43,1.041,G8IV,48.4395,,144.0922,24.5454,141.842,6.3977
24916,80.2359,19.8143,6.2,1.229,K0III,82.0352,,168.6341,26.9058,156.3521,57.1625
24923,80.2472,27.9573,6.35,0.039,B9IV,69.3107,,166.113,24.8552,144.6067,77.8759
24940,80.3029,29.5699,5.66,0.06,A1Vs,37.222,,88.574,12.9762,75.9369,43.7099
24946,80.3203,-34.3451,6.05,-0.176,B5II/III,642.6877,,440.5286,61.157,358.5463,-248.5354
24950,80.3304,4.0119,6.49,-0.089,B5Vp,174.2609,,280.8989,47.0657,276.2296,19.653
24967,80.3827,-0.4165,5.68,-0.125,B3V,440.9608,,307.6923,51.4038,303.3598,-2.2366
24980,80.4315,8.4286,5.78,-0.114,B1V...,809.8414,,436.6812,71.8041,425.9551,64.007
24983,80.4406,-0.3825,4.72,-0.168,B2IV-V,914.5343,,284.9003,47.3122,280.9379,-1.9018
24984,80.4427,-24.773,5.06,0.662,A2/A3,95.9401,,107.8749,16.2626,96.5882,-45.2022
24987,80.4517,41.8046,5.22,-0.129,B5V,187.4131,,162.3377,20.073,119.3338,108.213
24997,80.4805,-17.6036,6.47,1.206,K0III,41.8408,,136.4256,21.506,128.2463,-41.2592
25036,80.5923,-56.1344,6.1,-0.091,B8/B9V,119.6741,,194.5525,17.7212,106.9556,-161.5461
25047,80.6405,79.2311,5.08,0.506,F6V,3.5286,,20.8855,0.6346,3.8504,20.5177
25079,80.7083,3.5445,4.99,-0.096,B1V,1993.4255,,476.1905,76.7387,469.0436,29.4395
25080,80.7097,41.0293,5.54,0.127,A3V,42.6187,,89.6861,10.9224,66.7694,58.8739
25117,80.8,-26.7054,6.49,0.505,F6V,5.5157,,49.975,7.1378,44.0698,-22.459
25124,80.8271,-8.4156,5.99,-0.037,B8+...,52.6744,,122.6994,19.3494,119.826,-17.9573
25129,80.8453,28.9368,6.45,-0.04,B9Vs,60.5899,,162.6016,22.6403,140.4889,78.6738
25131,80.8501,-39.6784,5.73,1.626,M2III,176.36,,199.2032,24.3798,151.3639,-127.1869
25134,80.866,57.5444,5.24,-0.011,A0Vn,74.1993,,103.0928,8.7824,54.6228,86.9905
25139,80.8756,-13.9274,5.25,-0.219,B2IV,1765.2247,,505.0505,77.7352,484.0001,-121.5613
25142,80.8794,5.3231,6.34,0.123,A2V,18.2138,,84.7458,13.3753,83.3135,7.862
25153,80.9071,16.6993,6.09,0.141,A2IV,49.7508,,124.8439,18.8977,118.076,35.8737
25160,80.9263,-0.1598,5.69,-0.208,B1.5V,333.2729,,268.8172,42.3936,265.4523,-0.7498
25177,80.9639,-0.8666,6.13,0.483,F7V,9.5499,,55.7103,8.7487,55.0126,-0.8426
25184,80.9868,-7.8081,4.13,0.943,G8III,45.1648,,48.2393,7.4872,47.2019,-6.5536
25215,81.1061,17.3835,5.0,0.544,F8V SB,1.803,,14.3864,2.1226,13.5642,4.2982
25217,81.1187,-16.9758,5.64,-0.001,A0V,22.5113,,68.2594,10.0792,64.5025,-19.9295
25218,81.1192,-2.3971,3.35,-0.24,B1V + B2,3567.7959,,299.4012,46.1807,295.553,-12.5227
25219,81.1205,-0.8913,5.07,0.961,K0III,26.7178,,57.2082,8.8295,56.5157,-0.8899
25225,81.1504,2.3532,6.33,-0.145,B4IVn,548.5295,,462.963,71.1626,457.066,19.0088
25227,81.1601,31.2239,6.3,1.251,K1III...,96.917,,191.9386,25.2234,162.1862,99.4979
25228,81.1605,31.1431,5.94,0.034,B9III,163.8325,,211.4165,27.8056,178.7975,109.34
25229,81.1631,37.3853,5.02,1.445,K4III,175.5497,,143.2665,17.4876,112.484,86.9875
25238,81.1867,36.1999,6.49,1.645,K2,138.6756,,250.6266,30.9872,199.8579,148.0213
25239,81.1868,1.8464,4.89,-0.2,B1V:pe,977.2372,,318.4713,48.7689,314.5477,10.2615
25240,81.1929,-52.3162,6.26,0.067,A0V,67.4839,,157.2327,14.7163,94.9835,-124.4335
25254,81.2316,-44.2257,6.09,1.195,K1III,67.0502,,144.9275,15.8318,102.641,-101.085
25259,81.2476,73.7072,6.48,1.738,M0,541.0034,,492.6108,21.0291,136.5907,472.8278
25266,81.2573,-10.3289,5.6,1.543,K5III,89.7842,,133.8688,20.0181,130.1692,-24.0024
25273,81.2828,6.3497,1.64,-0.224,B2III,1152.3914,Bellatrix,77.3994,11.6585,76.036,8.5601
25305,81.4021,-1.4913,6.44,-0.162,B3V,117.2735,,225.2252,33.6597,222.6186,-5.8615
25315,81.4459,0.5202,6.18,-0.178,B2.5V,424.6196,,380.2281,56.554,375.9829,3.4524
25334,81.4993,-19.6954,5.78,0.441,F5V,8.606,,45.0248,6.2663,41.925,-15.1742
25337,81.5099,-5.5185,6.24,-0.047,B9.5Vn,115.7711,,204.0816,29.9908,200.9096,-19.6259
25346,81.5238,16.7002,6.23,-0.084,B2Vn,90.4482,,179.5332,25.3466,170.0825,51.5912
25364,81.573,28.6075,1.65,-0.13,B7III,321.2181,Elnath,41.0509,5.2816,35.6503,19.6554
25365,81.5803,-58.9125,5.14,0.986,G6III,151.0776,,140.4494,10.6187,71.7389,-120.278
25389,81.6618,6.8687,6.41,-0.023,A0Vn,20.193,,92.1659,13.2696,90.5372,11.0225
25407,81.7034,34.3918,5.92,0.138,A1p,1553.1021,,645.1613,76.822,526.8116,364.4187
25409,81.7093,3.0957,4.59,-0.199,B2IV,1543.1211,,348.4321,50.1691,344.2876,18.8165
25411,81.7137,33.2623,6.18,1.152,K0,29.8401,,100.8065,12.1481,83.4113,55.2896
25413,81.7263,35.4573,6.17,1.453,K2,96.2942,,180.1802,21.1198,145.238,104.5218
25418,81.7492,-68.6225,6.02,0.346,F0IV/V,20.6443,,77.8816,4.0739,28.0948,-72.5233
25423,81.7698,-11.901,6.3,0.553,F7V:,1.9231,,27.0416,3.7878,26.1878,-5.5765
25424,81.7722,-40.9435,5.86,0.239,A7m,33.3273,,91.9118,9.9356,68.7115,-60.2311
25428,81.7845,30.2086,5.69,0.175,B9Ib,895.3648,,440.5286,54.4016,376.7975,221.6518
25435,81.7921,17.9622,5.4,-0.09,B5V,170.7654,,168.3502,22.8633,158.5044,51.9175
25438,81.8079,15.2576,6.18,0.083,A1IV,49.9344,,130.3781,17.9231,124.4991,34.3103
25441,81.8142,2.3412,6.36,0.965,K0,38.5834,,124.533,17.7167,123.1613,5.0872
25468,81.9021,-21.3757,6.08,1.032,K0III,46.302,,119.9041,15.7284,110.5426,-43.7029
25475,81.9087,21.937,4.88,-0.14,B2.5IV,357.1083,,191.5709,25.0115,175.9313,71.5683
25477,81.912,34.4759,5.08,1.4,K4IIIp,156.0271,,138.8889,16.1087,113.3562,78.6194
25491,81.94,15.8741,5.52,0.015,B9.5Vn,91.2011,,130.039,17.5374,123.8444,35.5687
25516,82.0039,33.7637,6.41,0.51,F5,2.724,,33.8524,3.9148,27.8691,18.8141
25518,82.0061,1.2983,6.41,-0.173,B2V,371.1932,,395.2569,54.9532,391.3157,8.9553
25519,82.0067,17.2391,5.77,1.634,M1III,151.3561,,187.9699,24.9643,177.7814,55.7068
25542,82.0613,-20.7594,2.81,0.807,G5II,158.1976,Nihal,49.1642,6.3494,45.5317,-17.426
25544,82.0639,-37.2308,5.56,0.026,A0V,40.0682,,87.7963,9.6515,69.2344,-53.1191
25574,82.1449,13.679,6.35,0.168,A4V,21.9786,,93.5454,12.4221,90.0392,22.1218
25603,82.2371,-3.3074,6.39,-0.007,A0Vn,144.6772,,244.4988,32.9703,241.8546,-14.106
25631,82.3187,25.1502,5.47,-0.042,B9Vn,96.0285,,130.3781,15.7745,116.9588,55.4098
25644,82.3487,-3.4464,5.8,1.149,K1III...,95.1481,,151.0574,20.076,149.4417,-9.0808
25666,82.4194,29.1865,6.2,0.476,F6III,22.6986,,88.7311,10.2193,76.7885,43.27
25668,82.4234,-0.8025,6.49,0.251,A2,27.1894,,110.9878,14.6324,110.008,-1.5545
25673,82.4333,-1.0922,4.71,1.592,K5III,275.9307,,155.7632,20.5073,154.3788,-2.9692
25687,82.4782,1.7893,5.77,-0.192,B2V,824.1381,,438.5965,57.3856,434.6104,13.6945
25704,82.5395,-47.0777,5.46,0.615,G3IV,11.1071,,44.1306,3.9022,29.7988,-32.3158
25705,82.5425,63.0672,5.43,1.704,M1III,486.6313,,288.1844,16.9417,129.4275,256.9275
25711,82.558,-84.7851,6.18,-0.003,A1V,37.0169,,112.2334,1.3213,10.1151,-111.7688
25716,82.5661,-63.9277,6.19,0.225,F0IV,37.7746,,113.8952,6.4765,49.6368,-102.3052
25721,82.583,4.2048,6.21,1.28,K2IIIvar,78.8497,,166.113,21.3858,164.2797,12.1797
25722,82.5865,-7.4348,6.33,-0.194,B2IV-V,1362.6992,,729.927,93.3904,717.7399,-94.4512
25726,82.609,15.3604,5.93,0.103,A3Vn,22.2638,,77.5795,9.6233,74.1867,20.5501
25742,82.6806,22.4623,6.29,1.18,K0,31.8566,,109.529,12.8954,100.3944,41.8483
25745,82.6878,39.8259,6.38,0.986,G9III,75.2315,,175.4386,17.1485,133.64,112.3609
25749,82.696,5.9481,4.2,-0.143,B5V,156.8917,,92.8505,11.7408,91.6012,9.6219
25752,82.7027,41.462,5.99,1.112,K0IIIp,58.13,,128.866,12.2663,95.7894,85.3252
25788,82.7818,-20.8637,5.53,0.012,A0V,37.051,,83.2639,9.776,77.1877,-29.6541
25794,82.8031,-35.4705,3.86,1.13,K1II/III,162.181,,80.7103,8.2348,65.2138,-46.8349
25796,82.8105,3.2921,5.46,-0.176,B1.5V,692.4685,,348.4321,43.5345,345.1221,20.0094
25804,82.8371,-6.7084,6.23,-0.178,B2V,1430.8694,,714.2857,88.4557,703.8589,-83.44
25822,82.9,-45.9253,5.86,1.349,K3III,111.3782,,168.0672,14.4499,116.0103,-120.7451
25853,82.9698,-76.341,5.18,1.13,K4III,7.2577,,31.3578,0.9063,7.3493,-30.4709
25858,82.9827,-7.3015,4.62,-0.261,B0V,9506.0479,,877.193,106.2961,863.5625,-111.4835
25865,83.0017,-0.2991,2.25,-0.175,O9.5II,4943.1069,Mintaka,212.3142,25.8681,210.7295,-1.1083
25880,83.0531,18.5942,4.32,2.06,M2Ib,4920.3954,,549.4505,62.9865,516.9463,175.1999
25883,83.0589,17.0581,5.5,-0.004,B7III,4625.94,,917.4312,105.9927,870.6432,269.1209
25908,83.1406,57.2211,6.44,0.587,F8V,4.215,,42.6985,2.7609,22.9515,35.8994
25911,83.1582,0.0119,6.15,1.553,K5,344.826,,337.8378,40.2458,335.432,0.0704
25915,83.1723,-1.5918,5.34,-0.188,B1IV,1457.4713,,478.4689,56.8603,474.8923,-13.2914
25919,83.182,32.192,4.71,0.281,B5Iab,113762728.5823,,100000.0,10046.5768,84028.2732,53275.8445
25920,83.1826,-17.8223,2.58,0.211,F0Ib,37428.2912,Arneb,680.2721,76.8772,643.047,-208.2079
25928,83.2142,-38.5134,5.45,1.224,K2/K3III,16.0546,,52.8262,4.884,41.045,-32.8947
25936,83.2481,-64.2275,5.34,1.039,G8/K0III,32.1218,,71.0227,3.6306,30.6664,-63.9579
25954,83.2807,-35.1394,5.75,1.085,K0III,27.1894,,78.9266,7.5518,64.0993,-45.4276
25998,83.381,-1.1561,5.36,-0.175,B1V,1268.2358,,450.4505,51.9111,447.357,-9.0882
25999,83.3818,18.5402,5.67,-0.022,B2IV-Ve,1065.6142,,476.1905,52.034,448.468,151.4145
26004,83.4063,-62.4898,3.76,0.64,F6Ia,2598.9624,,308.642,16.3702,141.6206,-273.7435
26006,83.4092,34.7256,6.27,0.17,A3IV,51.0035,,137.3626,12.958,112.1508,78.2481
26007,83.4118,20.4742,6.19,-0.034,B6V,358.4264,,350.8772,37.7139,326.5415,122.7319
26014,83.4347,-54.9023,6.42,0.55,F8V,7.3114,,55.7103,3.6624,31.8218,-45.5806
26028,83.4762,14.3056,5.6,-0.118,B3V,93.7562,,136.7989,15.0606,131.6987,33.8021
26039,83.5103,-7.0237,6.45,1.116,K0,59.2107,,160.7717,18.0348,158.5427,-19.6593
26041,83.5162,-1.0357,6.24,-0.16,B2.5V,268.1637,,310.559,35.0633,308.5222,-5.6136
26044,83.5169,-1.4703,5.92,1.535,K5III,163.9834,,209.6436,23.6632,208.2344,-5.379
26061,83.5699,3.7669,5.32,0.051,A2V,46.4301,,84.6024,9.4543,83.8886,5.5582
26084,83.622,-0.0123,6.25,0.997,G5,238.3417,,294.1176,32.6726,292.2972,-0.0634
26104,83.6866,-73.7413,5.79,1.717,M2/M3III,467.3045,,333.3333,10.2627,92.7591,-320.0024
26111,83.7052,9.4896,4.39,-0.157,B0IV...,1696.6802,,333.3333,36.0481,326.7896,54.9561
26125,83.7393,-61.176,6.32,0.845,G5IV,23.4639,,95.3289,5.012,45.6859,-83.5181
26132,83.7542,-6.0093,5.67,-0.228,B1Vvar,3209.2238,,826.4463,89.4184,817.0264,-86.5201
26134,83.7612,-6.002,4.78,-0.248,B0.5V,2613.3646,,495.0495,53.5036,489.4199,-51.7642
26142,83.7845,9.9342,3.39,-0.16,O...,4349.1061,Meissa,336.7003,35.9074,329.7025,58.0863
26150,83.8052,10.2401,5.6,0.149,B9IIIMNp...,592.1067,,343.6426,36.4917,336.1942,61.0905
26154,83.8145,-33.0797,5.76,1.12,K0III,36.9488,,92.4214,8.3441,76.9901,-50.4441
26155,83.8159,-5.3873,4.98,0.0,O7,88715601.2038,,100000.0,10724.7283,98978.9413,-9388.7899
26156,83.8186,-5.3897,5.13,0.02,O6pe,77268058.5096,,100000.0,10720.0479,98979.0558,-9392.9271
26169,83.843,-4.4243,6.24,-0.148,B2.5V,463.0203,,408.1633,43.6465,404.5996,-31.4866
26170,83.8454,-5.4161,4.98,-0.097,O9.5Vpe,1993.4255,,473.9336,50.5841,469.0983,-44.7333
26172,83.8465,-4.8384,4.58,-0.183,B2III...,941.8896,,271.0027,28.9458,268.4811,-22.8577
26176,83.8583,-5.9099,2.75,-0.21,O9III,35285.8026,Hatysa,714.2857,76.0141,706.4113,-73.546
26182,83.863,24.0396,5.37,-0.092,B2.5IV,177.9918,,169.4915,16.548,153.9034,69.0454
26198,83.8996,-3.2528,6.4,-0.122,B3IV,544.0014,,476.1905,50.5237,472.7311,-27.0201
26199,83.9006,-78.8208,6.04,-0.018,B8III,229.0868,,261.7801,5.3927,50.466,-256.813
26203,83.9145,-4.8561,5.24,0.269,F0III,84.879,,110.2536,11.6463,109.2388,-9.3333
26226,83.9813,27.6623,6.27,1.529,K0,151.7749,,236.9668,22.0069,208.7243,110.0142
26235,84.0119,-47.3137,6.1,1.159,K2III,75.9976,,155.0388,10.9657,104.5402,-113.9655
26244,84.0429,-28.708,6.26,0.151,A2III/IV,7.6068,,52.7983,4.8061,46.0582,-25.3615
26246,84.0534,-1.2019,1.69,-0.184,B0Ia,67483.8731,Alnilam,606.0606,62.7751,602.6667,-12.7127
26250,84.0665,47.7153,6.1,0.295,F0V:,34.3875,,104.2753,7.2525,69.7821,77.144
26279,84.1468,54.4287,5.74,1.671,M0III,230.781,,228.833,13.5753,132.4218,186.1309
26280,84.1487,-6.0648,5.71,-0.212,B1V...,1007.3955,,471.6981,47.8189,466.6142,-49.836
26298,84.2184,40.1824,6.08,1.032,G3Ib,32210687.9128,,100000.0,7696.2362,76010.8189,64522.2703
26301,84.2266,9.2907,4.09,0.951,G8III-IV,26.1336,,36.0231,3.5762,35.3702,5.8157
26303,84.2291,-66.5603,6.28,-0.052,B9.5V,146.9603,,234.192,9.3671,92.6857,-214.8663
26317,84.2656,17.0403,5.53,0.237,F0V,12.6241,,48.5909,4.642,46.2252,14.2393
26321,84.2683,11.035,5.97,1.592,K4II SB,226.1518,,251.8892,24.6913,245.9958,48.2138
26329,84.2865,-11.7755,6.1,0.051,A2V,12.5083,,62.8931,6.1295,61.2636,-12.8351
26330,84.2874,-80.4691,5.65,0.6,G3IV,1.6055,,18.315,0.3019,3.0175,-18.0622
26331,84.2868,26.9245,5.83,-0.075,B9IV-V,97.1852,,154.7988,13.7396,137.3337,70.0953
26343,84.3128,64.1547,6.15,0.006,A0V,37.3594,,111.2347,4.8054,48.2533,100.1084
26345,84.3168,66.6967,6.26,0.231,A8Vn,16.5044,,77.7605,3.0463,30.6107,71.4171
26347,84.3188,-27.8714,6.15,0.322,F0IV,4.6817,,39.3701,3.4453,34.6322,-18.4051
26349,84.3305,8.9519,6.11,-0.17,B2IV-V,372.5632,,344.8276,33.6508,338.9611,53.6568
26362,84.364,-5.9384,6.03,-0.21,B1Vvar,561.8236,,408.1633,39.8699,404.0105,-42.2282
26386,84.4112,21.1425,2.97,-0.148,B4IIIp,1050.9934,Tianguan,136.4256,12.3919,126.6374,49.2073
26395,84.4359,-28.6897,5.28,0.486,F5V,11.1995,,40.7997,3.4702,35.6222,-19.5865
26398,84.4408,33.5592,6.36,1.306,K0,59.1017,,154.0832,12.4385,127.796,85.1769
26411,84.4724,-4.814,6.16,-0.029,B2IV-V,733.1621,,495.0495,47.5172,491.0093,-41.5455
26422,84.5047,7.5414,5.87,-0.061,B8III,223.666,,239.2344,22.7121,236.0751,31.3978
26450,84.5726,-50.641,6.43,-0.047,A0V,55.4115,,154.0832,9.2425,97.278,-119.1352
26470,84.6582,-6.574,5.96,-0.216,B1.5IV,609.2563,,411.5226,38.0595,407.0413,-47.1134
26471,84.6587,30.4924,5.4,0.45,A2V + GIII,181.6352,,173.6111,13.926,148.9505,88.0945
26480,84.6814,-40.7073,5.81,-0.078,B8V,75.024,,134.7709,9.47,101.7234,-87.8969
26484,84.6865,-2.6001,3.77,-0.19,O9.5V...,2926.8469,,328.9474,30.4307,327.1967,-14.9224
26497,84.7212,-7.2128,4.77,0.139,A4V,21.419,,44.603,4.0711,44.0624,-5.6001
26506,84.739,26.6181,6.45,0.98,G9III,25.5388,,105.5966,8.6562,94.007,47.3116
26527,84.7863,41.3586,6.44,1.0,K0,14.0734,,78.0031,5.3204,58.306,51.542
26529,84.7964,4.1215,4.5,-0.098,B3IIIe,2477.4221,,423.7288,38.3305,420.8912,30.4539
26537,84.8176,-17.8494,6.4,-0.095,B4,539.0139,,473.9336,40.7482,449.2769,-145.2683
26541,84.8263,29.2152,5.98,0.144,B2IV-V,372.2203,,324.6753,25.5534,282.2197,158.4712
26551,84.863,21.7629,6.42,0.066,A1Vn,72.711,,175.7469,14.6145,162.5651,65.1612
26558,84.8785,-9.7066,6.49,-0.107,B7V,61.546,,166.9449,14.6895,163.898,-28.1475
26559,84.8798,-3.5647,5.99,0.294,A8Vs,6.3445,,42.5713,3.7919,42.3194,-2.6469
26569,84.9123,-34.0741,2.65,-0.12,B7IV,487.0797,Phact,80.1282,5.8859,66.1098,-44.893
26573,84.9322,75.0439,6.19,1.606,M0III,135.145,,215.5172,4.9133,55.4031,208.2163
26575,84.9342,25.8971,5.18,-0.15,B3IV,126.7068,,131.0616,10.4107,117.4399,57.242
26584,84.9577,-32.6292,5.44,0.913,G6/G8III,97.1852,,129.3661,9.5757,108.5276,-69.7542
26647,85.1496,31.3582,6.04,0.037,B9.5III-IVp,121.2272,,190.4762,13.753,162.071,99.1213
26648,85.1554,-2.8252,6.22,-0.194,B1.5V,495.6784,,418.41,35.2932,416.4085,-20.6233
26653,85.1752,31.9206,6.23,2.088,M2SIab,993.5735,,595.2381,42.4942,503.4369,314.7284
26662,85.1897,-1.9426,1.74,-0.199,O9.5Ib SB,8937.1696,Alnitak,225.7336,18.9185,224.8092,-7.6519
26663,85.1925,-10.4087,6.46,-0.127,B9.5IIIp Si,134.4002,,243.309,20.0559,238.4632,-43.9581
26671,85.2113,-1.1288,4.95,-0.197,B2IV-V,691.831,,275.4821,22.9931,274.4672,-5.4269
26697,85.2733,0.3378,5.93,0.311,F0IV,8.4957,,47.9386,3.9502,47.7747,0.2826
26711,85.3238,16.5341,4.84,-0.125,B3IV...,383.354,,194.9318,15.2345,186.2494,55.475
26714,85.3347,53.4811,6.21,0.84,K1V,0.4309,,12.2775,0.5942,7.282,9.8669
26716,85.3374,29.4874,6.4,-0.081,B8IV,83.1764,,186.2197,13.1766,161.5611,91.6634
26731,85.3622,-33.4007,6.35,-0.04,B9.5V,59.2652,,153.6098,10.3691,127.8198,-84.5609
26755,85.4181,-2.8965,6.41,0.32,A9IV-V,15.4882,,80.7103,6.4393,80.3496,-4.0784
26756,85.423,-16.7258,6.22,-0.136,B4/B5III,903.6495,,564.9718,43.1771,539.3439,-162.5945
26788,85.5166,22.6603,6.35,1.194,K2,24.9574,,99.7009,7.192,91.723,38.4115
26797,85.5483,-30.5354,6.18,0.023,A0V,151.0776,,226.7574,15.1598,194.7203,-115.2089
26800,85.5582,-22.3737,5.88,0.08,A2/A3V,360.0808,,304.878,21.8345,281.0802,-116.0506
26801,85.5603,-17.5304,6.15,1.376,K3III,182.3056,,245.7002,18.1362,233.5862,-74.0077
26803,85.5633,-34.6678,5.29,-0.032,B9/B9.5V,115.133,,131.406,8.3605,107.7528,-74.746
26817,85.6102,65.6976,5.62,1.249,K5III,34.3875,,83.612,2.6338,34.3097,76.2028
26820,85.6193,1.4746,4.9,1.144,K1III,77.3393,,90.009,6.8729,89.7163,2.3163
26860,85.7246,-6.7962,5.97,0.447,F3V,8.8961,,49.95,3.6976,49.461,-5.911
26876,85.757,56.5815,6.05,0.951,K0III,11.5985,,59.1716,2.4112,32.4994,49.3888
26887,85.7888,-1.6132,6.31,1.467,K4III,67.7954,,161.2903,11.8393,160.7911,-4.5408
26898,85.8313,23.2044,6.23,-0.071,B2.5Ve,180.8007,,253.8071,16.9577,232.6583,100.0031
26900,85.8403,-18.5575,5.73,-0.014,A0V,25.0496,,75.0751,5.1626,70.9841,-23.8931
26915,85.8757,-39.4069,6.25,0.377,F3V,7.6701,,52.7704,2.9324,40.6678,-33.4999
26935,85.9214,-45.8329,6.38,0.295,F0IIIn,17.6685,,85.034,4.214,59.0977,-60.9958
26980,86.0352,61.4765,6.17,0.902,G5III:,36.509,,110.9878,3.6645,52.8719,97.5163
27006,86.1159,-22.4484,3.59,0.481,F7V,2.5445,,8.927,0.5589,8.2316,-3.4088
27009,86.1183,-20.1266,6.34,0.58,F8/G0V,1.6535,,25.5428,1.6236,23.928,-8.7892
27034,86.1933,-65.7355,4.34,0.217,A7V,33.6667,,45.8716,1.2515,18.8093,-41.8192
27050,86.2554,12.8883,6.47,0.234,A3,26.5216,,108.5776,6.9125,105.6162,24.2184
27052,86.2575,4.0081,6.09,0.32,F0III:n,11.0561,,58.8582,3.8325,58.589,4.1141
27130,86.4752,49.8263,5.46,0.03,A0p...,91.622,,126.7427,5.0268,81.608,96.843
27138,86.4996,-32.3064,5.18,-0.274,B1IV/V,1229.1362,,408.1633,21.0632,344.3367,-218.1418
27146,86.5119,-4.2685,6.24,1.05,K1III...,34.5462,,111.4827,6.7638,110.9675,-8.2977
27177,86.614,-46.5972,5.31,1.04,K0/K1II,135.5189,,143.8849,5.8392,98.6941,-104.5383
27183,86.6266,56.1156,5.93,0.164,A4Vn,13.6647,,60.7903,1.9943,33.833,50.4659
27187,86.6455,1.1682,5.95,0.773,G4V,5.6027,,39.2773,2.2978,39.2019,0.8008
27198,86.6896,15.8225,6.0,-0.061,B8IIIMNp...,175.8733,,225.2252,12.513,216.3301,61.4095
27212,86.7172,9.5223,5.78,0.888,G8III,35.416,,91.3242,5.1575,89.9181,15.108
27220,86.7389,-14.8219,3.55,0.104,A2Vann,15.4597,,21.6076,1.1883,20.8548,-5.5276
27225,86.7502,51.5209,6.47,0.898,G5,54.5507,,155.7632,5.4944,96.7646,121.9369
27236,86.7691,-28.6389,6.22,-0.132,B5III,150.3834,,230.4147,11.3975,201.9038,-110.435
27240,86.7825,-16.2381,6.18,0.892,G8III,146.9603,,223.7136,12.0553,214.4507,-62.5569
27248,86.8048,14.4883,5.72,0.077,A3Vn,48.708,,104.1667,5.6214,100.6973,26.0607
27249,86.8055,-54.3607,6.19,1.406,K3III,423.8381,,381.6794,12.3931,222.0514,-310.1914
27251,86.8112,42.5267,6.3,1.354,K0,85.428,,180.1802,7.3864,132.5803,121.79
27253,86.8212,-51.0665,3.85,0.171,A3V,9.4886,,19.4401,0.6774,12.1977,-15.122
27257,86.8279,-35.6741,6.29,1.191,K1III,70.2102,,162.6016,7.3093,131.8866,-94.825
27270,86.8591,17.7291,5.47,0.301,F0III,1687.3299,,546.4481,28.5183,519.7136,166.403
27273,86.862,-10.533,6.04,0.135,A4V,140.346,,204.918,11.0283,201.163,-37.4592
27278,86.8844,63.5988,6.49,1.01,G5,46.9029,,145.7726,3.523,64.7224,130.5689
27285,86.8944,25.5686,6.48,1.193,K1III,139.3157,,250.0,12.2175,225.1861,107.898
27296,86.9288,13.8996,5.28,-0.156,B2IV-V,253.7465,,194.1748,10.0987,188.2183,46.6449
27298,86.9391,-9.6696,2.07,-0.168,B0.5Iavar,5095.6548,Saiph,198.4127,10.4441,195.3148,-33.3267
27318,87.001,6.4542,5.26,0.234,A5V,186.7239,,165.0165,8.5788,163.7461,18.5492
27353,87.0932,20.8695,6.03,-0.051,B9Vn,94.6237,,167.5042,7.9371,156.3136,59.6718
27367,87.1456,-4.0946,5.97,0.639,G4V,0.8211,,15.1768,0.7538,15.1193,-1.0837
27399,87.254,24.5675,4.88,1.021,G8IIIvar,120.8927,,111.4827,4.8574,101.274,46.3507
27403,87.2694,62.8082,6.18,0.128,A4V,44.2181,,122.6994,2.6711,56.0064,109.1389
27414,87.2935,39.1811,4.51,0.949,G8III,55.0047,,63.4115,2.321,49.0988,40.0617
27442,87.3872,12.6513,4.89,-0.068,B9IV,56.079,,76.2777,3.3928,74.3484,16.7061
27443,87.3922,-44.8754,6.38,1.262,K1III,24434305.5269,,100000.0,3224.2656,70790.9026,-70556.7305
27448,87.4023,-14.4837,5.49,0.87,G8III,37.325,,82.0345,3.5999,79.3457,-20.5172
27461,87.4568,-56.1667,4.5,1.075,K1III,40.5509,,54.2005,1.3391,30.148,-45.0222
27464,87.4729,-22.9719,5.87,0.055,A1V,113.4488,,170.3578,6.9157,156.6953,-66.4871
27465,87.4731,-66.9012,5.1,-0.128,B6V,246.1501,,176.0563,3.0452,69.0029,-161.9418
27481,87.5112,9.8712,5.79,0.876,G8III,50.8159,,109.8901,4.7013,108.1611,18.8389
27491,87.5544,4.4234,5.96,1.361,K2III,114.2878,,178.2531,7.5835,177.5603,13.748
27497,87.57,-79.3614,5.46,-0.076,B9.5V,43.5712,,87.4126,0.6842,16.1231,-85.9101
27512,87.6201,-52.7679,6.32,0.746,K0/K1III,118.905,,214.5923,5.3915,129.7261,-170.8564
27514,87.6204,14.3056,5.54,1.006,G9III:,49.9344,,97.0874,3.906,93.9957,23.9897
27519,87.6251,2.0247,5.97,0.953,G8III+...,357.1083,,316.4557,13.105,315.9865,11.1805
27552,87.7218,-52.1089,5.16,0.96,G8III,46.4729,,78.6164,1.9194,48.2451,-62.0424
27556,87.7346,51.5146,6.29,1.047,K1III,20.4174,,87.7193,2.1578,54.5464,68.6637
27559,87.7399,-35.7683,3.12,1.146,K1.5III,35.156,Wazn,26.7308,0.8553,21.6722,-15.6244
27560,87.7421,27.9679,5.6,0.978,G7III:,57.4381,,107.0664,3.7255,94.4888,50.2116
27569,87.7601,37.3056,4.72,1.621,M1III,289.4676,,160.2564,4.982,127.3729,97.1259
27585,87.8304,-20.8791,3.76,0.984,G8III/IV,33.1742,,34.8675,1.2333,32.5546,-12.4267
27589,87.8416,-7.518,5.36,-0.195,B2IV-V,646.2492,,321.5434,12.0059,318.5532,-42.07
27591,87.8462,-64.0336,6.35,0.866,G8III,300.8846,,346.0208,5.6937,151.3963,-311.0902
27592,87.8573,32.1247,6.28,1.752,M3III,90.5316,,183.8235,5.8206,155.57,97.7507
27601,87.8692,-22.9269,6.16,1.02,K0IIICN...,47.5992,,126.1034,4.3182,116.0612,-49.1245
27604,87.8725,39.1485,3.97,1.132,K0III,112.2018,,70.6215,2.0332,54.7301,44.5856
27636,87.9983,-29.4494,6.47,1.473,K3III,104.4239,,215.5172,6.5552,187.5557,-105.9601
27644,88.0322,-9.0419,5.95,0.1,A2Vn,35.514,,98.912,3.3542,97.6253,-15.5447
27661,88.0719,58.9641,6.14,-0.036,A0Vs,67.112,,148.368,2.5737,76.4516,127.1283
27668,88.0841,-57.1562,5.93,0.656,F7IV,65.0429,,132.626,2.4047,71.8896,-111.426
27673,88.0929,14.1718,5.6,-0.053,B9p...,84.7227,,130.039,4.1959,126.0116,31.8374
27678,88.0975,19.8678,5.96,0.549,B9V + G,425.0108,,343.6426,10.7294,323.0105,116.7876
27681,88.1102,1.8551,4.76,1.382,K2IIvar,1620.317,,386.1004,12.7261,385.6881,12.4991
27697,88.1382,-37.6311,5.62,1.046,K1III,47.9513,,98.7167,2.5399,78.1383,-60.2739
27708,88.1653,39.5747,6.4,0.098,A2V,85.428,,188.6792,4.6563,145.3583,120.2045
27709,88.167,33.9175,6.04,1.579,M2II:,186.7239,,236.4066,6.2749,196.0798,131.9144
27726,88.2312,68.4715,6.22,0.955,G9III,56.8068,,141.6431,1.6044,51.9531,131.7614
27741,88.2787,-33.8014,4.88,-0.154,B5V,102.3293,,102.5641,2.5601,85.1894,-57.058
27761,88.3319,27.6123,4.56,-0.008,A0V,219.786,,129.7017,3.3457,114.8805,60.1149
27821,88.5249,-63.0896,4.65,1.022,K1III/IV,8.2794,,26.2467,0.3058,11.8752,-23.4046
27831,88.5556,10.5864,6.13,1.404,G9II,571.7419,,431.0345,10.6799,423.5632,79.1888
27832,88.5584,-29.1472,6.34,0.37,F3V,7.3655,,53.9084,1.1845,47.0671,-26.2564
27833,88.5657,3.2256,6.3,1.283,K0,51.9039,,140.4494,3.5101,140.1829,7.9029
27844,88.5958,20.2762,4.39,0.594,G0V,1.146,,8.6633,0.1991,8.124,3.0022
27868,88.6713,-49.627,6.11,-0.148,B3V,370.169,,343.6426,5.1615,222.5384,-261.802
27869,88.6818,-11.7742,5.62,1.523,K3 comp,203.2357,,203.252,4.5775,198.9228,-41.4746
27870,88.6835,0.9686,5.99,1.328,K0III,251.4201,,268.0965,6.1588,267.9874,4.5321
27878,88.7087,-52.6355,5.29,0.295,F0Ve...,8.0316,,34.6981,0.4745,21.0524,-27.5777
27880,88.7116,55.7069,4.96,0.052,A2V,48.217,,73.046,0.9254,41.1456,60.3482
27886,88.7187,-39.9579,5.55,1.515,M0III,126.5902,,155.2795,2.6615,118.9946,-99.7242
27896,88.7362,19.7496,5.92,-0.145,B2V,1165.1987,,558.6592,11.5969,525.67,188.7767
27902,88.7409,59.8884,5.2,0.01,A2V,149.5547,,143.6782,1.5838,72.064,124.2888
27904,88.7458,31.7015,5.9,0.144,A5IV,27.441,,84.9618,1.5822,72.268,44.6469
27919,88.7929,7.4071,0.45,1.5,M2Ib,13415.288,Betelgeuse,152.6718,3.1893,151.3642,19.6821
27940,88.8746,-37.1207,4.97,1.102,K1IIICN...,93.2395,,102.0408,1.598,81.3482,-61.5812
27941,88.8757,-4.6165,5.87,1.173,K2III:,36.779,,96.9932,1.8969,96.6599,-7.8067
27949,88.8974,-4.7886,6.28,0.056,A2III,27.8997,,102.0408,1.9568,101.6658,-8.5183
28014,89.0594,-22.84,5.95,1.107,K0/K1III,28.5233,,88.6525,1.3411,81.6905,-34.4112
28027,89.0873,-31.3824,5.52,0.382,F2III,1404.7531,,510.2041,6.9384,435.5113,-265.6878
28032,89.1012,-14.1677,3.71,0.337,F1V,6.327,,14.8787,0.2263,14.4244,-3.6417
28040,89.1168,9.5094,5.97,-0.038,A0IV,51.3807,,120.048,1.825,118.3843,19.8331
28046,89.1407,28.9423,6.35,0.275,A2II,25118864.3151,,100000.0,1312.4113,87500.9363,48392.8065
28047,89.1435,-23.2153,6.37,1.068,K0III,46.3874,,137.1742,1.8845,126.0531,-54.0724
28066,89.2042,-31.9762,6.44,1.07,G8III,134.2765,,240.9639,2.8389,204.3822,-127.6067
28067,89.206,11.5211,5.89,1.111,K2III,34.3558,,94.6074,1.2845,92.6923,18.8958
28082,89.2338,24.2497,6.03,0.346,A0Ia,33728730.8659,,100000.0,1219.1921,91168.2755,41071.3904
28108,89.3099,-53.4257,6.48,1.48,K5/M0III,95.4993,,207.0393,1.4859,123.3585,-166.2701
28127,89.3842,-35.2833,4.36,-0.165,B2.5IV,1116.8632,,266.6667,2.3395,217.6691,-154.0319
28133,89.3957,66.0961,6.24,1.369,K0,62.2874,,149.7006,0.6397,60.6559,136.8602
28160,89.4771,1.2243,6.22,1.461,M0III,62.6902,,148.8095,1.3579,148.7693,3.1796
28165,89.4986,25.9539,4.81,-0.088,B1Ib,2352.8812,,476.1905,3.7471,428.1486,208.4038
28180,89.5488,-0.994,6.21,1.14,K0,30.6196,,103.5197,0.8151,103.5009,-1.7959
28199,89.6018,1.8371,5.89,0.223,A5me del Del,47.9071,,111.7318,0.776,111.6717,3.5819
28215,89.6565,-44.0346,5.81,1.061,G8II,542.0009,,362.3188,1.5618,260.4738,-251.845
28224,89.7066,0.553,5.21,0.009,A1Vs,133.906,,136.612,0.6996,136.6038,1.3185
28230,89.7218,12.8083,5.7,0.874,K2III...,270.645,,243.309,1.1519,237.252,53.939
28249,89.7545,-9.3822,6.15,0.333,F2IV,24.6377,,90.3342,0.3819,89.125,-14.7263
28253,89.768,-9.5582,5.04,0.189,A6m,64.6845,,87.7963,0.3506,86.5767,-14.5786
28256,89.7867,-42.8151,3.96,1.146,K0III,475.5542,,144.7178,0.3953,106.1571,-98.3553
28271,89.8408,49.9245,5.9,1.194,G5III,411.5286,,328.9474,0.5886,211.7742,251.7096
28287,89.8817,54.2847,3.72,1.01,K0III,42.2669,,38.6399,0.0466,22.5563,31.3728
28288,89.8822,44.9474,1.9,0.077,A2V,93.5837,Menkalinan,24.8694,0.0362,17.6014,17.5692
28309,89.9303,37.2126,2.65,-0.083,A0p Si,195.524,Mahasim,50.7614,0.0492,40.4262,30.6992
28314,89.9409,55.3209,6.42,0.318,A5m,24.1657,,101.3171,0.0594,57.6474,83.3182
28319,89.9498,54.547,6.14,1.197,K2III,27.0147,,94.162,0.0479,54.6172,76.7036
28333,89.9838,45.9367,4.3,1.701,M3IIvar,881.4547,,230.4147,0.0454,160.2424,165.5696
28342,90.014,-3.0743,4.53,1.202,K2IIIvar,223.4601,,129.0323,-0.0314,128.8466,-6.92
28363,90.0736,-12.9,6.21,0.358,F2IV,11.2928,,62.8536,-0.0787,61.2672,-14.0321
28367,90.0788,44.592,6.21,1.128,K2III...,33.3273,,107.9914,-0.1057,76.9032,75.8158
28413,90.2049,-51.2163,5.65,0.207,A1m...,20.3423,,65.189,-0.146,40.8329,-50.8159
28428,90.244,47.9019,5.71,-0.007,B9.5p SiFe,569.6394,,354.6099,-1.0124,237.7289,263.12
28429,90.2519,27.5724,6.04,0.218,B9Iab,1658.0591,,704.2254,-2.7444,624.2383,325.9638
28446,90.2919,31.0345,6.18,0.095,A2V,15.2055,,71.9424,-0.314,61.6435,37.0902
28449,90.3046,-25.4178,6.04,0.027,A0V,40.3645,,109.8901,-0.5276,99.2516,-47.1665
28453,90.3179,-33.9118,5.54,1.58,K5III,187.9317,,188.3239,-0.8672,156.287,-105.069
28461,90.3341,85.1821,6.17,1.564,M0III,514.7543,,416.6667,-0.204,34.9948,415.1945
28490,90.4235,22.401,6.36,-0.071,B8V,144.544,,240.9639,-1.6465,222.7745,91.8281
28491,90.4294,48.9594,5.98,1.437,K0,207.0141,,242.1308,-1.1915,158.9769,182.626
28503,90.4601,-10.5979,4.92,-0.128,B5III,542.0009,,240.3846,-1.8974,236.2765,-44.2105
28525,90.5389,-60.0968,6.41,1.508,M4III,205.6838,,294.1176,-1.379,146.6216,-254.9615
28543,90.5958,9.6473,4.12,0.17,Am...,44.2181,,47.5059,-0.487,46.8315,7.9611
28551,90.6409,-14.4972,6.2,0.947,K0III,45.2898,,125.3133,-1.3571,121.3157,-31.3699
28563,90.6881,47.8095,6.49,0.567,F5,1.808,,28.6123,-0.2308,19.2146,21.1993
28566,90.7025,49.9057,6.04,-0.033,B9.5IV,56.65,,130.2083,-1.0282,83.8541,99.6074
28571,90.7229,43.3783,6.38,1.205,K0,27.9512,,106.9519,-0.9808,77.7301,73.4559
28573,90.7299,32.6357,6.23,0.456,F4V,6.3445,,47.5511,-0.5101,40.0403,25.6441
28604,90.815,-26.2845,5.03,1.335,K3II/IIICNv,131.7043,,124.6883,-1.5902,111.785,-55.2156
28606,90.8247,42.9116,6.08,0.979,K0III,13.7025,,65.2316,-0.6877,47.771,44.4142
28615,90.8532,11.6811,6.09,-0.035,A0Vs,80.6863,,158.9825,-2.3183,155.6727,32.1882
28620,90.864,19.6906,5.14,-0.097,B8V,371.5352,,220.2643,-3.1273,207.361,74.2159
28645,90.9799,20.1385,4.64,0.236,B2Iavar,3705.1006,,552.4862,-8.8711,518.6332,190.2154
28664,91.0301,23.2633,4.16,0.835,G7III,42.6973,,47.5511,-0.7853,43.6781,18.7807
28673,91.0563,-6.7089,5.19,-0.066,B2Vne+,1189.0497,,403.2258,-7.3822,400.3966,-47.1071
28685,91.0844,-32.1724,5.65,-0.186,B2V,455.827,,308.642,-4.9444,261.2031,-164.3423
28693,91.1186,-45.0366,6.35,0.517,G0IV-V,1.7734,,26.5675,-0.3665,18.7705,-18.7981
28694,91.1213,51.5734,6.39,0.196,A7III,44.0961,,134.9528,-1.6413,83.8587,105.7227
28719,91.1672,-45.0789,5.93,0.493,F4V,2.6742,,26.8962,-0.3869,18.9883,-19.0447
28741,91.2424,5.42,5.67,1.047,G7III:,757.8792,,401.6064,-8.6691,399.7169,37.9339
28742,91.2432,4.1587,5.63,1.041,G4III,48752849.0103,,100000.0,-2163.8583,99713.2287,7251.8788
28744,91.2464,-16.4844,4.92,0.196,Ap shell,727.7798,,278.5515,-5.8099,267.039,-79.0403
28748,91.2608,37.9643,6.32,0.825,K0III+...,86.2979,,182.8154,-3.1713,144.0958,112.4625
28751,91.2641,42.9816,5.9,0.358,F3V,9.4016,,49.7265,-0.8026,36.3697,33.9017
28757,91.2843,59.3932,6.32,1.116,K1III-IV,45.2898,,132.4503,-1.5115,67.4193,113.9975
28759,91.2889,75.5859,6.28,1.512,K5,155.5966,,240.9639,-1.3492,59.9675,233.3788
28782,91.3626,-10.2426,5.88,0.374,F4V:,11.6735,,54.9149,-1.2851,54.0245,-9.7648
28783,91.3632,-35.5136,5.8,0.027,A0V,28.8138,,83.1255,-1.6097,67.6431,-48.2873
28789,91.3912,33.599,6.23,-0.079,B9sp...,129.1814,,214.5923,-4.3397,178.6878,118.7506
28827,91.5231,-29.7586,5.79,0.041,A1V,30.5914,,85.2515,-1.9671,73.9827,-42.3143
28836,91.5356,35.3877,6.12,0.6,G0V,2.038,,25.6213,-0.5598,20.8803,14.8375
28837,91.5388,-14.9353,4.67,0.046,A0V,33.1131,,52.9661,-1.3743,51.1583,-13.6508
28838,91.539,-66.0396,5.72,-0.024,A0V,43.6516,,98.6193,-1.0757,40.0353,-90.1209
28858,91.5935,29.5124,6.01,1.73,M3II comp,174.2609,,225.2252,-5.4506,195.9262,110.9487
28871,91.6337,-23.1108,5.46,0.064,A2V,113.4488,,141.0437,-3.6985,129.6718,-55.3612
28874,91.6462,38.4826,5.35,0.251,A4m,68.8652,,104.4932,-2.3499,81.7632,65.0238
28877,91.6614,-4.1938,5.37,-0.122,B5IV,652.8298,,324.6753,-9.3881,323.6698,-23.7438
28879,91.6632,63.4538,6.42,1.011,K0,33.0522,,118.4834,-1.5369,52.9301,105.9922
28885,91.671,-42.2988,6.15,0.246,Am,21.0087,,83.4028,-1.7989,61.6622,-56.1298
28912,91.7396,-21.8123,5.74,1.584,M3II/III,651.6284,,384.6154,-10.8401,356.9147,-142.9104
28916,91.7578,-45.0915,6.48,1.162,K1III,28.3139,,112.7396,-2.4414,79.5541,-79.8462
28919,91.7641,-62.1546,5.04,1.256,K2/K3III,103.1811,,110.8647,-1.5941,51.759,-98.0278
28920,91.7653,-34.312,5.82,-0.137,B4Vnn,399.5766,,312.5,-7.9514,257.9963,-176.156
28953,91.8615,41.8543,6.15,1.202,K0III,143.3508,,217.8649,-5.2712,162.1898,145.3678
28962,91.8818,-37.2529,5.0,-0.095,B8:IV,426.1868,Elkurud,221.2389,-5.7827,176.0048,-133.9236
28966,91.893,14.7685,4.42,-0.164,B3IV,371.8776,,158.2278,-5.0541,152.9171,40.3344
28976,91.9235,-19.1659,5.28,1.661,M1III,444.6313,,257.0694,-8.1503,242.6838,-84.3969
28992,91.9703,-42.154,5.5,0.007,A0V,30.4789,,74.4602,-1.8978,55.1679,-49.9722
29042,92.0964,41.0557,6.34,1.044,G9III,41.4572,,127.8772,-3.5274,96.364,83.9888
29056,92.1443,-44.3562,6.26,-0.135,B8II,140.9938,,227.2727,-6.0802,162.3878,-158.8902
29061,92.1846,-68.8434,5.06,-0.072,B8V,69.6306,,91.9118,-1.2645,33.1485,-85.7167
29067,92.1988,-6.8214,6.46,0.876,G5,24.8428,,104.6025,-3.9848,103.7856,-12.4241
29078,92.2411,-22.4274,5.49,-0.01,A0V,31.6519,,75.5287,-2.7301,69.7626,-28.8152
29079,92.2413,2.4997,5.7,0.067,A3Vn,184.3317,,200.8032,-7.8455,200.4587,8.7578
29105,92.3342,-18.1264,6.36,-0.04,B9Vn...,58.023,,152.6718,-5.9093,144.9747,-47.4984
29112,92.3476,-49.5628,6.48,0.502,F8V,7.8055,,59.1716,-1.5721,38.3473,-45.0366
29123,92.3852,22.1903,5.93,1.626,K4III,1481.8355,,632.9114,-24.3888,585.527,239.0401
29132,92.3939,-14.5846,5.56,1.15,K2III,21.1836,,63.8162,-2.5796,61.7059,-16.0695
29137,92.401,-5.7114,6.16,0.352,F3IVw,11.6842,,62.5,-2.6054,62.1351,-6.2199
29152,92.4333,23.1135,5.75,0.192,B2.5Ib,43651583.224,,100000.0,-3904.7849,91889.9985,39255.3288
29160,92.4464,-26.7011,6.27,1.01,G8/K0III,57.6501,,145.9854,-5.5669,130.2991,-65.5965
29161,92.4498,-22.7743,5.71,0.454,F5V,10.8943,,49.0436,-1.9329,45.1787,-18.9849
29173,92.4958,58.9357,5.35,1.096,G8III,86.139,,116.8224,-2.625,60.2232,100.0687
29190,92.5434,-40.3538,5.54,1.665,M2II/III,361.0771,,261.0966,-8.8295,198.7755,-169.0615
29198,92.5595,-74.753,5.08,0.714,G5V,0.8418,Hoerikwaggo,10.1978,-0.1198,2.6791,-9.8389
29203,92.5746,-54.9686,4.72,-0.229,B0.5IV,1789.7814,,398.4064,-10.2731,228.4642,-326.2303
29221,92.6445,-27.1543,5.72,1.072,K1III,45.8775,,101.1122,-4.151,89.8718,-46.1465
29231,92.6664,-45.282,6.28,-0.012,A0V,144.278,,232.0186,-7.5945,163.0757,-164.8674
29250,92.7551,-6.7542,6.15,0.01,A0sp...,87.6597,,170.3578,-8.1317,168.9799,-20.0359
29253,92.7574,18.1305,6.37,1.35,K1II,283.4001,,338.9831,-15.4977,321.7797,105.4854
29274,92.8068,60.4535,6.48,1.698,M0,292.4152,,362.3188,-8.749,178.4559,315.2013
29275,92.8069,-26.4821,6.08,-0.021,B9.5IV/V,138.0384,,207.0393,-9.0749,185.0931,-92.3226
29280,92.8125,-65.5894,5.01,1.599,M2.5III,332.9661,,196.4637,-3.984,81.0953,-178.9013
29298,92.8663,13.6386,6.04,0.021,A0Vnn,58.3445,,132.1004,-6.4195,128.2149,31.1488
29306,92.8846,24.4203,5.83,1.11,K0III,123.0269,,174.216,-7.983,158.4292,72.0255
29315,92.9024,48.711,5.78,0.1,A3V+...,44.5862,,102.459,-3.4234,67.5216,76.9867
29328,92.9322,-4.6654,6.18,-0.079,B9MNp...,91.0332,,176.0563,-8.976,175.2432,-14.32
29331,92.9413,52.6472,6.28,0.141,A5m,28.4184,,102.9866,-3.2062,62.4019,81.8655
29344,92.9659,-6.5503,5.06,-0.201,B2V,1105.605,,366.3004,-18.8292,363.4218,-41.7858
29353,92.985,14.2088,4.45,-0.18,B3IV,501.1872,,186.2197,-9.4006,180.2779,45.7087
29360,93.0056,19.7905,5.76,-0.071,B9.5V,281.5788,,255.102,-12.5858,239.7046,86.3731
29361,93.0137,16.1304,4.95,-0.149,B5Vn,239.6625,,162.0746,-8.1855,155.4787,45.0283
29378,93.0838,32.6934,5.78,1.646,M1III,346.7369,,285.7143,-12.9355,240.1013,154.3266
29417,93.2127,65.7184,5.36,1.344,K2II-III,300.6076,,219.2982,-5.054,90.0384,199.8981
29436,93.2482,6.0163,6.45,1.621,M...,76.2781,,182.4818,-10.2828,181.1852,19.126
29452,93.3021,10.6271,6.43,0.663,G8V,0.7516,,17.9501,-1.0162,17.6129,3.3103
29495,93.4387,-23.8619,6.37,0.713,G5V,0.6893,,16.7224,-0.9173,15.2655,-6.7648
29496,93.4389,51.1725,6.07,1.051,K1III,53.1618,,127.8772,-4.8093,80.0318,99.621
29501,93.476,-3.7414,5.83,0.91,G8III,36.0081,,94.2507,-5.7022,93.8768,-6.1501
29543,93.6191,17.9064,5.86,0.253,A6m,103.6573,,162.0746,-9.7351,153.9162,49.8318
29556,93.6529,-4.5685,5.83,-0.155,B5V,155.8834,,196.0784,-12.453,195.0583,-15.6177
29577,93.712,19.1564,5.2,0.43,F6V,3.1391,,20.816,-1.273,19.6221,6.8307
29578,93.7139,-6.2748,3.99,1.319,K3III,514.7543,,152.6718,-9.8299,151.4385,-16.6865
29582,93.7194,22.5068,3.31,1.6,M3III,574.3809,Propus,117.9245,-7.0672,108.7132,45.1407
29605,93.785,-20.2722,5.88,1.322,K2III,198.244,,226.2443,-14.0099,211.7672,-78.3892
29606,93.7853,13.8511,5.91,-0.231,B1V,505.359,,366.3004,-23.4792,354.8729,87.6921
29619,93.8238,-18.4772,5.99,1.058,K1III,13.6899,,62.5391,-3.9557,59.1832,-19.8203
29623,93.8446,29.4981,4.32,1.021,G8IIIvar,47.9513,,54.2594,-3.1665,47.1196,26.717
29631,93.8547,16.1432,5.34,-0.101,B7V,163.531,,160.2564,-10.3487,153.5892,44.5575
29632,93.8589,-9.0358,6.09,-0.081,B9III,146.2851,,214.1328,-14.2324,210.9961,-33.6297
29638,93.8736,-4.9147,5.99,0.097,A5IVs,14.8184,,65.0618,-4.3792,64.6745,-5.574
29643,93.8928,-0.5122,5.62,0.506,F6V,6.8046,,37.1885,-2.5246,37.1012,-0.3324
29655,93.9174,6.0662,6.07,-0.124,B6V,130.4968,,200.4008,-13.6144,198.8131,21.1777
29657,93.9189,59.999,5.37,1.339,K3III,140.864,,150.8296,-5.1543,75.2408,130.6209
29662,93.937,-13.7184,5.0,-0.078,B9V,136.1445,,125.0,-8.3377,121.1475,-29.6438
29663,93.9373,12.5511,5.44,0.015,B9II-III,740.6278,,357.1429,-23.9374,347.7853,77.6106
29673,93.9749,1.1691,6.37,0.443,F5IV:,22.8455,,96.2464,-6.6703,95.9949,1.9637
29698,94.032,-16.618,5.97,-0.167,B2/B3V,203.0486,,238.6635,-16.0806,228.1291,-68.2553
29715,94.0784,-59.2135,6.44,0.593,G1V,3.2389,,37.4251,-1.3624,19.1072,-32.1512
29716,94.0794,23.97,6.09,0.897,G8III,59.8687,,136.9863,-8.9045,124.8552,55.6519
29725,94.0991,17.1816,6.39,1.565,K5II,209.5077,,294.1176,-20.086,280.2733,86.8827
29727,94.1109,12.2722,5.04,0.431,F5IV-V,3.1103,,19.2493,-1.3484,18.761,4.0915
29734,94.1381,-35.1405,4.37,0.978,G8II,48.708,,55.9597,-3.3021,45.6414,-32.2095
29735,94.1483,-39.2644,6.0,0.163,A2Vm...,52.723,,123.3046,-6.9059,95.2165,-78.0395
29767,94.2446,23.7409,6.24,0.446,B3Ia,27797132.6776,,100000.0,-6775.1211,91286.4635,40260.1454
29769,94.2551,-37.7374,5.54,1.129,K2III,44.4222,,91.5751,-5.3734,72.2201,-56.048
29770,94.265,-22.7152,6.05,0.576,F8/G0V,5.3654,,40.2576,-2.7617,37.0322,-15.5455
29777,94.2776,9.9424,5.39,0.106,A2V,29.0536,,69.1085,-5.0773,67.881,11.9321
29779,94.2899,-37.2535,5.88,0.139,A2V,14.8457,,61.9195,-3.6867,49.1477,-37.4825
29787,94.3172,5.1001,5.7,0.61,G0.5Vb,1.6936,,19.2493,-1.4433,19.1187,1.7112
29822,94.4238,-16.8159,5.15,1.293,K1III,273.1492,,189.7533,-14.0106,181.0981,-54.8952
29840,94.4656,-52.733,6.4,1.456,K2/K3III,321.8103,,366.3004,-17.2699,221.1324,-291.5102
29846,94.4784,61.5153,5.01,1.843,M3III,330.5217,,195.6947,-7.2877,93.0466,172.0048
29858,94.5234,14.3829,6.12,0.035,A3V,150.6607,,220.2643,-16.8268,212.6961,54.7137
29868,94.5572,-19.967,5.51,-0.163,B2/B3V,323.8918,,243.9024,-18.2142,228.5166,-83.2874
29876,94.5703,46.3604,6.33,1.113,K2III,37.6011,,121.2121,-6.6654,83.3848,87.7207
29909,94.6681,9.0472,6.24,0.87,K0,27.1394,,98.8142,-7.9419,97.2612,15.5383
29920,94.7033,-15.025,6.04,1.663,M1III:,102.518,,175.1313,-13.8691,168.5745,-45.401
29922,94.7108,-9.39,5.36,1.239,K1III,129.7777,,144.0922,-11.6751,141.6812,-23.5092
29924,94.7116,69.3198,4.76,0.025,A0Vn,31.2752,,53.6481,-1.5562,18.8819,50.1913
29938,94.7457,-20.9256,5.79,-0.155,B3II/III,1215.6261,,537.6344,-41.5469,500.4531,-192.0191
29946,94.7577,17.3253,6.27,-0.094,B9IIIsp...,183.3158,,260.4167,-20.6194,247.7449,77.551
29954,94.7831,-8.586,6.22,-0.043,B9V,45.7088,,127.0648,-10.4763,125.2032,-18.97
29987,94.9058,59.011,4.44,0.032,A2Vs,33.6357,,48.0077,-2.1138,24.6274,41.1554
29989,94.9091,-22.1031,6.29,1.473,K3III,211.8361,,282.4859,-22.397,260.7654,-106.2923
29996,94.9206,-34.3966,5.76,-0.08,B9V,67.6083,,125.0,-8.8472,102.7632,-70.6147
30000,94.9283,-7.8229,5.27,-0.177,B2.5V,485.7357,,267.3797,-22.7567,263.912,-36.3935
30020,94.9983,-2.9445,4.91,1.613,M1III,191.9553,,142.4501,-12.3948,141.721,-7.3174
30026,95.0176,14.6511,5.67,1.578,K3Ib,155.3102,,181.8182,-15.3851,175.2321,45.9878
30049,95.0783,-30.0634,3.02,-0.16,B2.5V,666.1929,Furud,111.1111,-8.5121,95.7861,-55.6619
30068,95.1465,-23.638,6.49,1.132,K0III,61.546,,166.9449,-13.7189,152.3212,-66.9376
30070,95.151,-34.1441,5.55,-0.182,B3V,1858.6602,,595.2381,-44.2293,490.6463,-334.0933
30117,95.2726,-11.8173,6.32,1.676,K5,139.7012,,232.5581,-20.918,226.666,-47.626
30127,95.2996,29.5408,6.41,0.048,A1Vs,27.0645,,106.7236,-8.576,92.4531,52.6194
30141,95.353,-11.7732,5.48,0.002,B1Vpe SB,639.1459,,337.8378,-30.8543,329.2883,-68.932
30144,95.3574,2.2685,6.3,0.251,A4.5V,22.4285,,92.3361,-8.6144,91.8607,3.6549
30145,95.358,17.7635,6.32,1.1,G9:III:,44.5862,,131.406,-11.6855,124.5943,40.0905
30174,95.4422,53.4522,5.34,0.448,F5III...,22.3254,,59.2066,-3.3438,35.0982,47.5642
30199,95.5148,59.3721,6.05,0.153,A3V,76.7008,,152.207,-7.4522,77.1845,130.9732
30204,95.5285,-33.4364,3.85,0.858,G7II,129.3004,,71.736,-5.7673,59.5851,-39.5273
30245,95.6516,12.5702,6.0,0.319,F0III,16.9044,,69.8324,-6.7122,67.8272,15.1981
30248,95.6594,-69.984,5.56,1.51,K5III,187.2406,,189.7533,-6.4049,64.6325,-178.2917
30251,95.6749,-17.9559,1.98,-0.24,B1II/III,3209.2238,Mirzam,151.0574,-14.2097,142.9957,-46.5688
30269,95.7327,-56.37,5.6,0.242,Am,11.6735,,48.2625,-2.6699,26.5954,-40.1849
30270,95.7401,22.5136,2.87,1.621,M3IIIvar,312.464,Tejat,71.0227,-6.5621,65.281,27.1948
30279,95.7561,-63.6831,6.3,1.612,M1III,300.3309,,337.8378,-15.0216,149.0201,-302.8229
30284,95.7765,56.9763,6.47,1.075,K1III,52.4324,,152.6718,-8.3744,82.7814,128.007
30303,95.8103,-31.7903,6.31,0.893,G8III,28.9468,,105.3741,-9.0673,89.1059,-55.5123
30309,95.827,3.7645,6.41,-0.149,B3V,252.1158,,325.7329,-32.999,323.3506,21.3861
30334,95.8997,-9.8747,6.11,1.841,K5,624.5972,,446.4286,-45.2071,437.4853,-76.5601
30346,95.942,4.5929,4.39,0.215,A5IV,21.4783,,37.4953,-3.8691,37.1741,3.0024
30347,95.9423,-15.0713,6.27,1.534,K2/K3III,543.5006,,448.4305,-44.8275,430.6793,-116.601
30350,95.9455,-58.5439,6.47,0.12,A3V,24.2549,,103.8422,-5.6131,53.8981,-88.5815
30363,95.983,-25.5776,5.61,1.561,K5III,479.0711,,310.559,-29.1983,278.5987,-134.0788
30365,95.9879,-52.6957,-0.62,0.164,F0Ib,13854.7917,Canopus,94.7867,-5.9926,57.1319,-75.396
30371,96.0042,-36.7078,5.62,1.027,K1II/III,50.7224,,101.5228,-8.5136,80.9438,-60.6836
30375,96.0095,8.885,6.24,-0.06,B8Vn,337.5981,,348.4321,-36.0409,342.3592,53.816
30384,96.043,-11.5301,5.21,1.23,K3III,81.9596,,106.8376,-11.0203,104.0999,-21.355
30390,96.0577,-60.2813,5.78,-0.001,A0V,36.7451,,93.0233,-4.8666,45.858,-80.7879
30395,96.0857,-12.9619,6.12,-0.076,B4V,259.4179,,289.0173,-29.8599,280.0656,-64.8277
30407,96.1108,-63.4289,6.45,0.66,G3III/IV,2.3099,,31.7561,-1.5121,14.124,-28.402
30428,96.1823,25.0487,6.35,1.21,K2III,150.9385,,245.098,-23.9126,220.7547,103.7717
30430,96.1829,-28.7801,6.37,0.626,G2V,1.1803,,21.8818,-2.0656,19.0673,-10.535
30432,96.1854,-40.284,6.3,-0.049,B9V,72.3103,,165.8375,-13.6308,125.7725,-107.2266
30445,96.2199,16.0571,6.35,1.063,G9III,49.9804,,141.0437,-14.6851,134.7432,39.0121
30447,96.2246,49.2879,4.92,1.905,K5Iabvar,93756200.6926,,100000.0,-7072.1854,64841.3206,75799.6526
30451,96.2325,-63.8281,6.26,-0.119,B6V,137.1513,,224.2152,-10.7362,98.309,-201.2276
30468,96.3042,7.0857,6.26,0.85,K1Iabv SB,1863.803,,826.4463,-90.0562,815.1751,101.9455
30472,96.3189,-0.9459,5.88,0.564,F8V,4.3652,,33.5683,-3.6941,33.3598,-0.5541
30491,96.3674,14.722,6.3,2.349,C5II,26302679.919,,100000.0,-10726.2469,96120.3992,25412.9195
30492,96.3693,-69.6903,5.37,0.971,G8III,42.462,,82.7815,-3.1876,28.5556,-77.635
30493,96.375,-35.0642,6.24,1.353,K3III,78.7771,,168.3502,-15.3003,136.9441,-96.7161
30497,96.3872,23.3272,6.05,0.02,A2Vn,75.0931,,150.6024,-15.3847,137.4335,59.6357
30518,96.4319,-48.1769,5.76,-0.061,B9V,140.4753,,180.1802,-13.4595,119.3938,-134.2716
30522,96.4464,-3.889,6.33,1.018,G9III,211.2516,,287.3563,-32.1883,284.8819,-19.4897
30529,96.468,11.1259,6.39,0.077,A0,36.7113,,123.1527,-13.6123,120.069,23.7642
30535,96.4951,-7.895,6.4,0.145,A4V,72.3103,,173.6111,-19.4525,170.8618,-23.8468
30554,96.5398,-3.5157,6.42,1.039,G5,70.4693,,173.0104,-19.6676,171.5611,-10.6093
30578,96.6077,56.2851,5.53,0.238,A3m,30.0331,,74.9625,-4.788,41.3324,62.3545
30587,96.6435,-4.5974,6.16,-0.151,B2.5V,471.1943,,396.8254,-45.7616,392.8926,-31.807
30593,96.6649,-1.5073,5.87,0.07,A3Vn,20.5305,,72.4638,-8.4074,71.9492,-1.9062
30596,96.6777,-14.6034,6.32,1.242,K0/K1III,74.4046,,169.7793,-19.105,163.1798,-42.806
30602,96.6869,-7.5119,6.35,-0.061,A0Vn,14.2824,,75.4148,-8.7062,74.2589,-9.8592
30606,96.7036,58.4174,5.21,1.538,K4III,264.4844,,191.9386,-11.7345,99.8362,163.5098
30630,96.7672,-58.0021,5.82,1.279,K3III,122.1237,,172.7116,-10.7841,90.8802,-146.4711
30633,96.7816,-37.8955,6.48,0.394,F3V,5.6598,,50.4032,-4.6968,39.4965,-30.9588
30639,96.7974,-25.8565,6.05,0.545,F8/G0V,2.9539,,29.8686,-3.1813,26.6895,-13.0263
30644,96.8073,0.2992,5.19,1.186,K1II,495.6784,,260.4167,-30.8671,258.5773,1.3601
30647,96.815,-0.276,5.55,1.376,K5III,236.592,,212.3142,-25.1936,210.8117,-1.0227
30655,96.8352,2.9083,5.55,1.035,G9III,46.8166,,94.4287,-11.2239,93.6368,4.7911
30668,96.898,32.5629,6.43,1.264,K0,79.726,,184.8429,-18.7102,154.6581,99.4872
30696,96.9861,20.4963,6.22,0.041,A2Vs,57.4381,,142.4501,-16.2292,132.4416,49.8785
30699,96.9899,-4.7622,5.06,-0.175,B2V,915.377,,333.3333,-40.4246,329.7137,-27.6732
30715,97.0425,-32.5801,4.47,-0.169,B4V,239.4418,,129.8701,-13.4173,108.6081,-69.9322
30721,97.0603,70.5353,6.03,0.103,A4V,106.7579,,177.9359,-7.288,58.8432,167.7663
30725,97.0699,1.9127,6.48,-0.064,B9V,58.1835,,161.5509,-19.8725,160.2333,5.392
30731,97.0784,10.3039,6.16,1.15,K2III-IV,20.0447,,81.8331,-9.9214,79.8997,14.6374
30742,97.1169,16.2384,6.24,0.894,G5,13.2069,,68.918,-8.1979,65.6588,19.2718
30754,97.142,30.493,5.75,0.779,F5.5Ibv,43651583.224,,100000.0,-10713.364,85500.4984,50743.3603
30763,97.1559,-17.466,5.76,1.118,K0III,84.5668,,139.8601,-16.6191,132.3727,-41.9776
30767,97.1635,-32.3713,5.74,-0.16,B5IV,308.4608,,264.5503,-27.8631,221.6941,-141.6412
30776,97.1767,-41.0749,6.32,0.39,F2/F3V,14.3615,,74.5712,-7.0231,55.7752,-48.9966
30794,97.2045,-7.0331,3.76,-0.113,B3Ve,1174.8976,,207.4689,-25.823,204.2822,-25.4029
30810,97.2408,20.2121,4.13,-0.115,B6III,541.0034,,166.9449,-19.7459,155.4151,57.6789
30833,97.3117,2.6462,6.17,1.539,M1,267.4238,,300.3003,-38.1777,297.5408,13.8644
30859,97.3688,-56.8528,5.2,1.087,K0III,63.0376,,93.2836,-6.5419,50.5855,-78.1034
30880,97.4545,-50.2391,5.28,0.371,F2V,17.8156,,51.4403,-4.2685,32.6224,-39.5432
30899,97.5124,46.6856,5.88,1.448,K4III,135.7688,,187.2659,-16.7956,127.3621,136.2546
30900,97.5125,-65.5682,6.28,0.329,F0III,25.0957,,96.8054,-5.2349,39.6959,-88.1369
30913,97.547,-10.0815,5.92,1.373,K0,380.8904,,319.4888,-41.3135,311.831,-55.9262
30915,97.5492,-19.2149,6.44,1.683,M0/M1III,240.547,,322.5806,-40.0191,301.9697,-106.1652
30951,97.6453,-13.1482,6.16,-0.137,B2III,748.1695,,500.0,-64.7766,482.5643,-113.7351
30964,97.6929,-27.7696,5.92,-0.156,B3IV/V,531.6184,,377.3585,-44.6965,330.8924,-175.8177
30966,97.6963,58.1626,5.86,0.934,K0IV,12.28,,55.8036,-3.9423,29.1718,47.4079
30983,97.7496,-40.9163,6.19,1.398,K3III,87.4178,,173.3102,-17.6598,129.7688,-113.5104
30993,97.7898,11.2514,6.17,-0.116,B2V:nne,272.1448,,303.0303,-40.2833,294.4636,59.1254
30995,97.7944,-61.8795,6.15,-0.147,B3V,436.5158,,380.2281,-24.3043,177.556,-335.3455
30999,97.8046,-35.2588,5.82,0.813,G8III+...,145.7471,,188.6792,-20.9214,152.6394,-108.9191
31005,97.8262,-51.826,5.58,0.534,F8V,6.9566,,36.914,-3.1066,22.6023,-29.0195
31010,97.846,-12.392,5.16,1.262,K1III,94.8855,,112.3596,-14.981,108.7145,-24.1122
31012,97.85,-32.8685,6.31,1.665,M4III,257.7508,,314.4654,-36.0742,261.65,-170.6646
31025,97.8956,-36.94,6.26,1.599,M2/M3III,133.0454,,220.7506,-24.2371,174.7656,-132.6664
31031,97.906,15.9035,6.38,0.275,A8V,44.5041,,134.9528,-17.852,128.5538,36.9795
31045,97.9512,11.5444,5.22,0.185,A3V,28.8138,,63.6537,-8.6271,61.7664,12.7389
31048,97.9586,-8.1582,5.43,1.373,K2III,268.6581,,214.1328,-29.3482,209.9242,-30.387
31052,97.964,-23.4184,4.34,-0.245,B1III,2870.7806,,423.7288,-53.8722,385.0748,-168.408
31062,97.993,-58.7538,5.69,-0.057,B9V,248.4277,,232.0186,-16.7351,119.1826,-198.3635
31081,98.0773,17.7843,6.26,0.541,F6V...,17.5711,,80.2568,-10.7379,75.6634,24.5133
31082,98.08,4.856,5.88,0.997,K0V,115.133,,172.4138,-24.1468,170.0895,14.5951
31088,98.0891,-37.6967,5.25,0.982,G8III,48.5289,,83.7521,-9.3249,65.6102,-51.2129
31090,98.0964,-5.8688,5.6,0.256,F0Vnn+...,8.774,,41.841,-5.8619,41.2068,-4.2783
31091,98.097,11.6735,6.08,1.069,K0III,142.8236,,210.5263,-29.0391,204.1166,42.5968
31096,98.1133,32.4549,5.82,0.188,A3m + A3m,26.5705,,80.5802,-9.5961,67.3142,43.2422
31113,98.1624,-32.0304,5.73,-0.18,B2V,1284.6949,,537.6344,-64.7125,451.1711,-285.1451
31128,98.1953,-11.1664,6.3,1.096,K0III:...,39.9945,,123.3046,-17.2441,119.735,-23.879
31139,98.2259,7.333,4.47,0.023,A0Ib,141905752.1689,,100000.0,-14190.6826,98161.6875,12763.5272
31164,98.2927,-38.6252,6.44,0.999,G8III,52.4324,,150.6024,-16.9697,116.4273,-94.0095
31188,98.3596,-52.3292,6.18,1.088,G8III,99.2659,,183.8235,-16.3324,111.1452,-145.5028
31189,98.3611,-20.924,6.39,0.817,K0III+...,23.6374,,98.8142,-13.4212,91.3169,-35.2894
31200,98.4007,14.1552,5.57,1.105,K2III:,30.5914,,77.0416,-10.9136,73.9009,18.8404
31201,98.408,-1.2202,5.09,-0.132,B5Vn,230.9936,,169.7793,-24.8197,167.9164,-3.6153
31222,98.4562,-36.232,5.42,1.419,K3III,85.2707,,120.048,-14.2398,95.7816,-70.9552
31282,98.6367,55.353,6.45,1.554,K0III:,200.4472,,295.858,-25.2583,166.2933,243.3937
31285,98.6472,-32.7163,5.62,-0.085,B9V,127.9971,,161.2903,-20.4029,134.1602,-87.174
31308,98.693,7.5725,6.44,-0.01,A0Vs,30.8177,,115.4734,-17.3004,113.1514,15.2171
31330,98.7441,-52.9756,4.35,-0.021,B9III,2774.5976,,418.41,-38.3015,249.0193,-334.0499
31339,98.7641,-22.9648,4.54,-0.035,A0III,243.6688,,135.318,-18.9839,123.1386,-52.7964
31357,98.8003,28.0223,5.26,-0.008,A0Vnn,88.1455,,113.3787,-15.3123,98.9085,53.2671
31367,98.816,0.8902,5.78,0.004,B8Ib,927.2567,,467.2897,-71.6086,461.7133,7.2601
31369,98.8233,9.9883,5.93,1.508,K4III,815.0796,,469.4836,-70.9216,456.896,81.4308
31378,98.8509,-36.7799,5.59,-0.13,A0V,123.481,,156.25,-19.2556,123.6569,-93.5535
31390,98.8784,-22.1091,6.32,1.03,K0III,46.6445,,134.4086,-19.219,123.0334,-50.5875
31429,98.9752,-36.0886,6.36,0.486,F6V,3.9048,,39.604,-4.9929,31.6124,-23.3282
31484,99.0952,-18.6599,5.71,0.848,G8/K0III+..,52.3842,,107.5269,-16.1039,100.5938,-34.4032
31499,99.1368,38.4455,5.4,2.773,C5II,60255958.6074,,100000.0,-12436.6269,77326.2685,62176.9935
31503,99.1472,-5.2111,5.52,-0.082,B8V,287.8724,,230.9469,-36.5623,227.0676,-20.976
31512,99.171,-19.2559,3.95,1.037,K1III+...,8.9372,,19.7511,-2.9718,18.4078,-6.5137
31514,99.1711,-22.6147,6.35,-0.117,B3V,261.3365,,322.5806,-47.4608,293.9713,-124.0428
31518,99.1942,-13.321,5.95,1.562,K4/K5III,161.5846,,210.9705,-32.802,202.6567,-48.6091
31523,99.2136,-41.5571,6.36,1.147,K0II,580.7644,,483.0918,-57.8812,356.831,-320.467
31537,99.2579,-38.1465,6.03,1.03,K0III,41.0771,,110.3753,-13.9647,85.6722,-68.176
31557,99.3077,-36.9907,5.72,-0.112,B6IV,552.5862,,350.8772,-45.3276,276.5676,-211.1174
31566,99.3502,6.1354,6.05,0.018,O8e,33113112.1483,,100000.0,-16153.7372,98106.2053,10687.8087
31570,99.3637,24.5909,6.44,0.101,A3V,34.3875,,121.9512,-18.042,109.413,50.7482
31582,99.4037,10.8533,6.39,1.351,K0,56.2341,,152.439,-24.4615,147.7004,28.7035
31585,99.41,56.8575,5.87,0.006,A2V,40.439,,101.7294,-9.0934,54.8694,85.1794
31592,99.418,2.7042,6.17,1.08,K1III,54.6009,,135.6852,-22.1783,133.7072,6.4015
31594,99.42,-12.9851,6.11,0.994,K1III:,20.0447,,80.0,-12.7588,76.9031,-17.9758
31596,99.423,61.4812,5.94,0.899,G8IV-V,9.9266,,52.0562,-4.0692,24.5187,45.7397
31601,99.4279,16.3993,1.93,0.001,A0IV,165.3484,Alhena,33.5121,-5.2662,31.7145,9.4614
31605,99.4403,-43.1959,3.17,-0.103,B8III SB,609.8177,Pipit,113.8952,-13.6188,81.9071,-77.9607
31608,99.4484,-32.3397,5.25,1.177,K1III,105.1962,,123.3046,-17.1019,102.7657,-65.9604
31617,99.4696,4.9567,6.14,0.091,B1Ib,30478949.8963,,100000.0,-16390.9098,98268.4305,8640.2344
31620,99.4726,-18.2375,4.42,1.137,K0II/III,247.9705,,129.199,-20.1949,121.0358,-40.4336
31623,99.4798,73.6956,6.26,0.396,F2,3.5286,,35.9583,-1.6626,9.9571,34.5122
31631,99.5016,-61.5334,6.15,0.624,G1/G2V,1.369,,21.2947,-1.6755,10.0108,-18.7201
31653,99.5852,-2.5439,6.14,1.47,K2,164.8922,,232.5581,-38.6862,229.0854,-10.322
31656,99.5955,-23.5803,6.48,0.664,A2V,122.2362,,234.192,-35.778,211.6341,-93.6848
31657,99.5959,28.9844,5.76,-0.001,B9npe...,48.8427,,106.2699,-15.4962,91.6591,51.4953
31678,99.6476,-16.8735,6.01,0.042,A0IV,76.7715,,149.4768,-23.972,141.0185,-43.3872
31685,99.6568,-48.2202,5.05,0.997,G8III,177.8279,,146.1988,-16.3398,96.0276,-109.022
31686,99.6591,1.6135,6.23,0.086,O9.5II,1247.3835,,666.6667,-111.813,656.9551,18.7717
31691,99.6648,39.3909,5.7,1.367,K5III,102.4236,,149.7006,-19.423,114.0518,95.0011
31709,99.7049,39.9026,5.34,-0.075,B8III,1124.0872,,420.1681,-54.3359,317.7135,269.5311
31733,99.7721,22.0309,6.09,1.027,G9III,53.2599,,129.199,-20.3276,118.0274,48.4634
31746,99.8197,-14.1458,4.82,1.459,K2III,943.6262,,303.0303,-50.114,289.5366,-74.0575
31751,99.8326,42.4889,4.8,1.236,K3III,170.2943,,127.551,-16.0622,92.6756,86.1539
31769,99.8812,24.6002,6.43,0.523,F8IV,2.5073,,32.7761,-5.114,29.3591,13.6441
31771,99.888,28.2631,6.02,-0.087,B7III,227.1956,,258.3979,-39.0828,224.2115,122.357
31778,99.9009,-23.6957,6.05,-0.031,A0V,143.7474,,208.3333,-32.8019,187.9281,-83.7247
31787,99.9278,-30.4705,5.7,1.134,K1III,24.615,,73.3676,-10.9021,62.288,-37.2043
31793,99.9488,12.9828,5.99,0.063,A2V,21.757,,78.8644,-13.277,75.6928,17.7175
31806,99.9912,44.0141,6.35,1.222,K1III,113.24,,212.3142,-26.4911,150.3741,147.5235
31814,100.0121,-80.8136,5.61,0.214,A5III,79.9466,,126.9036,-3.5223,19.9512,-125.276
31857,100.1202,77.9958,5.75,1.488,K5III,200.0783,,214.1328,-7.8256,43.8432,209.4502
31863,100.1344,71.7488,5.88,1.223,K0III,218.5748,,237.5297,-13.0895,73.2298,225.5802
31895,100.2444,9.8958,4.66,-0.233,O7,945.366,,281.6901,-49.3526,273.0753,48.4102
31909,100.2727,0.4953,5.79,-0.094,B8III,622.3003,,384.6154,-68.587,378.4359,3.325
31922,100.309,-40.3498,6.16,-0.146,B4V,378.7913,,355.8719,-48.5354,266.8336,-230.4103
31927,100.3218,11.0032,6.19,1.675,M1III,29107171.1807,,100000.0,-17588.1908,96573.111,19086.3768
31934,100.3371,28.1966,6.45,1.09,G5Ib,917.9098,,632.9114,-100.0917,548.7509,299.05
31935,100.3414,16.3976,6.28,-0.016,A1V,204.3619,,276.2431,-47.5723,260.7022,77.984
31955,100.4073,35.9319,6.48,0.509,F8III,15.6603,,83.8223,-12.2608,66.7555,49.1889
31979,100.4849,-9.1675,5.21,1.525,M0III,80.0203,,105.5966,-18.9707,102.5071,-16.8238
31982,100.4968,6.3454,6.36,-0.084,O6,1818.0256,,854.7009,-154.7559,835.249,94.4635
32006,100.5683,-38.3988,6.28,0.346,A+...,18.4162,,82.9187,-11.9185,63.8816,-51.5034
32019,100.6014,17.6453,5.2,0.063,A2V,13.7911,,43.63,-7.6492,40.8676,13.2253
32059,100.6919,-22.4486,6.26,0.321,F2V,8.0538,,54.3183,-9.3139,49.3306,-20.7417
32088,100.7708,44.5245,5.04,1.479,K5III,82.6418,,99.2063,-13.2179,69.4832,69.5648
32092,100.7776,3.0338,6.18,1.366,K0,111.1732,,194.5525,-36.3297,190.8528,10.2967
32105,100.8072,37.1474,6.21,1.026,K0,71.978,,158.7302,-23.7235,124.2774,95.852
32123,100.8473,-39.1931,6.3,0.258,A8:+...,48.3059,,135.5014,-19.7633,103.1399,-85.6282
32137,100.9031,-73.1182,6.36,0.96,G8III,46.5586,,136.7989,-7.5141,39.009,-130.9037
32141,100.911,3.9325,5.88,-0.046,B0III,2978.5164,,877.193,-165.6481,859.3074,60.1594
32161,100.983,25.1311,3.06,1.377,A3mA6-A9,3489.7957,Mebsuta,259.0674,-44.6848,230.2476,110.0237
32164,100.9971,13.228,4.49,1.167,K1III,109.3453,,88.574,-16.4479,84.6405,20.2681
32176,101.0479,53.2959,6.28,1.089,K0,16.4286,,78.3085,-8.969,45.9362,62.7825
32182,101.0522,36.1093,6.37,0.065,A2V,195.7041,,281.6901,-43.627,223.3551,166.0076
32184,101.0533,-54.6955,6.47,-0.119,B5/B6V,109.144,,220.2643,-24.4054,124.9341,-179.756
32207,101.1186,-31.0705,5.23,-0.127,B2V,70469306.8967,,100000.0,-16517.4429,84045.5648,-51609.2736
32226,101.1894,28.9709,5.42,1.445,K4III,126.1247,,145.9854,-24.784,125.2898,70.7103
32237,101.2165,-27.3417,6.43,0.55,F7V,1.7187,,27.137,-4.6889,23.6449,-12.4639
32247,101.2319,-70.4338,6.1,1.335,K3III,120.6702,,195.3125,-12.7405,64.1567,-184.0342
32263,101.2872,-16.7161,-1.44,0.009,A0m...,22.8244,Sirius,2.6371,-0.4943,2.4768,-0.7585
32276,101.3224,12.8956,3.35,0.443,F5IV,12.8944,Alzirr,17.9986,-3.4445,17.2032,4.0168
32280,101.3457,-31.7937,5.92,0.491,F7V,2.2182,,24.3784,-4.0763,20.3155,-12.844
32282,101.3474,-23.4624,6.04,1.205,K2III,71.2525,,145.9854,-26.3487,131.2978,-58.1237
32299,101.38,-30.949,5.62,-0.138,B+...,1662.6468,,581.3953,-98.3848,488.8167,-298.9968
32316,101.4738,-52.4097,5.81,1.551,K3III,645.0598,,395.2569,-47.9619,236.2927,-313.1987
32318,101.4758,12.6936,6.47,0.344,A9III,1729.8164,,877.193,-170.256,838.6461,192.7514
32325,101.4975,-14.7961,5.3,0.075,A1IV/V,111.6863,,130.039,-25.0605,123.2041,-33.2094
32348,101.5506,-37.7753,6.19,-0.123,B3Vne,480.8393,,406.5041,-64.3368,314.8014,-249.0109
32352,101.5589,59.4417,4.86,0.084,A3V,42.9339,,65.8328,-6.7067,32.7916,56.6894
32353,101.5601,79.5648,5.44,0.525,F8V,1.8552,,17.8731,-0.6487,3.1716,17.5775
32377,101.6351,8.5872,5.92,-0.173,B2.5V,258.464,,263.1579,-52.478,254.8611,39.2931
32388,101.6626,-10.1074,5.66,-0.048,B9.5V,130.017,,165.5629,-32.9487,159.6285,-29.0552
32391,101.6736,-54.695,6.45,0.858,G6III,37.0851,,127.2265,-14.8774,72.007,-103.8279
32394,101.6847,43.5774,5.24,0.575,G0V,1.9516,,16.7168,-2.4527,11.8594,11.5235
32403,101.7063,57.1692,5.34,0.964,K0III,26.644,,64.6831,-7.1152,34.3392,54.3516
32406,101.7129,-14.426,5.28,-0.024,B8/B9III,400.3133,,243.9024,-47.9529,231.2936,-60.7631
32408,101.7195,-51.2657,5.39,1.33,K1II/IIIp+G:,387.9717,,252.5253,-32.0946,154.7138,-196.9838
32414,101.7438,-87.025,6.46,0.429,F3V,3.5156,,39.3546,-0.4157,1.9998,-39.3016
32418,101.7562,-21.0154,6.07,-0.159,B7II/III,189.6706,,241.5459,-45.9408,220.7495,-86.6229
32445,101.828,-55.54,5.6,1.549,K5III,170.6082,,184.5018,-21.3986,102.1802,-152.1257
32447,101.8326,8.0373,4.77,1.396,K4III,245.6971,,151.0574,-30.6706,146.3953,21.1204
32451,101.8392,-37.9297,5.27,-0.078,B8/B9V,67.112,,99.4036,-16.0862,76.7382,-61.1028
32453,101.8477,18.1935,6.35,0.066,A2V,78.4152,,176.6784,-34.4607,164.2702,55.1637
32472,101.9051,-8.9985,5.08,1.795,M1II,1516.3519,,432.9004,-88.2044,418.3756,-67.7094
32476,101.9149,48.7895,5.22,1.131,K1III,86.856,,110.4972,-15.0299,71.2302,83.1264
32492,101.9652,2.4122,4.48,1.099,K0III,179.1431,,112.8668,-23.3785,110.3168,4.7503
32521,102.0479,-61.9414,3.24,0.225,A7IV,38.6189,,29.6033,-2.9065,13.6179,-26.1239
32523,102.0511,55.7042,5.54,0.0,F5V:+...,10.3753,,44.2674,-5.2077,24.3935,36.571
32531,102.0794,-1.3189,5.75,0.292,F1V,6.9759,,39.984,-8.3651,39.0883,-0.9203
32591,102.2406,-15.1447,5.39,-0.096,B7IV,159.8085,,162.0746,-33.1691,152.889,-42.3433
32596,102.2652,1.0021,6.16,-0.134,B3II-III,29922646.3661,,100000.0,-21240.4937,97702.5229,1748.8442
32612,102.3184,-2.272,5.75,-0.098,B8IIIn,135.2695,,176.0563,-37.531,171.8678,-6.9796
32653,102.4221,32.6068,5.72,1.298,K3II,72.9794,,127.551,-23.1133,104.9321,68.7334
32657,102.4333,-24.0761,6.31,0.054,A0/A1V,157.3258,,245.7002,-48.2981,219.0644,-100.2332
32659,102.4345,37.5127,6.49,1.553,K5,111.4808,,224.7191,-38.3817,174.0699,136.84
32667,102.4577,16.2029,5.87,-0.136,B7III,270.645,,263.1579,-54.513,246.7554,73.4315
32672,102.4602,-32.5085,3.5,-0.116,B1.5IVne,1415.1419,,202.0202,-36.7585,166.3532,-108.5706
32675,102.4638,-53.6224,4.41,0.899,G6II,418.0228,,166.9449,-21.3698,96.6821,-134.4117
32679,102.4776,-46.6146,5.14,0.46,F5III,4.8843,,25.2589,-3.7487,16.9406,-18.3569
32682,102.484,-50.6146,2.94,1.207,K0III...,180.8007,,55.8036,-7.6543,34.5721,-43.1303
32689,102.5042,-60.2491,6.11,0.457,F7III-IV,3.5416,,33.6247,-3.6126,16.2898,-29.1927
32723,102.5907,-17.0846,5.77,1.435,K3III,566.5001,,363.6364,-75.7693,339.2312,-106.8301
32724,102.5973,-31.7061,5.74,0.094,B3V,174.7431,,199.2032,-36.9616,165.3935,-104.6936
32728,102.6062,13.4132,5.68,1.329,K3III,1360.1913,,540.5405,-114.7547,513.1206,125.3901
32741,102.654,-25.7784,6.32,-0.183,B2III/IV,602.5596,,483.0918,-95.2958,424.4497,-210.0925
32752,102.6763,-8.041,6.31,0.011,A2p SrCrEu,26.0136,,99.9001,-21.7067,96.5068,-13.9742
32758,102.6915,41.7812,4.99,1.256,K3III,118.5769,,116.144,-19.0278,84.4919,77.3854
32765,102.7076,-0.5409,5.78,0.396,F2V,3.7394,,29.6824,-6.5291,28.954,-0.2802
32769,102.7181,-34.3673,4.99,1.379,K2/K3III,549.5409,,250.0,-45.431,201.2959,-141.1241
32778,102.7379,67.5719,5.14,-0.152,B4IV,614.3276,,283.2861,-23.8307,105.4203,261.8581
32826,102.8624,-70.9634,5.41,-0.11,B7IV,178.1558,,172.7116,-12.5405,54.9201,-163.2661
32831,102.8857,-48.2928,6.42,1.207,K2/K3III,101.3911,,207.4689,-30.7826,134.5581,-154.8867
32834,102.8877,21.7611,5.28,-0.02,A2V,152.616,,150.6024,-31.1967,136.3466,55.8341
32844,102.9141,3.042,6.37,0.052,A2Vs,27.2145,,105.042,-23.4427,102.2408,5.5743
32851,102.9268,-36.2303,5.94,0.183,A3V,11.1686,,55.2181,-9.9642,43.4128,-32.6357
32881,103.0,23.6017,5.68,1.467,K5III,93.6699,,141.844,-29.2388,126.6475,56.791
32903,103.0953,-5.3163,6.3,0.977,K0,52.3359,,141.0437,-31.8189,136.7849,-13.0682
32926,103.1893,-59.3412,6.41,0.181,A3m...,50.2111,,145.3488,-16.9112,72.1618,-125.0318
32931,103.1964,-43.9756,6.47,-0.101,B8V,47.6431,,145.5604,-23.9135,101.9843,-101.0701
32932,103.1972,33.9613,3.6,0.102,A3III,106.2674,,57.971,-10.9773,46.8122,32.3845
32937,103.2061,8.3804,5.75,0.27,F0Vn,16.9512,,62.3053,-14.082,60.0099,9.0806
32953,103.2513,-26.9576,6.33,1.408,M6III,199.7101,,279.3296,-57.0712,242.349,-126.6289
32954,103.2559,38.8692,6.1,0.406,F2V,71.7133,,150.6024,-26.8869,114.132,94.5096
32957,103.2647,35.788,6.03,1.455,K3III:,290.0013,,293.2551,-54.5828,231.5378,171.492
32961,103.2711,59.4485,5.34,0.675,G4III...,141.9058,,149.2537,-17.416,73.8414,128.5333
32969,103.2816,44.8399,6.24,0.239,A8Vn,23.8781,,92.6784,-15.0975,63.9586,65.3502
32978,103.3058,38.438,6.32,0.516,F5V:,12.4853,,69.541,-12.5362,53.0079,43.2314
32990,103.3284,-19.0328,5.65,0.279,A9/F0III,43.6516,,95.511,-20.8147,87.8577,-31.147
32992,103.341,-18.9328,6.13,0.156,A3III,49.6592,,127.0648,-27.7335,116.9471,-41.2274
32995,103.3433,10.9967,6.3,0.962,K0III,36.5763,,117.9245,-26.7156,112.6342,22.4943
33005,103.3871,-20.2243,4.82,-0.212,B1Ib,1430.8694,,373.1343,-81.0651,340.6156,-128.9908
33007,103.3913,-28.5398,6.05,0.708,G3/G5V,2.2202,,25.8933,-5.2682,22.1284,-12.371
33017,103.426,68.8883,5.11,-0.114,B7III,709.9046,,300.3003,-25.1146,105.2082,280.1442
33039,103.4811,-24.5388,6.23,0.016,A0V,74.6793,,163.1321,-34.5951,144.3093,-67.7502
33046,103.4878,38.505,6.46,-0.044,B9.5sp...,119.4538,,229.3578,-41.8627,174.5345,142.7943
33052,103.5095,-50.6116,6.24,0.988,K0/K1III,8.1358,,54.1126,-8.0217,33.3883,-41.8216
33065,103.5331,-24.1842,3.89,1.74,K3Iab,242102904.6736,,100000.0,-21346.9521,88690.4668,-40967.1665
33067,103.5358,-5.8522,6.39,0.174,A6Vn,64.8634,,163.6661,-38.1069,158.2908,-16.6878
33073,103.5475,-12.0386,4.08,1.418,K4III,129.8973,,79.9361,-18.3133,76.0029,-16.6724
33097,103.6028,-1.127,5.44,0.167,A4IV,166.2647,,169.2047,-39.7874,164.4266,-3.328
33102,103.6112,-42.3656,6.32,2.287,C3II,652.2288,,502.5126,-87.3755,360.8591,-338.6224
33115,103.661,13.1778,4.73,0.321,F0Vp,7.3384,,25.6279,-5.8933,24.2471,5.8425
33123,103.6752,-1.7565,6.2,0.487,B3IVe+...,28840315.0313,,100000.0,-23630.6257,97119.5052,-3065.1662
33156,103.7455,-2.8036,6.03,1.102,G6III:,377.3984,,334.4482,-79.3729,324.481,-16.3586
33161,103.7614,-20.4049,5.8,0.048,A2V,99.5405,,154.5595,-34.4595,140.703,-53.8874
33182,103.8111,43.91,6.16,0.314,A9III,288.6689,,310.559,-53.4105,217.2673,215.3814
33184,103.8133,45.8264,6.31,0.945,K0III-IV,49.4311,,137.741,-22.9168,93.2068,98.7922
33190,103.8278,25.3757,5.74,0.573,G0V,1.3098,,17.2414,-3.7232,15.1264,7.3888
33210,103.8942,8.3243,6.28,0.037,A0V,19.5704,,85.4701,-20.3077,82.0952,12.374
33215,103.906,-20.1365,4.66,0.374,F2IV/V,10.4232,,29.5858,-6.6757,26.9633,-10.1851
33229,103.9455,-22.9414,5.29,-0.163,B2/B3III,66680676.9214,,100000.0,-22193.7196,89376.0351,-38979.0093
33243,103.9782,-31.7902,6.36,-0.155,B3V,216.5708,,294.9853,-60.5652,243.3077,-155.4012
33258,104.0277,-14.0434,5.0,1.182,B9.5V,1268.2358,,381.6794,-89.7504,359.2298,-92.6173
33260,104.0343,-17.0542,4.36,-0.063,B3Ib/II,9289.6639,,769.2308,-178.3375,713.4546,-225.5976
33270,104.0666,-48.7211,4.94,1.668,M1III,640.9144,,263.8522,-42.3077,168.85,-198.2869
33285,104.1076,9.9566,5.9,-0.085,B8Vn,73.7225,,139.2758,-33.4364,133.0408,24.081
33290,104.1336,46.274,5.85,-0.079,B8III,593.745,,386.1004,-65.1668,258.798,279.0168
33297,104.1437,-79.4202,5.45,0.041,B9.5V,67.112,,107.9914,-4.845,19.2267,-106.1556
33307,104.1904,-35.3413,6.27,1.278,K2III,101.5781,,193.7984,-38.7539,153.2616,-112.102
33328,104.2336,46.7054,5.88,1.093,K0III:,44.5041,,107.1811,-18.0718,71.2431,78.0104
33333,104.2504,-8.1793,6.31,0.641,A2V+...,492.4929,,434.7826,-105.9373,417.1174,-61.8571
33334,104.2522,33.681,5.91,0.878,G5III,63.2121,,129.5337,-26.5368,104.4723,71.8354
33357,104.3047,57.5633,6.03,1.495,K3III,206.6332,,247.5248,-32.8033,128.648,208.9071
33362,104.3192,58.4228,4.35,0.85,G5III-IV,47.3805,,54.6747,-7.0809,27.7408,46.5793
33364,104.3233,-35.5072,6.23,0.465,F5V,5.2143,,43.1034,-8.6805,33.9973,-25.0347
33366,104.3271,37.3947,6.48,1.673,M3,617.1632,,526.3158,-103.4724,405.1377,319.633
33378,104.3566,11.9076,6.26,0.349,F2Ib-II,2427.7278,,943.3962,-228.8876,894.2688,194.6539
33391,104.3913,-24.6308,5.45,0.39,F3V,8.2794,,37.9363,-8.5709,33.4025,-15.8107
33398,104.4046,45.0941,4.9,0.027,A2Vn,52.0955,,73.8552,-12.9702,50.4986,52.3092
33405,104.4276,-27.5375,6.22,-0.147,B2/B3V,276.4394,,312.5,-69.0405,268.3576,-144.4779
33444,104.5315,-27.1644,6.36,-0.186,B2V,1818.0256,,854.7009,-190.8003,736.1016,-390.2094
33471,104.6046,-34.1117,5.07,-0.154,B4IV/V,266.9316,,180.8318,-37.7511,144.8814,-101.412
33488,104.6496,-25.4142,5.59,-0.162,B2V,354.1604,,264.5503,-60.432,231.1815,-113.534
33490,104.6516,-56.3948,6.46,0.389,F2II,20.193,,94.3396,-13.207,50.5159,-78.5728
33492,104.6565,-28.9721,1.5,-0.211,B2II,3375.981,Adhara,124.2236,-27.4979,105.1414,-60.1719
33497,104.6621,7.6223,6.25,0.105,A3V,12.8469,,68.306,-17.1368,65.4977,9.0603
33501,104.6657,-55.7291,6.26,1.16,K2III,21.301,,88.3392,-12.5942,48.1236,-73.0022
33503,104.6739,-45.7676,6.23,-0.006,A0V,40.5135,,120.1923,-21.2388,81.1079,-86.1197
33504,104.6821,-30.998,6.41,-0.137,B3V,128.5879,,232.5581,-50.5251,192.8361,-119.7694
33508,104.6976,26.0811,6.2,0.52,F8Vbwvar,6.5524,,47.6644,-10.8619,41.41,20.9553
33516,104.7376,3.6024,5.96,1.056,G8III,237.684,,257.0694,-65.2674,248.1209,16.1521
33527,104.7619,38.0523,6.02,1.218,K2III,223.8721,,256.4103,-51.4472,195.2454,158.0464
33557,104.8341,7.317,6.34,-0.106,B7III,217.9716,,293.2551,-74.4679,281.1729,37.3485
33563,104.8664,25.9142,6.4,-0.111,B8III,321.8103,,366.3004,-84.5304,318.4404,160.0822
33579,104.9136,-21.6029,6.26,-0.164,B2III,423.0581,,393.7008,-94.2062,353.7163,-144.9494
33595,104.9607,-67.9164,5.18,1.396,K3III,59.2652,,89.6057,-8.6968,32.5461,-83.0319
33607,105.0162,76.9774,4.55,1.365,K4III,41.8408,,56.338,-3.2892,12.2614,54.8891
33616,105.0345,-20.1584,6.32,-0.134,B3V,492.4929,,436.6812,-106.3366,395.8995,-150.4878
33628,105.0659,16.079,5.73,1.641,K3Ib,44463126.7469,,100000.0,-24976.2239,92785.2694,27696.2457
33632,105.0752,-5.3672,6.29,0.572,G0III-IV,2.2264,Citalá,28.9603,-7.4991,27.841,-2.7089
33642,105.099,-8.4068,5.95,-0.075,B9III,395.5487,,330.033,-85.0457,315.2156,-48.2511
33667,105.1639,-9.203,6.49,0.142,B1Ib,491.134,,471.6981,-121.7991,449.414,-75.4398
33673,105.1771,-28.4896,6.28,0.449,F3/F5V,12.6357,,68.6813,-15.8036,58.2588,-32.7609
33687,105.2073,-33.4655,6.39,1.052,G8II/III,33.7598,,118.0638,-25.8353,95.0421,-65.1045
33692,105.2145,-51.4026,5.14,1.652,M1III,300.3309,,198.0198,-32.4194,119.2037,-154.7621
33713,105.2714,-58.9399,6.01,0.297,F0V,10.074,,54.1419,-7.3575,26.9474,-46.3794
33717,105.2748,-25.2156,5.64,-0.165,B2/B3III/IV,471.6285,,312.5,-74.4827,272.7346,-133.1332
33740,105.3392,70.8083,5.69,1.337,K4III,112.3052,,156.0062,-13.5663,49.457,147.336
33769,105.4298,-27.9348,3.49,1.729,K4III,4134.2811,Nganurganity,343.6426,-80.7754,292.6591,-160.9852
33785,105.4705,-1.3459,6.2,1.286,K0,90.3649,,176.9912,-47.198,170.5314,-4.1572
33790,105.4849,-5.7221,5.22,1.687,M2III,218.1725,,175.1313,-46.5244,167.9332,-17.4611
33821,105.5645,-43.4039,6.44,-0.039,A0V,42.1114,,134.9528,-26.3083,94.4515,-92.731
33826,105.5729,15.336,5.78,1.14,K1III:,142.4295,,183.1502,-47.4184,170.1444,48.4394
33839,105.6033,24.2154,5.2,0.953,G5II,1510.7757,,456.621,-112.0125,401.0957,187.2917
33841,105.6064,17.7555,5.96,1.518,M1.5,219.3815,,246.9136,-63.2624,226.4828,75.2978
33849,105.6387,16.6744,5.86,1.659,M2III,2333.4581,,769.2308,-198.6423,709.6061,220.7179
33882,105.7282,-4.2392,4.99,-0.195,B1V,1223.4888,,373.1343,-100.8706,358.1809,-27.5825
33888,105.7561,-23.8333,3.02,-0.077,B3Ia,38761.4487,,847.4576,-210.498,746.0638,-342.438
33910,105.8129,-59.1781,5.5,-0.125,B9IV,125.7766,,151.2859,-21.1225,74.5811,-129.9189
33913,105.8247,9.1384,5.96,0.126,A3Vs,37.3938,,101.9368,-27.4448,96.8287,16.1895
33928,105.8769,29.3371,5.93,0.595,G4V,1.3539,,19.1314,-4.5626,16.0416,9.3734
33944,105.9086,10.9518,5.14,1.391,K3III,253.9803,,182.1494,-49.0186,171.9827,34.6054
33956,105.9396,-15.6333,4.11,-0.112,B8II,363.0781,Muliphein,135.5014,-35.8352,125.4716,-36.5148
33966,105.965,12.5942,6.01,1.584,K5,1160.9139,,581.3953,-156.0651,545.5213,126.7704
33971,105.9734,-49.5839,4.92,0.14,A4IV,34.3875,,60.5694,-10.8066,37.753,-46.1149
33977,105.9889,-43.608,5.56,0.624,G3V...,1.4178,,16.5153,-3.2939,11.4957,-11.391
33978,105.9894,-10.1238,6.44,-0.067,B9IIIn,394.8208,,413.2231,-112.054,391.0518,-72.6343
33993,106.0117,-42.3373,5.2,0.198,Am,82.718,,106.8376,-21.7835,75.9099,-71.9544
33998,106.0219,-5.324,5.63,1.29,K3III,704.6931,,380.2281,-104.4918,363.8821,-35.2803
34000,106.0272,20.5703,4.01,0.899,G3Ibv SB,3858.3356,Mekbuda,421.9409,-109.0678,379.6838,148.2516
34017,106.0764,-56.7497,5.14,-0.032,A0p:,65.1628,,92.2509,-14.0068,48.6029,-77.1479
34054,106.196,-22.0317,6.09,1.225,K2IIICN...,35.8096,,105.9322,-27.3895,94.2995,-39.7372
34081,106.2874,47.775,6.37,-0.048,B9IIIn,421.1143,,413.2231,-77.8838,266.5586,305.9966
34089,106.3182,-50.36,6.47,1.424,K3III,226.5687,,317.4603,-56.9046,194.3687,-244.4662
34094,106.3265,22.6375,6.0,-0.027,B8Vn,52.4807,,123.0012,-31.9132,108.9472,47.343
34112,106.3834,-34.7777,6.15,0.353,F2V,8.6298,,53.4474,-12.3827,42.1176,-30.4861
34127,106.4126,9.1858,5.78,1.513,M0III,392.2835,,303.9514,-84.7809,287.8268,48.5217
34129,106.4159,52.7586,6.17,0.102,A3Vs,29.4578,,99.7009,-17.0515,57.8769,79.3711
34148,106.4651,70.7319,6.49,1.568,K0III,271.8942,,350.8772,-32.8173,111.0373,331.2228
34158,106.502,-30.6557,6.34,-0.131,B3V,168.4225,,257.732,-62.9774,212.5807,-131.4119
34160,106.5051,59.8019,6.4,1.19,G8III:,33.9156,,118.9061,-16.9917,57.3444,102.7695
34163,106.5094,-38.3829,6.09,0.702,G0III,134.5241,,205.3388,-45.7408,154.3249,-127.4976
34177,106.5483,34.474,5.55,0.909,G8IV,45.0817,,92.6784,-21.7613,73.2379,52.4589
34180,106.5596,-68.8376,6.47,1.039,K0III,58.8844,,161.8123,-16.6494,55.9934,-150.8998
34207,106.6499,-12.3939,6.48,-0.124,B7Iab...,22284351.4927,,100000.0,-27984.4634,93574.5696,-21463.218
34211,106.6699,-11.294,5.41,0.033,B0.5IV,5214.3479,,934.5794,-262.8988,877.9649,-183.0315
34228,106.7187,-24.9606,6.09,1.341,K2III,251.8837,,280.8989,-73.2594,243.8976,-118.5378
34248,106.777,4.9106,6.1,-0.129,B9.5III,131.22,,203.666,-58.5718,194.2814,17.434
34249,106.7795,-40.8933,5.8,-0.158,B3V,236.3742,,238.0952,-51.9593,172.3202,-155.8695
34259,106.8054,-51.9683,5.96,0.996,K0III,100.2767,,166.9449,-29.7374,98.4617,-131.4975
34260,106.8178,-59.7164,6.46,-0.113,B3V,318.2731,,374.5318,-54.6454,180.791,-323.4232
34268,106.8433,34.0093,5.94,1.507,K4III,148.3201,,201.2072,-48.3284,159.6349,112.5407
34269,106.8441,-23.8407,5.75,-0.117,B2V:nn,43651583.224,,100000.0,-26504.359,87543.0125,-40419.5486
34277,106.8537,28.1767,6.47,-0.081,B9V,187.9317,,289.0173,-73.8643,243.8248,136.4717
34297,106.9562,7.4712,5.74,1.176,K0III:,146.6898,,182.4818,-52.7673,173.0671,23.7278
34338,107.0553,33.8324,6.31,1.356,K1,95.2357,,191.2046,-46.5834,151.843,106.4561
34350,107.0918,15.9307,5.47,1.02,G8III,55.2586,,98.912,-27.9542,90.9126,27.1488
34354,107.0979,-26.3932,1.83,0.671,F8Ia,39192.2322,Wezen,492.6108,-129.7334,421.7612,-218.9797
34372,107.151,37.4451,6.19,1.212,K1III,253.2795,,294.9853,-69.0634,223.7849,179.3513
34382,107.1765,-70.4971,5.68,0.436,F2,11.4815,,49.6524,-4.8954,15.8374,-46.8036
34389,107.1868,-70.4989,3.78,1.006,G8IIIvar,49.204,,42.8633,-4.2281,13.6699,-40.4045
34404,107.2128,-39.6557,4.83,-0.179,B3IV/V,507.6916,,223.2143,-50.8544,164.1545,-142.4492
34445,107.3344,-10.3466,6.23,-0.018,O6,1124.0872,,632.9114,-185.5081,594.3419,-113.672
34471,107.389,-16.2345,6.0,0.04,B1Ib/II,1626.2975,,684.9315,-196.535,627.5654,-191.4859
34488,107.4293,-25.231,5.69,-0.158,B2V,1472.3125,,564.9718,-153.0803,487.6068,-240.8301
34516,107.5279,21.247,6.43,0.88,G9V,4.9023,,45.8295,-12.8643,40.7311,16.6081
34525,107.539,-18.6856,6.23,0.419,F3V,4.9705,,42.0875,-12.0148,38.0157,-13.4838
34530,107.557,-4.2371,4.91,1.02,K0III,36.61,,62.1891,-18.7084,59.1301,-4.5948
34532,107.5805,-27.4915,5.46,0.998,G8III,267.1776,,216.4502,-57.9953,183.0404,-99.9172
34578,107.6979,-48.9321,5.12,1.251,K2III,73.2487,,96.8992,-19.3519,60.6455,-73.0554
34601,107.7849,30.2452,4.41,1.261,K2III,145.345,,98.4252,-25.9711,80.9639,49.5769
34629,107.8461,26.8566,5.75,0.13,A4IV,62.0012,,119.1895,-32.5872,101.2173,53.8449
34631,107.8484,-0.3019,5.44,0.31,F2V,44.1367,,87.184,-26.7215,82.9868,-0.4594
34660,107.9138,39.3205,4.91,1.451,K4II-III,209.5077,,148.8095,-35.4096,109.5399,94.2944
34665,107.9233,-20.8831,5.84,-0.038,A0IV/V,82.4898,,143.2665,-41.1932,127.3592,-51.069
34675,107.9641,5.6547,6.07,-0.016,A1V,92.1298,,168.3502,-51.67,159.3638,16.5881
34677,107.9661,-0.4928,4.15,-0.005,A2V,264.2409,,117.7856,-36.3301,112.0381,-1.013
34687,108.0083,-63.1901,6.03,-0.011,A0IV/V,73.5868,,147.7105,-20.5965,63.3585,-131.8327
34689,108.0171,-30.8214,6.1,0.273,A8III/IV,7.1515,,47.5511,-12.6304,38.833,-24.3634
34696,108.0312,5.4743,6.15,1.142,K0III,116.0914,,196.0784,-60.4163,185.5982,18.7059
34705,108.0509,-25.9426,5.91,-0.17,B2IV/V,248.8857,,257.0694,-71.6293,219.7877,-112.4602
34709,108.0659,-40.4988,5.3,0.072,A3p...,105.0993,,126.1034,-29.7369,91.1641,-81.8956
34724,108.1076,-36.5444,5.94,-0.145,B4V,284.4461,,278.5515,-69.5536,212.704,-165.8622
34726,108.1099,24.1286,5.85,0.397,F5IV,47.9513,,109.7695,-31.1397,95.2163,44.8722
34741,108.1402,-46.7593,4.49,0.324,F0IV,6.3973,,21.427,-4.5702,13.9493,-15.6092
34766,108.2045,27.2248,6.46,0.502,F8V,4.0964,,42.4809,-11.8012,35.8841,19.4343
34794,108.28,-11.2513,5.77,1.508,K0,175.5497,,202.4291,-62.2737,188.5193,-39.4966
34805,108.3057,-45.1827,4.87,-0.003,Ap,31.3617,,56.5291,-12.5146,37.8281,-40.0994
34815,108.3428,16.159,5.07,1.653,K3V,224.4916,,165.8375,-50.1275,151.1926,46.1531
34818,108.3475,51.4287,5.46,1.64,M3III,280.2851,,221.7295,-43.5168,131.2178,173.3555
34820,108.3501,-22.6742,5.99,1.481,K4III,210.281,,245.098,-71.1986,214.6549,-94.4831
34828,108.3846,-44.6397,4.42,1.331,M5e,60.9818,,64.0615,-14.3763,43.2558,-45.0126
34830,108.4019,-27.3564,6.12,-0.234,B2II,31045595.8813,,100000.0,-28037.6283,84274.9875,-45952.3436
34846,108.4516,-22.9058,6.34,-0.184,B2IV,483.5039,,436.6812,-127.3127,381.5682,-169.9637
34860,108.4889,-30.3398,6.32,-0.183,B2III,723.1027,,529.1005,-144.8094,433.0682,-267.263
34862,108.4917,71.8166,6.36,1.119,K0,41.9952,,129.8701,-12.8539,38.4348,123.3847
34881,108.5452,-3.9018,5.8,1.585,K5III,656.4475,,396.8254,-125.9189,375.3474,-27.0025
34887,108.5634,-26.3525,4.42,-0.17,B3III,4203.393,,531.9149,-151.7395,451.8398,-236.1131
34888,108.5647,-9.9475,5.9,1.528,K3III,1255.4517,,574.7126,-180.2232,536.617,-99.2795
34893,108.5836,3.1114,5.36,1.193,K0III,322.9981,,227.2727,-72.3223,215.1051,12.3358
34905,108.6177,-10.3162,6.02,-0.173,B0III,2575.135,,869.5652,-273.1229,810.7391,-155.7228
34911,108.6359,12.1158,5.71,1.007,G6III,36.8808,,90.2527,-28.1982,83.6156,18.943
34926,108.6589,-48.2719,4.75,-0.091,B8/B9V,146.1504,,115.4734,-24.5897,72.8189,-86.1792
34931,108.6749,24.885,5.84,1.554,M1IIIvar,34.0722,,92.081,-26.7467,79.1338,38.7475
34935,108.6918,-46.8497,5.72,-0.109,A0p,91.0332,,142.4501,-31.222,92.2853,-103.9262
34943,108.7027,-26.7727,4.01,-0.15,B2IV/Ve,1691.9986,,279.3296,-79.9676,236.2169,-125.8245
34950,108.7132,-27.038,5.58,1.22,K3III,35.4487,,83.3333,-23.8138,70.3016,-37.8818
34960,108.7381,-41.4264,5.95,-0.146,B4III/IV,102.2351,,167.7852,-40.4145,119.1383,-111.0163
34987,108.8309,-0.1613,6.42,0.901,G5III,45.1648,,138.5042,-44.7056,131.0903,-0.3899
34990,108.8378,-30.6864,5.36,-0.155,B2V,232.0598,,192.6782,-53.5023,156.8227,-98.3313
34991,108.8385,-52.4992,5.96,1.099,K0V,58.9929,,128.041,-25.1695,73.7723,-101.5807
35027,108.9143,7.9777,5.78,1.537,M4III,117.598,,166.3894,-53.4137,155.8818,23.0929
35034,108.9302,-10.5836,5.95,1.173,K0,53.3581,,121.2121,-38.6541,112.7058,-22.263
35039,108.9471,-23.7403,6.34,-0.018,A0V,163.3804,,253.8071,-75.4362,219.742,-102.1806
35043,108.9589,47.24,5.54,0.576,G0V,1.5108,,16.8919,-3.726,10.8463,12.4021
35053,108.979,59.6375,5.2,1.081,K2III,26.965,,61.0128,-10.0299,29.1636,52.6446
35060,108.9882,27.8974,5.75,1.605,M1III,242.7728,,235.8491,-67.8209,197.0981,110.3514
35086,109.0607,-15.5857,5.46,0.079,A1V,38.7972,,82.5083,-25.9539,75.1171,-22.1683
35087,109.0645,-46.7745,5.64,1.441,K4III,256.5665,,230.4147,-51.5439,149.149,-167.895
35107,109.1327,-38.3189,5.81,-0.133,B4V,144.8105,,187.2659,-48.1553,138.8077,-116.112
35110,109.1458,-27.8812,4.66,1.589,M2III,183.8231,,124.2236,-36.0127,103.7301,-58.0919
35115,109.1535,-23.3156,4.83,1.601,K4III,1924.8638,,434.7826,-131.0029,377.1749,-172.085
35118,109.1598,-23.3109,6.02,0.317,A5m...,29.4036,,92.9368,-28.0124,80.6226,-36.777
35131,109.2059,-36.5926,5.03,-0.161,B3V,452.0641,,230.9469,-60.9984,175.1056,-137.6724
35132,109.2076,-67.9572,3.97,0.76,F6II,1151.3305,,226.2443,-27.9346,80.1828,-209.7066
35147,109.2384,-30.897,6.3,0.2,A9II,46.0045,,132.2751,-37.3996,107.1656,-67.9228
35158,109.2642,26.6895,6.38,0.883,G7IV,14.5747,,77.2201,-22.7623,65.1295,34.6838
35169,109.2857,-37.0975,2.71,1.616,K3Ib,4397.4408,,247.5248,-65.2063,186.3494,-149.3002
35205,109.3819,-6.68,6.29,1.624,K2,242.326,,302.1148,-99.5803,283.0584,-35.1432
35208,109.3905,52.1311,5.93,1.259,K1III:,124.5088,,183.4862,-37.3951,106.2454,144.8471
35220,109.4277,38.8763,6.48,0.995,K0,48.3504,,147.2754,-38.136,108.1262,92.436
35229,109.45,-26.7976,6.45,-0.153,B5Vn,201.7437,,296.7359,-88.197,249.7525,-133.7803
35244,109.5092,40.8834,5.87,0.181,A5Vn,28.4184,,85.2515,-21.5249,60.7534,55.799
35249,109.517,30.9559,6.19,-0.024,A0Vn,95.4993,,181.1594,-51.9024,146.4293,93.1844
35250,109.5177,-43.9868,5.86,-0.117,B8II/III,129.8973,,181.4882,-43.6268,123.0774,-126.0422
35253,109.5232,16.5404,3.58,0.106,A3V...,30.8177,,30.931,-9.9091,27.9463,8.8058
35266,109.5767,-36.734,4.65,-0.099,B2V+...,729.1217,,246.3054,-66.1405,185.9838,-147.3153
35287,109.6332,49.4648,5.0,0.087,A4IIIn,99.6323,,106.9519,-23.3551,65.4686,81.2841
35295,109.6396,-39.2103,5.24,0.026,A0V,140.4753,,141.844,-36.9395,103.5114,-89.6693
35309,109.6591,-36.7427,5.11,-0.17,A0V,423.8381,,232.0186,-62.5489,175.0861,-138.7989
35315,109.6682,-24.5587,4.88,-0.16,O7f,3326.5955,,584.7953,-179.0208,500.8603,-243.0557
35317,109.677,-24.9544,4.37,-0.132,O9Ib,13097.8496,,917.4312,-280.0763,783.212,-387.0609
35330,109.7136,-26.5859,5.29,0.956,G2II,986.2795,,384.6154,-116.0204,323.7893,-172.1301
35345,109.758,-19.2803,6.06,0.612,F2Ia,32809529.3113,,100000.0,-31908.8534,88834.5156,-33018.9932
35366,109.807,-33.7272,6.31,1.302,K2/K3III,132.1904,,225.2252,-63.4733,176.2359,-125.0538
35379,109.8432,2.7407,5.9,1.069,G9III,145.0775,,195.3125,-66.2225,183.5057,9.339
35390,109.8674,-16.3952,5.7,0.346,F2III/IV,8.3637,,42.7716,-13.9446,38.5902,-12.0728
35412,109.9485,7.1429,5.91,0.537,F8V,10.7053,,53.3049,-18.0452,49.7177,6.6282
35451,110.0285,15.1429,6.45,0.009,A2Vn,99.816,,208.7683,-69.0179,189.3319,54.5361
35453,110.0307,21.9823,3.5,0.374,F0IV...,11.9124,Wasat,18.5391,-5.8884,16.1514,6.9396
35467,110.0893,-52.3115,5.5,0.483,F2,5.5259,,31.7158,-6.6602,18.2103,-25.0982
35490,110.1617,-52.0859,5.38,-0.069,B9V,133.168,,147.2754,-31.1919,84.9523,-116.1904
35513,110.2288,-26.9638,6.0,-0.172,B3V,2021.1568,,763.3588,-235.2539,638.4101,-346.1283
35517,110.2429,-14.3605,5.59,0.971,G8/K0III,172.8224,,184.8429,-61.9573,168.0072,-45.8451
35525,110.2629,42.6559,6.33,1.404,K0,118.3586,,215.0538,-54.7748,148.3704,145.7192
35528,110.2681,-25.8916,5.87,1.604,M3III,150.245,,196.0784,-61.1059,165.4743,-85.6217
35545,110.323,45.2282,5.74,0.342,A7s,5.5463,,35.4862,-8.6801,23.4366,25.1923
35601,110.4869,20.4437,5.09,1.528,M0III,148.0471,,135.8696,-44.5584,119.2598,47.4574
35609,110.5086,-8.9794,6.42,-0.189,O9V,23550492.839,,100000.0,-34605.3583,92514.1222,-15607.8947
35611,110.511,36.7606,5.12,1.082,K0III,40.8131,,72.3589,-20.3118,54.2949,43.3048
35614,110.5145,0.1771,5.99,-0.069,B8III,874.9838,,500.0,-175.2213,468.2895,1.5457
35627,110.5559,38.9959,6.4,1.217,K0,88.0643,,191.5709,-52.2773,139.4075,120.5489
35628,110.5564,-19.0166,4.94,-0.039,B5II/III,200.2627,,147.4926,-48.9625,130.5643,-48.0593
35637,110.5716,59.902,6.36,0.282,A8m,13.5519,,73.8007,-13.0044,34.6497,63.8501
35639,110.5775,-2.9792,6.23,0.686,F5,72.9794,,161.2903,-56.6126,150.7956,-8.3827
35651,110.6058,-5.9828,5.83,0.352,F3IV,213.4027,,229.3578,-80.2796,213.5151,-23.9061
35653,110.618,0.7008,6.43,0.995,G5,11.8905,,71.3776,-25.1327,66.8008,0.8731
35686,110.7169,55.2814,5.8,-0.078,B8V,41686938.347,,100000.0,-20147.7547,53271.9453,82195.9112
35697,110.7529,-31.9238,5.4,-0.161,B3V,995.4054,,406.5041,-122.2543,322.6354,-214.9556
35744,110.8672,22.9453,6.17,0.006,A1V,22.7824,,87.6424,-28.7485,75.4141,34.1676
35749,110.8688,25.0505,5.04,0.902,G8III,19.9343,,48.7329,-15.7271,41.2526,20.6344
35750,110.8708,-27.8343,5.37,1.539,K4III,221.4114,,189.0359,-59.5544,156.1964,-88.2639
35757,110.8829,-32.2021,5.41,-0.169,B2/B3II/III,690.5577,,340.1361,-102.594,268.9081,-181.2608
35795,110.9931,-35.8378,6.32,-0.136,B5V,102.0469,,198.8072,-57.7394,150.4708,-116.4002
35806,111.0238,-29.3031,2.45,-0.083,B5Ia,33915.6387,Aludra,609.7561,-190.762,496.3368,-298.4327
35809,111.0353,40.6724,5.23,1.249,K0III,966.4959,,370.3704,-100.8295,262.1871,241.3826
35822,111.0718,-22.9128,6.2,-0.088,B8/B9V,90.0326,,176.6784,-58.5105,151.856,-68.786
35835,111.1152,15.5172,6.47,-0.19,B2Ve,2120.3131,,970.8738,-337.0034,872.6753,259.7355
35843,111.1394,27.6379,5.77,0.368,F0:III:,14.1254,,57.4053,-18.3403,47.4329,26.6293
35848,111.1547,-71.4707,6.49,0.12,A3V,14.983,,82.3723,-9.447,24.413,-78.1022
35853,111.1674,-16.2015,5.18,-0.035,B2Vne,609.2563,,287.3563,-99.6421,257.3262,-80.1769
35859,111.1827,-31.8089,5.35,1.071,K1III,258.464,,202.4291,-62.1606,160.4031,-106.6979
35863,111.1973,-37.2912,6.14,0.261,A8V,129.5388,,206.1856,-59.3117,152.9359,-124.9209
35876,111.212,-19.0123,6.24,0.291,A2Ib/II,1417.7511,,714.2857,-244.3445,629.5662,-232.6934
35884,111.2379,51.8873,5.8,1.61,K5III,419.9523,,317.4603,-70.9774,182.6326,249.7771
35888,111.2424,11.6695,5.37,0.105,A5IV,58.2908,,96.9932,-34.4157,88.5345,19.6185
35899,111.2847,-13.752,5.79,0.432,F3V,5.3456,,35.6379,-12.5658,32.2551,-8.4718
35917,111.3332,-21.9826,6.04,0.227,A6II,33419504.0026,,100000.0,-33734.2945,86375.9596,-37432.4857
35919,111.3415,81.2575,6.3,-0.031,A0III,183.1471,,263.8522,-14.595,37.3541,260.7866
35924,111.3553,-25.2178,5.79,-0.103,B5III,788.4969,,432.9004,-142.6168,364.7527,-184.4415
35939,111.4091,-79.0942,5.54,1.281,K2/K3III,108.4426,,143.0615,-9.8799,25.1989,-140.4777
35941,111.4121,9.2761,4.99,0.991,G8III,897.0156,,319.4888,-115.1114,293.5478,51.4991
35945,111.4291,-31.7387,6.32,-0.176,B2/B3III,300.8846,,341.2969,-106.0456,270.1925,-179.538
35946,111.4317,27.7981,3.78,1.024,G9III+...,36.4754,,36.9004,-11.9271,30.3849,17.2088
35955,111.4633,-5.775,5.98,0.901,CIb...,487.9777,,371.7472,-135.3341,344.2114,-37.4058
36013,111.591,-51.0185,5.09,1.038,K0III,275.9307,,185.5288,-42.9471,108.5214,-144.2206
36022,111.6158,10.6081,6.38,0.078,A2IV,15.5167,,79.6813,-28.8514,72.8117,14.6685
36040,111.6717,11.0088,6.39,-0.126,B7II-III,406.6305,,409.8361,-148.5625,373.858,78.2624
36042,111.6769,-34.1407,5.9,-0.153,B4V,380.8904,,316.4557,-96.7455,243.3958,-177.6035
36044,111.6786,49.2115,4.61,-0.001,A1V,87.8213,,83.8926,-20.2447,50.9281,63.5173
36055,111.7347,20.2576,5.94,0.336,F2Vn,68.7385,,136.9863,-47.5896,119.3769,47.4302
36067,111.7478,-23.086,5.65,-0.134,B1II,702.7486,,383.1418,-130.5939,327.372,-150.2348
36085,111.7833,-17.8649,5.6,0.314,F2V,42.7366,,92.3361,-32.6134,81.6085,-28.3262
36087,111.7877,8.2893,2.89,-0.097,B8Vvar,149.417,Gomeisa,49.5786,-18.2097,45.556,7.1478
36110,111.8577,66.3316,6.47,-0.064,B9III,149.417,,257.732,-38.5202,96.0268,236.0526
36134,111.9289,-22.8592,5.98,-0.088,B5III,309.0295,,295.858,-101.8123,252.8972,-114.9313
36136,111.9349,21.4452,5.2,0.455,F5IV-V...,7.4268,,32.0205,-11.1332,27.6461,11.7071
36149,111.9652,-11.5569,5.79,0.583,B8Vv comp VB,991.745,,485.4369,-177.8937,441.0723,-97.2526
36156,111.9965,-29.1559,5.55,-0.048,B9Vsp...,418.7936,,282.4859,-92.3993,228.7365,-137.6236
36162,112.008,-26.839,6.26,1.513,K4III,336.047,,350.8772,-117.3226,290.2666,-158.4157
36163,112.0086,6.942,5.22,0.221,F0III,67.6706,,97.561,-36.2926,89.7884,11.7916
36182,112.0408,8.9255,4.33,1.425,K3III SB,153.6031,,97.561,-36.1681,89.3359,15.1366
36223,112.1663,27.5529,6.36,1.223,K2III,32.6588,,114.5475,-38.3166,94.0503,52.986
36238,112.1969,15.1098,6.23,-0.04,B9IV,141.6446,,224.7191,-81.9617,200.8722,58.5775
36243,112.2131,-31.8484,5.95,-0.156,B3V+...,189.3215,,228.3105,-73.3188,179.5444,-120.4734
36245,112.2142,-64.5098,6.38,1.554,K5III,120.1158,,221.7295,-36.0765,88.3402,-200.1461
36247,112.2145,48.1839,5.7,-0.092,B9MNp...,107.1519,,153.1394,-38.6032,94.5257,114.1331
36249,112.2193,46.3146,6.42,1.202,K0,29.8676,,112.6126,-29.4132,72.0055,81.4351
36259,112.2705,-31.4562,5.78,-0.185,B2IV,456.6674,,327.8689,-105.9949,258.8219,-171.0974
36260,112.2737,-38.8121,5.41,-0.148,B3V,162.6298,,165.0165,-48.7366,118.9875,-103.427
36263,112.2779,31.7845,4.16,0.32,F0V...,6.1489,,18.0473,-5.8157,14.1957,9.506
36274,112.3077,-43.3014,3.25,1.509,K5III SB,153.8863,,59.3824,-16.4039,39.9815,-40.7266
36285,112.3278,-1.9053,5.6,1.493,K5III,2350.7151,,684.9315,-260.0649,633.2289,-22.7727
36290,112.3352,28.1183,5.07,0.12,A4V,23.8342,,54.0249,-18.1077,44.0739,25.4616
36292,112.3411,-14.9987,6.05,0.479,F5V,4.0776,,35.0877,-12.8831,31.3483,-9.0806
36293,112.3421,-10.3267,5.75,1.616,K5III,687.3849,,396.8254,-148.4042,361.0906,-71.1349
36296,112.3568,-7.5512,5.86,0.487,F8V,2.9268,,27.2405,-10.2717,24.9744,-3.5797
36322,112.4491,12.0066,4.55,1.276,K2III,405.8822,,175.4386,-65.5278,158.5966,36.4954
36326,112.4532,27.9161,5.01,1.117,K2III,190.0203,,148.368,-50.072,121.1643,69.4628
36328,112.4642,-23.0243,4.85,0.243,A6Ib/II,9069.8478,,952.381,-334.9215,810.0022,-372.4965
36336,112.483,49.6725,5.35,0.47,F6V,2.5846,,20.2388,-5.0087,12.1022,15.4292
36341,112.4989,-52.6512,5.87,1.01,K0III,47.5992,,110.3753,-25.6236,61.8644,-87.7436
36393,112.6288,-54.3994,5.95,1.585,M1III,76.913,,145.5604,-32.6027,78.2122,-118.3543
36412,112.6775,-30.9623,4.65,0.904,G2Ib...,2553.8771,,460.8295,-152.3531,364.6138,-237.0846
36423,112.7131,-5.2265,6.24,1.185,K0,950.6048,,584.7953,-224.8602,537.2017,-53.2708
36425,112.7196,68.4656,5.63,1.1,K2III,92.2147,,137.5516,-19.5002,46.5719,127.9502
36444,112.7687,82.4115,4.92,1.633,M4IIIa,219.786,,153.1394,-7.8266,18.6474,151.7982
36450,112.7866,11.203,6.38,1.278,K0,126.8236,,227.7904,-86.5421,206.0104,44.2563
36512,112.9517,17.086,5.45,1.126,K2III,54.0505,,96.8992,-36.1185,85.29,28.4697
36536,113.024,-8.8813,5.9,0.54,F5V,2.9621,,27.9174,-10.788,25.3855,-4.3101
36537,113.0248,1.9145,5.24,0.23,F0III,379.4897,,233.1002,-91.1214,214.4107,7.7874
36551,113.0928,-35.9612,6.35,-0.096,B8V,96.917,,196.4637,-62.3713,146.2785,-115.3708
36615,113.2907,-24.7107,5.84,0.156,A3III,28.7078,,84.5309,-30.3627,70.5328,-35.3371
36617,113.2986,3.2904,5.59,0.321,F2V,8.8145,,41.7537,-16.4873,38.2857,2.3965
36622,113.3048,-40.0585,6.27,-0.129,B8IV (p Si),149.6925,,235.2941,-71.2482,165.3981,-151.4282
36626,113.3315,-19.4125,5.64,1.121,K0III,33.7598,,83.612,-31.232,72.4103,-27.7899
36630,113.3424,-14.3383,6.21,-0.061,B2II,1088.4287,,617.284,-236.9651,549.1068,-152.8684
36634,113.3535,37.1879,6.4,1.231,K0,52.0475,,147.2754,-46.5091,107.7162,89.0178
36654,113.402,15.8267,5.27,0.055,A1Vn,114.6041,,129.8701,-49.6264,114.6688,35.4192
36667,113.4498,-14.5239,4.82,1.362,A4Ia,2286.6516,,471.6981,-181.7118,418.911,-118.2942
36672,113.4627,-36.3384,5.42,-0.078,B2Vne,781.9878,,363.6364,-116.6268,268.7017,-215.4739
36673,113.4647,51.3141,6.44,1.348,K0,248.6566,,327.8689,-81.6015,187.9875,255.9295
36689,113.5133,-22.2961,4.44,0.521,F6V,9.3325,,25.2972,-9.338,21.4624,-9.5976
36690,113.5207,10.5681,6.28,0.022,A1V,49.204,,135.5014,-53.1587,122.1359,24.8515
36701,113.5535,-33.4634,6.11,0.297,A9IV,21.2227,,82.3045,-27.4375,62.9412,-45.3831
36706,113.5662,3.3717,5.83,-0.018,A0Vnn,126.1247,,176.3668,-70.3909,161.3777,10.3728
36711,113.5776,-23.4737,5.06,0.468,F6V,8.2718,,31.6857,-11.6251,26.6373,-12.6213
36742,113.645,-27.0123,5.78,1.045,K1III,41.8023,,99.2063,-35.448,80.9638,-45.0577
36744,113.6495,31.8883,1.58,0.034,A2Vm,49.4311,Castor,15.5958,-5.3119,12.13,8.2387
36750,113.6649,-51.4745,6.29,0.073,A1III/IV,553.605,,456.621,-114.1594,260.4955,-357.2289
36790,113.7867,30.9609,5.34,1.01,K0III,82.9469,,114.1553,-39.4823,89.5748,58.7276
36808,113.8402,-74.275,6.33,0.016,B9,328.7002,,358.4229,-39.2629,88.8518,-345.0083
36811,113.8454,-28.3693,4.65,-0.111,B8V,55.4626,,67.9348,-24.1657,54.6735,-32.2794
36836,113.9155,-52.5338,4.93,1.373,K3III,134.5241,,120.3369,-29.6745,66.9154,-95.5129
36856,113.9806,26.8957,4.06,1.54,K5III,142.8236,,83.0565,-30.1051,67.6787,37.5721
36858,113.9833,43.031,6.37,0.364,F0,48.7978,,140.647,-41.7895,93.9346,95.9766
36871,114.0067,-55.8877,6.39,1.182,K1/K2IIICN.,76.1377,,177.305,-40.4547,90.8342,-146.7979
36875,114.0162,-14.4928,5.66,-0.067,B2/3V(n),717.7943,,389.1051,-153.3247,344.1106,-97.3766
36880,114.0309,-22.1605,6.4,0.968,K1II,84.1008,,187.2659,-70.6268,158.4006,-70.6372
36894,114.0696,-8.3113,6.27,1.541,K2,139.0593,,226.7574,-91.5107,204.8666,-32.7781
36916,114.1318,46.1803,5.66,1.56,M0III,134.8963,,168.6341,-47.7362,106.5567,121.6732
36925,114.1446,5.8622,5.89,0.602,G0V,5.9265,,39.3082,-15.9946,35.6818,4.0148
36930,114.171,-19.7023,5.69,-0.165,B2II,1238.2262,,518.1347,-199.7356,445.0348,-174.6807
36937,114.183,-48.8302,5.69,-0.037,B9V,93.0679,,142.0455,-38.3056,85.3015,-106.9264
36940,114.196,55.7551,5.93,1.123,K2III,24.6831,,81.6993,-18.8432,41.9359,67.5359
36982,114.3195,-4.111,5.14,0.442,F6III,34.898,,67.5219,-27.7357,61.3719,-4.8405
36983,114.3205,-23.7754,6.34,0.54,F0Ib,1523.3511,,775.1938,-292.1622,646.4497,-312.5212
36985,114.3242,40.0254,6.34,1.6,M1,180.3018,,266.6667,-84.1107,186.0755,171.5005
36990,114.3421,-34.9685,4.53,-0.081,B8IV/V,163.9834,,110.4972,-37.3228,82.4991,-63.3289
37022,114.4376,-38.0104,6.38,1.472,K4III,74.131,,174.216,-56.7866,124.9674,-107.2831
37034,114.4744,48.7738,5.93,0.221,A5m,22.4285,,77.8816,-21.2639,46.7147,58.5759
37059,114.5599,24.3604,6.37,0.337,F0,4.4751,,42.6076,-16.1329,35.3026,17.5746
37067,114.5752,-25.3648,4.69,-0.1,B8IV,417.2535,,189.7533,-71.3083,155.9293,-81.2865
37068,114.5759,-48.6014,5.68,0.683,F4Iab,4305.2661,,961.5385,-264.4522,578.2572,-721.2766
37096,114.6356,-38.7815,6.2,1.015,G8III,44.7095,,124.533,-40.4667,88.2422,-78.0015
37098,114.6369,35.0485,5.58,0.921,K0III,66.3743,,114.0251,-38.9138,84.8507,65.4812
37117,114.6829,-36.4968,5.78,-0.148,B3III,397.0087,,305.8104,-102.661,223.3763,-181.8894
37124,114.7078,-26.8038,3.8,-0.159,B5IV,297.0298,,106.2699,-39.6472,86.1682,-47.9211
37141,114.7513,-53.2734,6.06,-0.118,B9IV-Vp...,120.8927,,191.9386,-48.0558,104.2345,-153.8383
37159,114.7914,34.5843,4.89,0.413,F3III,25.0726,Jishui,50.9944,-17.6042,38.1141,28.9454
37163,114.8,24.2225,6.18,0.028,A2V,53.8022,,135.318,-51.7623,112.0238,55.5185
37173,114.8255,5.225,0.4,0.432,F5IV-V,7.4405,Procyon,3.5142,-1.4693,3.1762,0.32
37183,114.8508,-16.8473,6.4,1.47,K3III,187.2406,,279.3296,-112.3519,242.5865,-80.9558
37191,114.8639,-38.308,4.84,-0.189,B3V,292.9544,,170.3578,-56.2069,121.2872,-105.6029
37194,114.8691,17.6745,5.04,1.616,M0III,217.771,,161.0306,-64.5243,139.202,48.8904
37216,114.9326,-38.1393,5.73,-0.125,B5V,136.8989,,175.4386,-58.1676,125.125,-108.3465
37223,114.9495,-38.2607,5.76,-0.071,B3III,536.0435,,352.1127,-116.6243,250.6785,-218.0422
37233,114.9754,32.0097,6.16,0.374,F6II,30.903,,101.626,-36.3854,78.1163,53.8682
37239,114.9916,-37.5794,5.99,-0.04,B4III,644.466,,429.1845,-143.7012,308.2857,-261.7427
37258,115.0564,-19.6609,5.92,1.158,K0III,135.8939,,190.8397,-76.1106,162.8013,-64.2084
37263,115.0613,38.3445,5.77,1.654,M0III,554.6257,,359.7122,-119.5024,255.5602,223.1615
37269,115.0876,-11.7526,6.43,1.245,K2,85.9805,,191.9386,-79.6764,170.1872,-39.0951
37273,115.0967,-15.2639,4.98,1.543,K3III,403.2738,,213.2196,-87.2462,186.2786,-56.1334
37285,115.1294,87.0201,5.05,1.604,M2III,162.181,,139.6648,-3.0833,6.5734,139.4759
37288,115.148,-8.1854,6.01,0.153,A3IV,31.2176,,95.3289,-40.0981,85.4139,-13.5727
37298,115.1966,13.7713,6.23,1.393,K0,320.3318,,337.8378,-139.6917,296.9058,80.421
37300,115.2064,57.0829,6.09,1.44,K5III,146.2851,,214.1328,-49.5577,105.2848,179.7554
37321,115.2438,23.0185,5.93,1.561,K5,807.6069,,467.2897,-183.4182,389.0109,182.7237
37334,115.3017,48.1315,5.58,1.011,K0III,47.3805,,96.3391,-27.4804,58.1307,71.7417
37340,115.3118,-9.5511,3.94,1.022,K0III,47.4679,,45.3104,-19.1037,40.3926,-7.5183
37343,115.3159,-38.5335,5.41,-0.13,B3V,197.3331,,181.8182,-60.8172,128.5673,-113.2677
37354,115.3405,-44.6322,6.41,-0.003,B7IV/V,292.6847,,350.8772,-106.8689,225.6697,-246.5097
37358,115.348,-22.3367,6.16,1.644,M0/M1III,218.5748,,270.2703,-107.025,225.9228,-102.716
37371,115.3965,3.6248,5.95,-0.032,A0V,70.5992,,139.47,-59.6962,125.7398,8.8176
37397,115.4551,-72.6061,3.93,1.033,K0III,43.6114,,43.2339,-5.5549,11.6697,-41.2569
37401,115.466,13.4805,5.79,1.669,M2III,239.6625,,238.6635,-99.7923,209.5386,55.6357
37414,115.5134,14.2085,5.55,1.642,M3Sv,826.4184,,396.8254,-165.6929,347.1732,97.4013
37423,115.5426,-58.6309,6.4,-0.094,B2.5V,354.8134,,384.6154,-86.3274,180.6435,-328.3969
37473,115.6815,34.0002,6.05,0.469,F7V,11.8468,,59.8086,-21.4879,44.6854,33.4447
37483,115.7006,-26.3513,5.64,0.99,K1III,45.2481,,96.8054,-37.6192,78.1647,-42.9694
37492,115.7223,-58.2301,6.2,1.049,K0III,113.1358,,198.0198,-45.2495,93.9281,-168.3503
37498,115.738,-45.1731,5.04,0.765,G5IV,5.1098,,24.6731,-7.5533,15.6681,-17.4992
37502,115.7518,58.7104,4.93,0.104,A3IVn,62.23,,81.8331,-18.4657,38.2802,69.9307
37507,115.7726,0.1893,6.17,1.047,K0III,87.8213,,172.117,-74.8361,154.9952,0.5688
37516,115.7999,-36.0501,5.6,-0.13,B5V,184.6716,,191.9386,-67.5403,139.7142,-112.9544
37522,115.828,28.8835,4.23,1.118,K1III SB,26.0136,,38.3436,-14.6271,30.22,18.5211
37529,115.8424,22.3995,6.25,0.93,K0III,26.5705,,98.2318,-39.5883,81.7378,37.4324
37541,115.8849,-28.4109,4.63,1.632,K5III,687.3849,,236.9668,-90.9916,187.5152,-112.7467
37557,115.9246,-40.9337,5.12,1.104,K1III,34.5144,,66.5336,-21.9748,45.2059,-43.5919
37559,115.9288,-38.2019,6.42,-0.119,B8IV,93.8426,,199.6008,-68.5849,141.0644,-123.44
37570,115.9519,-28.9548,3.94,0.16,A2Iab,231206479.0176,,100000.0,-38291.5815,78676.7699,-48411.9889
37594,116.0174,50.4338,5.31,-0.001,A0IIIn,336.6666,,226.7574,-63.3567,129.8003,174.8048
37597,116.0288,25.7842,5.3,1.535,K5III,250.0345,,194.5525,-76.8742,157.4145,84.6269
37598,116.0318,2.4054,6.46,0.211,F0III,34.5144,,123.3046,-54.067,110.6978,5.1751
37603,116.0404,-36.0625,5.8,0.32,F0IV,7.6913,,42.9553,-15.244,31.199,-25.2864
37613,116.0545,-69.8216,6.16,-0.032,A0IV/V,46.7735,,125.0,-18.9385,38.7363,-117.3279
37616,116.0586,12.8601,6.4,1.392,K0,104.1358,,208.3333,-89.2231,182.4608,46.3689
37633,116.1119,24.398,3.57,0.932,G8III,61.0942,,43.3463,-17.3741,35.4464,17.9052
37644,116.1424,-24.6741,5.62,-0.191,B2II,3098.846,,793.6508,-317.7578,647.4121,-331.3143
37645,116.1424,-37.9429,5.89,-0.115,B8V,163.0797,,206.1856,-71.6435,145.9688,-126.7786
37666,116.1828,-66.0719,6.37,0.949,G6/G8III,92.9822,,194.1748,-34.7497,70.6742,-177.4865
37711,116.3137,-37.9686,3.62,1.706,K4III,3742.8291,,347.2222,-121.3416,245.3679,-213.6213
37715,116.3252,-43.7526,6.02,-0.069,B6IV,215.9733,,251.8892,-80.6876,163.0783,-174.1928
37718,116.3292,28.0262,1.16,0.991,K0IIIvar,32.0922,Pollux,10.3584,-4.0555,8.1951,4.8672
37735,116.3714,-14.6905,6.06,0.11,A6/A7,19.8609,,77.821,-33.4371,67.4432,-19.7353
37745,116.396,-34.1724,5.36,0.589,G0V,1.4468,,15.2091,-5.5942,11.2714,-8.5427
37746,116.398,-56.7226,6.1,0.397,F0II,236.1566,,273.224,-66.6533,134.2841,-228.4217
37783,116.487,-14.5638,5.03,0.342,F2V,44.0555,,72.0981,-31.1221,62.4569,-18.1296
37793,116.5091,-6.7725,5.49,1.378,K5III,37.3938,,82.1018,-36.3896,72.9572,-9.6821
37800,116.531,18.51,4.89,1.425,K5III,104.3278,,104.0583,-44.0765,88.2839,33.0355
37807,116.5439,-37.9337,5.87,-0.111,B5V,128.2331,,181.1594,-63.8528,127.8234,-111.3675
37813,116.5675,10.7683,5.25,0.018,A1Vnn,59.1017,,92.4214,-40.6078,81.2068,17.2677
37831,116.6393,-37.7726,6.31,1.348,K3III,80.7607,,176.0563,-62.3969,124.3908,-107.8395
37838,116.6637,37.5174,5.15,1.588,M3III,133.7827,,132.8021,-47.2691,94.1328,80.8768
37841,116.6669,65.4557,5.93,1.183,K2III:,37.4973,,100.7049,-18.7745,37.3828,91.6052
37843,116.6863,-12.6753,6.39,-0.004,B9III,125.6609,,227.7904,-99.8087,198.5658,-49.9831
37874,116.774,-39.331,6.33,-0.142,Ap Si,102.707,,200.4008,-69.8275,138.391,-127.0139
37887,116.8023,-22.5195,5.9,-0.18,B1/B2V,960.2847,,502.5126,-209.3121,414.326,-192.4613
37888,116.8108,-36.0736,6.46,1.083,K1III,42.5794,,136.9863,-49.9402,98.8183,-80.6608
37902,116.8541,-38.5111,5.07,-0.112,B2IV/V,855.0667,,323.6246,-114.3902,225.9234,-201.5103
37908,116.8764,33.4157,5.14,1.635,M0III,315.0649,,202.8398,-76.5393,151.0216,111.7058
37912,116.8813,-46.6085,5.22,-0.151,B1V,1644.3717,,480.7692,-149.3333,294.5906,-349.3637
37924,116.9105,-15.9907,6.31,1.791,K3Iab/b,870.9636,,578.0347,-251.4947,495.4976,-159.2376
37929,116.9384,-16.0145,6.38,1.697,K5II/III,457.931,,432.9004,-188.5067,370.9512,-119.4287
37941,116.9863,-12.1927,5.48,0.478,F5+...,4.5793,,28.5959,-12.6835,24.9074,-6.0395
37962,117.0215,-25.9372,4.4,-0.07,B1IV:nne,2860.2237,,434.7826,-177.6362,348.3068,-190.1675
37966,117.0356,-40.6524,6.14,1.591,M2III,119.0145,,197.6285,-68.1525,133.5516,-128.7487
37979,117.0813,-56.4711,6.3,1.01,K0III+...,26302679.919,,100000.0,-25146.294,49179.8363,-83360.7078
37981,117.0841,-47.0777,4.69,1.039,K0III,58.776,,71.2251,-22.0841,43.1856,-52.1566
37998,117.1402,23.141,6.18,0.571,G2III+...,171.3957,,241.5459,-101.3202,197.6553,94.9263
38038,117.257,-24.9122,5.32,0.751,G2,48.3059,,86.2813,-35.8386,69.5641,-36.3442
38039,117.2577,13.3719,6.07,1.367,K0,177.5007,,233.6449,-104.1066,202.0692,54.0351
38044,117.278,-56.4104,5.57,1.116,G5II,576.5009,,334.4482,-84.801,164.4538,-278.6025
38051,117.3036,-46.8577,5.82,-0.142,B1.5IV,1433.5076,,591.716,-185.6026,359.5431,-431.7502
38052,117.3039,-60.2837,5.78,0.428,F1V,5.0816,,34.5901,-7.8653,15.2362,-30.0412
38057,117.3096,-46.3732,4.1,-0.16,B0III,5090.9637,,505.0505,-159.8744,309.6242,-365.5804
38059,117.311,-35.2433,5.94,-0.051,B9V,91.7065,,158.2278,-59.2916,114.8211,-91.3053
38062,117.3236,-24.8598,3.34,1.218,G6Ia,5430.0021,Azmidi,367.6471,-153.1185,296.3626,-154.5585
38075,117.3679,-44.7512,6.32,0.962,K0III,29.3495,,106.6098,-34.8046,67.2371,-75.0564
38076,117.37,-13.3529,6.23,-0.078,B8/B9II,340.7219,,348.4321,-155.8561,301.0621,-80.47
38088,117.3846,12.8142,6.42,0.984,K0,76.4892,,180.1802,-80.8119,156.0043,39.9624
38092,117.3975,-33.2889,5.61,1.617,M0III,268.6581,,232.5581,-89.4547,172.5937,-127.6422
38098,117.4166,-14.0854,6.34,1.66,K5III,202.3019,,282.4859,-126.1617,243.2185,-68.7478
38101,117.4198,-19.5055,6.49,1.234,K2III,27.6185,,111.8568,-48.5546,93.592,-37.3487
38102,117.4208,-66.196,5.78,-0.04,B9V,96.5606,,150.8296,-28.0349,54.0367,-137.9987
38103,117.4217,-17.2284,5.17,1.282,K3III,45.3733,,78.064,-34.3382,66.1838,-23.1211
38138,117.5236,-19.5235,6.11,1.265,K1III,350.5904,,334.4482,-145.6671,279.5425,-111.7707
38145,117.5441,-9.1834,5.6,1.446,K3III,677.3295,,367.6471,-167.8322,321.7981,-58.675
38158,117.5994,-50.5095,5.89,1.088,K2III,21.8575,,75.4717,-22.236,42.5347,-58.2438
38183,117.6771,-44.5799,6.45,0.899,G6III,64.0324,,167.2241,-55.3248,105.4804,-117.3752
38191,117.6975,3.2773,6.17,1.106,K1III,66.8652,,150.1502,-69.6762,132.7277,8.5837
38194,117.7129,4.4595,6.49,0.944,G5,51.2861,,152.439,-70.6758,134.544,11.8528
38197,117.7226,0.0796,6.38,1.237,K2III,64.8037,,162.8664,-75.764,144.1708,0.2261
38198,117.7302,-11.1286,6.16,1.128,K0,45.4988,,123.3046,-56.2958,107.0906,-23.7992
38207,117.7503,-24.5286,6.43,-0.003,B9.5V,46.0469,,140.4494,-59.4943,113.0785,-58.3071
38210,117.7598,33.2337,6.06,0.15,A2m,16.293,,70.4722,-27.455,52.1617,38.6226
38217,117.7739,54.1292,6.03,0.496,F6V,2.9567,,29.6033,-8.0831,15.3479,23.9888
38240,117.8139,37.0821,6.49,1.51,K2,76.5597,,186.2197,-69.3188,131.3973,112.2828
38246,117.8347,-43.0952,6.34,-0.173,B2IV-V,919.6022,,602.4096,-205.3953,388.9947,-411.5741
38261,117.9182,-42.8882,6.05,-0.181,B2IV,1360.1913,,641.0256,-219.9035,415.0073,-436.2628
38263,117.9204,-12.8194,6.37,0.384,F3IV,14.0475,,75.4717,-34.4583,65.0245,-16.7456
38264,117.9249,1.7669,5.12,-0.116,B8II,284.9706,,191.2046,-89.5013,168.8608,5.8954
38266,117.9293,-21.1737,5.62,0.956,K0III,43.2116,,93.7207,-40.9335,77.2146,-33.8515
38273,117.9429,-13.898,5.16,0.6,G2V,2.0474,,16.5044,-7.5074,14.1534,-3.9643
38285,117.9866,19.3251,6.03,1.125,K1III:,65.0429,,138.8889,-61.5034,115.7365,45.9622
38296,118.03,3.2773,6.3,1.464,M5,63.2121,,155.0388,-72.7387,136.6292,8.8634
38304,118.0543,-40.5758,3.71,1.012,G5III...,333.8874,,108.1081,-38.6185,72.465,-70.3193
38313,118.0654,-34.7054,5.01,0.47,F3/F5V,2.7797,,17.9437,-6.9402,13.0167,-10.2164
38317,118.0787,-14.8462,5.69,0.368,F2IV/V,516.1786,,334.4482,-152.1641,285.2336,-85.6939
38328,118.1239,-54.3672,5.7,-0.151,B1.5IV,767.715,,409.8361,-112.5496,210.5749,-333.1013
38338,118.1518,55.2094,6.36,-0.003,A0Vn,32.0627,,113.5074,-30.5567,57.1032,93.2172
38343,118.161,-38.8628,4.49,-0.188,B2V,550.5541,,198.8072,-73.0587,136.4767,-124.7431
38362,118.1994,-5.4283,5.76,0.412,F5IVs,6.8234,,39.7141,-18.6824,34.8434,-3.7569
38386,118.2646,-36.3638,5.44,1.161,K1IIICN...,301.4394,,227.7904,-86.8634,161.5618,-135.0592
38388,118.2652,-49.613,4.63,-0.228,B1.5Vp,662.5215,,232.5581,-71.3574,132.7183,-177.1362
38406,118.3257,-48.1029,4.22,-0.13,B0.5Ib,4604.6858,,507.6142,-160.841,298.3939,-377.8405
38426,118.3742,26.7658,4.97,0.098,A3V,41.6486,,68.2128,-28.9434,53.5873,30.7193
38480,118.5459,-35.8773,5.48,-0.175,B2V,241.88,,207.9002,-80.4988,147.9777,-121.8402
38510,118.6219,47.386,6.25,1.133,K2III:,167.9577,,246.9136,-80.0812,146.7456,181.7115
38522,118.6663,-34.8467,6.14,1.54,K4III,120.4481,,198.8072,-78.2681,143.1593,-113.595
38526,118.678,47.5646,5.47,1.462,K4III,375.3185,,257.732,-83.4555,152.5739,190.2161
38542,118.7223,-57.3028,5.62,1.298,K3/K4III,52.626,,103.4126,-26.846,48.9899,-87.0256
38553,118.7518,-52.5833,6.36,-0.007,B8III,324.489,,361.0108,-105.5122,192.3091,-286.7284
38573,118.8077,-30.9176,6.45,1.474,K4III,167.3401,,270.2703,-111.73,203.1713,-138.8664
38599,118.881,8.8628,5.86,0.369,F2IV,6.0034,,39.0168,-18.6198,33.7562,6.0113
38609,118.9162,19.884,5.38,-0.035,A0Vs,80.9096,,114.8106,-52.2048,94.5056,39.049
38610,118.9201,35.4127,6.23,0.277,A3p,9.7634,,58.9971,-23.2523,42.0864,34.1866
38619,118.9441,-43.8451,6.02,-0.111,B6V,1313.409,,621.118,-216.7931,392.0063,-430.255
38670,119.0777,-60.5264,5.74,1.554,K4II,710.5588,,401.6064,-96.0323,172.694,-349.6316
38679,119.0947,-30.2846,6.28,1.476,M5/M6III,312.1764,,341.2969,-143.3091,257.532,-172.1144
38681,119.0996,4.4856,6.16,0.957,G8III,387.2576,,359.7122,-174.4028,313.345,28.1324
38713,119.1947,-52.9824,3.46,-0.177,B3IVp,699.5198,,139.47,-40.9585,73.3026,-111.3598
38721,119.2148,-22.8801,4.2,0.718,F7/F8II,466.0151,,160.0,-71.9491,128.66,-62.2087
38731,119.2409,-43.5004,5.36,-0.166,B2.5V,1445.4398,,480.7692,-170.3509,304.2973,-330.9422
38732,119.2409,-42.4065,6.09,1.361,K3III,176.6851,,235.2941,-84.8673,151.5976,-158.679
38734,119.2477,15.7903,5.8,1.285,K3III,85.1138,,142.8571,-67.1642,119.9414,38.8738
38749,119.3032,-63.2968,6.14,-0.103,B8V,62.0012,,142.6534,-31.3744,55.9013,-127.4389
38754,119.3162,8.6412,6.03,1.0,K0III,35.9087,,103.1992,-49.9557,88.9612,15.5053
38756,119.3179,1.127,6.35,0.507,F6V,9.6383,,61.9579,-30.3321,54.0117,1.2187
38758,119.3268,-44.1099,5.08,-0.166,B2.5IV,911.1712,,335.5705,-118.0109,210.0628,-233.5693
38765,119.3336,-47.8907,6.21,-0.099,B5V,287.8724,,317.4603,-104.2848,185.578,-235.5133
38788,119.4171,-30.3346,4.76,0.151,A7III,1501.0667,,371.7472,-157.5908,279.4833,-187.7504
38795,119.4442,-60.3031,5.59,0.573,G2V...,1.328,,16.2048,-3.9464,6.9911,-14.0764
38807,119.4655,-45.5777,5.14,1.263,K2III,60.9256,,89.2061,-30.7138,54.3627,-63.711
38814,119.4783,-40.7844,6.46,0.979,K0III,51.1918,,150.1502,-55.9461,98.9717,-98.0802
38835,119.5246,7.2135,6.42,-0.031,A0V,126.2409,,231.4815,-113.1704,199.8281,29.0666
38847,119.5602,-49.2449,4.47,-0.18,B1Vp + B2,1228.0046,,294.1176,-94.7247,167.0158,-222.7961
38849,119.569,43.9774,6.36,1.043,K0,41.5336,,129.199,-45.8797,80.8648,89.7125
38852,119.5861,2.2248,5.3,0.933,K0III,36.241,,74.0741,-36.5451,64.3674,2.8755
38853,119.5894,-51.4485,6.44,0.26,A8/A9IV,48.4395,,144.7178,-44.5344,78.4287,-113.1763
38865,119.6311,16.5187,6.05,1.468,K0,447.5072,,367.6471,-174.2678,306.379,104.5323
38884,119.7107,-60.8245,5.77,-0.082,B2IVnpe,445.8615,,322.5806,-77.9382,136.5811,-281.6549
38904,119.7575,-45.2158,5.98,-0.143,B4V,320.3318,,301.2048,-105.3115,184.2007,-213.7848
38913,119.7738,-23.3104,5.09,1.111,G8II,558.2131,,263.8522,-120.3282,210.3277,-104.4095
38925,119.8013,-49.9769,6.35,-0.151,B2IV-V,25118864.3151,,100000.0,-31961.496,55805.0271,-76578.4678
38928,119.8065,-49.9738,6.37,-0.089,B2IV-V,24660393.3723,,100000.0,-31968.6256,55805.6857,-76575.0117
38930,119.8157,-73.2442,6.33,0.128,A3III,43.2514,,130.039,-18.6402,32.5269,-124.5178
38951,119.8683,-39.2969,5.22,0.4,F3V,21.9584,,55.5556,-21.4108,37.2824,-35.1856
38957,119.8961,13.2422,6.05,1.325,K2,32.9913,,99.8004,-48.4207,84.2195,22.861
38960,119.9064,-60.5871,5.19,1.758,M0II,663.132,,301.2048,-73.7516,128.2247,-262.3804
38963,119.917,-60.2074,6.3,-0.05,B8III,278.9973,,325.7329,-80.7192,140.2785,-282.6805
38969,119.934,-3.6796,4.93,1.205,K2III,65.9478,,84.246,-41.9522,72.8572,-5.4066
38985,119.9669,-18.3992,4.61,0.087,A1V,68.2339,,73.9645,-35.0566,60.8009,-23.3459
39007,120.049,73.9179,5.37,1.424,K3III,449.987,,269.5418,-37.3887,64.6315,258.9935
39012,120.0612,-48.9815,6.01,0.042,A2V,35.2533,,101.3171,-33.3089,57.5505,-76.4435
39028,120.0832,-63.5675,4.81,-0.173,B3V,243.2204,,153.1394,-34.1702,58.9866,-137.1301
39041,120.1207,-48.8718,6.13,-0.085,A0p,270.8944,,296.7359,-97.9443,168.8223,-223.5132
39062,120.1839,-2.8819,6.41,-0.087,B2.5Ve,1195.6388,,709.2199,-356.1285,612.2858,-35.658
39066,120.1971,17.3087,5.6,1.317,K3III,296.7563,,243.309,-116.8368,200.7691,72.3893
39069,120.2004,19.8162,6.3,1.109,K1III,38.1944,,120.4819,-57.0168,97.963,40.8439
39073,120.2081,-54.1513,5.87,-0.134,B5Vn,216.3715,,235.2941,-69.3327,119.0867,-190.7214
39080,120.2328,25.3928,5.87,1.021,G8III:,161.4359,,203.252,-92.4531,158.6414,87.159
39083,120.2533,23.5831,6.34,1.16,K1III-IV,19.6065,,87.9507,-40.6107,69.6273,35.1872
39087,120.2642,-6.4192,6.45,0.838,G5,10.985,,69.2521,-34.6834,59.4388,-7.7425
39100,120.3056,-1.3926,4.69,1.475,K4III,220.3941,,137.931,-69.581,119.0471,-3.3522
39102,120.3079,4.8798,5.65,0.013,A1V,42.6973,,94.4287,-47.4804,81.2273,8.0327
39110,120.3365,59.0474,5.78,0.421,F2:V:,9.0365,,46.1255,-11.9823,20.4753,39.5569
39114,120.346,-54.5155,6.12,-0.044,B2IV-V,530.1515,,413.2231,-121.1867,207.0043,-336.4764
39124,120.3762,16.4553,5.99,-0.024,B9.5Vn,95.9401,,165.5629,-80.292,136.9847,46.8986
39127,120.3816,-55.4547,6.28,-0.146,B4V,108.9432,,201.6129,-57.8212,98.6266,-166.064
39140,120.4064,-37.2837,5.9,0.147,A3IV,117.3816,,175.7469,-70.7732,120.5994,-106.4609
39150,120.427,60.3244,6.02,0.158,A2p...,33.1742,,98.7167,-24.7515,42.1425,85.7692
39152,120.4323,25.0895,6.32,0.023,A1V,55.0554,,145.9854,-66.9677,113.9962,61.9026
39160,120.4614,8.914,6.22,0.57,G0IV,11.5133,,63.7755,-31.941,54.3087,9.8821
39168,120.4799,35.4131,6.34,1.564,K0,159.2209,,250.6266,-103.608,176.0323,145.2299
39188,120.5256,-37.05,6.31,1.599,M3III,158.052,,246.3054,-99.8468,169.3334,-148.402
39200,120.5664,2.3346,4.39,1.252,K2III,92.6403,,77.8816,-39.5728,67.0035,3.1725
39214,120.6082,-6.3371,6.34,0.615,G0III,33.4195,,114.8106,-58.1003,98.2101,-12.6726
39229,120.6284,63.0903,6.09,0.58,G1III,43.0527,,116.144,-26.7802,45.2317,103.568
39237,120.6492,57.2736,6.48,0.649,F8V,24.5471,,104.9318,-28.9193,48.8043,88.2751
39249,120.6866,-41.3098,5.52,-0.152,Ap Si,116.6272,,147.0588,-56.3741,94.9953,-97.078
39269,120.7673,-32.4635,5.83,1.225,K2/K3III,84.9572,,144.7178,-62.4623,104.9174,-77.6792
39309,120.8734,-42.9483,6.28,1.008,G8II,164.8922,,248.139,-93.202,155.8936,-169.0667
39313,120.8795,27.7943,4.94,1.13,K2III,56.8068,,78.5546,-35.6654,59.641,36.6299
39318,120.8961,-40.0031,2.21,-0.269,O5IAf,12554.5167,Naos,332.2259,-130.6751,218.3763,-213.5647
39376,121.0675,-32.6748,5.25,1.882,M2II,2841.8425,,641.0256,-278.4497,462.1846,-346.0709
39403,121.136,-25.6997,6.35,1.461,K5/M0III,168.5777,,259.0674,-120.7052,199.8114,-112.3459
39413,121.1726,-19.7281,6.12,-0.154,B3III,512.8614,,406.5041,-198.0634,327.3951,-137.2186
39416,121.1767,-50.5904,5.96,1.213,G5II,475.5542,,363.6364,-119.5104,197.5165,-280.9554
39419,121.1789,-62.8363,6.25,-0.093,B2.5Vn,372.2203,,367.6471,-86.8945,143.5991,-327.0979
39424,121.1888,18.842,6.21,-0.042,B9V,32.7491,,107.0664,-52.4742,86.6835,34.5782
39427,121.1965,79.4796,5.39,-0.04,A0p...,59.5937,,99.0099,-9.3638,15.4636,97.3455
39455,121.2654,-53.1079,5.52,1.347,K3/K4III,74.6793,,117.6471,-36.6545,60.368,-94.0903
39456,121.2687,13.1182,5.14,0.018,A1V,33.1436,,65.7895,-33.2571,54.7656,14.9316
39473,121.3346,-46.9784,6.18,-0.138,B3Vnp,29376496.5196,,100000.0,-35480.6409,58276.0728,-73109.6673
39496,121.4044,27.5297,6.21,0.01,A0V,247.2863,,294.1176,-135.9042,222.6084,135.9438
39505,121.437,-33.5694,6.15,1.098,G1Ib,2244.9155,,862.069,-374.632,612.8551,-476.6786
39513,121.4568,-0.5733,6.4,1.058,K0,53.6043,,149.4768,-78.0014,127.5024,-1.4957
39547,121.5767,22.6355,5.96,1.652,M3III,187.5858,,228.3105,-110.3434,179.5245,87.8692
39563,121.6142,-9.2445,6.25,-0.006,B9V,260.8555,,307.6923,-159.1966,258.6265,-49.4299
39578,121.6681,-45.266,5.04,1.488,K3III,1533.2042,,427.3504,-157.9068,255.9917,-303.5821
39579,121.6734,-48.4974,6.34,-0.172,B3III,374.973,,384.6154,-133.8246,216.9059,-288.0483
39610,121.7914,43.2604,6.35,-0.02,A1V,94.0156,,193.4236,-74.2092,119.7271,132.556
39622,121.8252,-20.5543,5.33,0.1,A3Ib/II,1444.1091,,473.9336,-234.009,377.048,-166.396
39644,121.8861,-24.3043,2.83,0.458,F2mF5IIp,24.3893,Tureis,19.4818,-9.3788,15.0759,-8.0184
39667,121.9411,21.5818,5.3,0.642,G2IV,3.5843,,23.2883,-11.4568,18.3768,8.5661
39681,121.9826,-68.6171,4.35,-0.113,B6IV,471.1943,,172.4138,-33.2956,53.3201,-160.5456
39730,122.1027,-63.8008,6.32,-0.058,B6V,162.181,,250.6266,-58.8036,93.7312,-224.8784
39734,122.1144,51.5067,4.78,0.048,A2V,62.748,,76.6871,-25.3748,40.4283,60.0215
39750,122.1485,-2.9838,4.36,0.97,G2Ib,1655.0076,,324.6753,-172.5307,274.5206,-16.9004
39753,122.1568,-37.6812,6.36,-0.054,B3V,1757.1142,,840.3361,-353.9719,563.0377,-513.6703
39761,122.1769,13.6409,6.25,0.48,F3V,17.6198,,80.0,-41.4011,65.8027,18.8669
39764,122.1816,-20.3632,6.37,0.141,A3III,833.2973,,581.3953,-290.3021,461.3206,-202.3079
39785,122.2369,-11.3397,6.31,0.011,A0Vn,221.6154,,291.5452,-152.4803,241.7896,-57.325
39790,122.2532,-61.3024,4.74,0.437,F5V,4.4177,,19.98,-5.12,8.1137,-17.5258
39793,122.2568,-19.245,4.4,-0.16,B5V,307.8931,,142.6534,-71.8816,113.8954,-47.0198
39806,122.2896,-48.6844,5.66,-0.101,B8Ib/II,374.2829,,280.8989,-99.0678,156.7727,-210.9788
39807,122.2925,-35.455,6.21,0.892,G8III,39.7375,,117.9245,-51.3181,81.2008,-68.4037
39825,122.3461,42.4306,6.26,1.263,K3III:,114.0775,,204.499,-80.7575,127.5187,137.9748
39829,122.3689,-16.2489,5.66,-0.153,B4V,1272.9167,,518.1347,-266.3125,420.1453,-144.9798
39840,122.3831,-47.3366,1.75,-0.145,WC8 + O9I,20379.8039,,342.4658,-124.3001,195.993,-251.8314
39844,122.3901,-56.0854,5.66,0.204,A3m...,69.1831,,120.7729,-36.0975,56.9022,-100.2258
39845,122.3966,29.0931,6.47,0.804,G0II,425.0108,,434.7826,-203.5557,320.7947,211.4042
39848,122.3997,-44.1228,5.2,-0.173,B2IV-V,1063.6531,,383.1418,-147.3714,232.2233,-266.7426
39857,122.4298,-47.9372,5.23,-0.199,B1IVe,809.8414,,338.9831,-121.786,191.6835,-251.6647
39861,122.4487,-42.6408,6.27,-0.036,B+...,233.9915,,294.1176,-116.0854,182.5778,-199.2353
39882,122.5158,58.2482,5.91,1.365,K4III:,260.8555,,263.1579,-74.4397,116.7759,223.7727
39894,122.5546,25.8445,6.44,1.42,K0,155.1672,,259.0674,-125.4618,196.522,112.9352
39903,122.5857,-49.2373,6.46,-0.14,B3IV,655.8432,,537.6344,-189.0541,295.7783,-407.2155
39910,122.6133,25.5073,5.73,0.825,G8IV,7.6068,,41.3565,-20.1172,31.4403,17.8092
39922,122.666,-13.7992,5.53,0.488,F7V,2.6767,,22.3814,-11.7315,18.2976,-5.3384
39945,122.7454,14.6295,6.22,0.01,A1V,107.5474,,194.9318,-102.0214,158.6383,49.2334
39950,122.757,-37.2924,6.42,-0.045,B0III,2263.6016,,980.3922,-422.0161,655.921,-594.0025
39964,122.795,-48.462,5.83,-0.146,B3V,270.645,,258.3979,-92.808,144.0375,-193.415
39971,122.8179,-12.927,4.72,0.939,K0III,33.0826,,54.1712,-28.6152,44.3715,-12.1186
39972,122.8192,9.8212,6.08,-0.104,B6III,232.7019,,268.8172,-143.5608,222.5993,45.8534
39973,122.8252,54.5402,6.48,0.94,G5,61.4894,,166.113,-52.2387,80.9801,135.3029
39978,122.8396,-39.6185,4.44,1.59,K4III,3955.4874,,520.8333,-217.5669,337.0864,-332.1215
39983,122.8579,-42.9873,4.73,0.164,A7Ib,111686324.7781,,100000.0,-39688.338,61447.8084,-68183.5953
39994,122.8875,-7.7725,5.36,0.892,G8III,49.6592,,89.1266,-47.9504,74.1554,-12.0535
40042,122.9999,-46.6444,5.77,0.626,F7p,2423.2599,,751.8797,-281.133,432.9091,-546.6965
40047,123.0252,-43.4004,6.48,1.704,K3III:,22284351.4927,,100000.0,-39598.6501,60917.7951,-68709.309
40054,123.053,17.6478,4.67,0.531,G0V,7.4268,Tegmine,25.0815,-13.036,20.0331,7.6038
40070,123.1283,-46.2643,6.0,-0.113,B5V,356.123,,320.5128,-121.0976,185.5628,-231.5821
40101,123.2033,68.4741,5.34,1.037,G8II,338.2206,,230.4147,-46.2974,70.741,214.3436
40106,123.2148,-37.9245,6.4,0.108,A3V,79.2866,,181.8182,-78.5637,119.9902,-111.7495
40117,123.2489,16.5143,6.03,0.89,G8III,73.3838,,147.4926,-77.5309,118.2594,41.9255
40126,123.2869,29.6565,5.62,-0.073,B9p SiCr,216.1723,,209.6436,-99.9873,152.2917,103.7316
40145,123.3332,-15.7882,4.99,1.066,G5Ib/II,625.1727,,266.6667,-141.007,214.3919,-72.5553
40149,123.3407,-1.1659,6.48,0.918,K0,52.0955,,152.9052,-84.0219,127.7131,-3.1112
40159,123.373,-35.8995,4.78,-0.11,B2ne,865.3663,,284.9003,-126.9505,192.7282,-167.0557
40167,123.3927,-50.1961,5.52,1.651,M1III,263.9976,,221.2389,-77.9488,118.2485,-169.9645
40170,123.4007,-46.9916,5.14,-0.139,B2.5IV,1329.2296,,416.6667,-156.4551,237.2708,-304.6892
40176,123.4211,-33.5695,6.38,1.141,K2III,35.3834,,120.3369,-55.2257,83.687,-66.5401
40184,123.4402,-46.5787,6.49,-0.159,B3V,339.4689,,392.1569,-148.5412,224.9308,-284.831
40190,123.4591,56.4522,5.88,1.016,G9III,120.0052,,176.0563,-53.6424,81.1707,146.7298
40206,123.493,-36.3223,5.09,-0.184,B2V:,777.6783,,311.5265,-138.5085,209.3192,-184.5254
40209,123.4946,-36.3408,6.11,-0.185,B2IV/V,388.3292,,352.1127,-156.523,236.5291,-208.6573
40211,123.5121,-40.3479,4.42,1.17,K1II/III,124.3942,,91.4913,-38.4978,58.1371,-59.2339
40226,123.546,-32.1407,6.07,-0.159,B2V,1567.4728,,694.4444,-324.9416,490.0782,-369.4447
40227,123.5464,17.676,6.47,0.331,A0Vne...,20.2862,,94.9668,-50.0022,75.4123,28.8351
40229,123.5553,-35.49,5.77,1.024,K1III,20.3236,,68.8705,-30.9952,46.7307,-39.9835
40239,123.5875,13.0483,6.39,1.034,G8III,322.4037,,364.9635,-196.6882,296.18,82.3986
40242,123.5995,-45.8345,5.86,-0.176,B2IV-V,517.6068,,362.3188,-139.6959,210.2635,-259.9023
40282,123.7135,-46.4859,6.45,-0.149,B3Vnne,872.5694,,617.284,-235.9036,353.542,-447.6574
40314,123.8164,-62.9156,5.16,0.086,A+...,45.1648,,77.5194,-19.6427,29.3237,-69.0184
40318,123.8469,-50.4492,6.44,1.52,K3/K4III,143.0869,,248.7562,-88.2241,131.5545,-191.8061
40359,123.9605,60.3806,6.43,0.21,A7Vm,53.4072,,151.2859,-41.7686,62.0168,131.517
40361,123.9689,-30.9259,6.22,0.777,G6:III+...,27.1144,,97.8474,-46.8991,69.6121,-50.2867
40369,123.9951,-35.9032,6.15,1.549,K2III,778.3949,,507.6142,-229.8953,340.8967,-297.6738
40411,124.1288,9.1855,3.53,1.481,K4III,291.8771,Tarf,93.0233,-51.522,76.0152,14.8495
40444,124.2248,84.0576,6.45,0.052,A3IV,49.705,,147.2754,-8.5756,12.6069,146.484
40489,124.3464,-16.2851,6.32,0.057,A1V,193.9099,,273.9726,-148.3721,217.1276,-76.8267
40502,124.3819,8.8663,6.28,0.98,G8III,194.6256,,269.5418,-150.393,219.7926,41.5443
40524,124.4423,-36.0676,6.42,1.446,M0III + A3/5,2177.7098,,961.5385,-439.5847,640.9817,-566.0954
40531,124.4601,59.5711,5.63,0.182,A7IV,41.115,,91.8274,-26.3155,38.3465,79.179
40540,124.4823,-59.1668,6.47,0.397,F5V,12.3823,,74.184,-21.5264,31.3418,-63.6991
40541,124.4928,-30.0037,6.43,1.04,K0III,44.7507,,138.5042,-67.9245,98.8572,-69.2598
40560,124.5601,15.6779,6.42,1.018,K0,48.7528,,143.8849,-78.585,114.0853,38.8819
40562,124.5658,54.1437,6.26,1.558,K5,182.1378,,258.3979,-85.8732,124.6393,209.4286
40563,124.5725,-35.4517,5.59,1.246,K2III,80.6121,,126.2626,-58.3644,84.691,-73.2344
40565,124.5783,-65.6132,5.06,1.129,K1III,68.3597,,91.0747,-21.3416,30.9615,-82.9489
40578,124.5998,-12.6322,5.95,0.754,K0V,0.5665,,12.4938,-6.9228,10.0352,-2.7323
40587,124.6305,-76.9197,4.05,0.413,F5III,7.9947,,19.5618,-2.5159,3.6428,-19.0542
40591,124.6389,-36.6593,4.44,0.222,A4m...,11.9564,,28.6287,-13.0539,18.8953,-17.0929
40634,124.7733,-48.1979,6.45,-0.131,B3V,190.1954,,288.1844,-109.5561,157.7875,-214.8274
40651,124.8128,-10.1658,6.31,0.329,F3IIIp,29.2415,,105.9322,-59.527,85.6072,-18.6967
40657,124.8216,62.5072,5.73,0.891,G8III,89.2072,,141.6431,-37.3379,53.6791,125.6471
40672,124.873,-34.5901,6.44,-0.079,B8Ib/II,127.9971,,235.2941,-110.7509,158.9174,-133.5769
40679,124.8843,75.7569,5.55,0.902,G8III,38.7972,,85.9845,-12.0992,17.3539,83.3414
40701,124.9541,-71.5149,5.33,-0.063,B9III/IV,114.2878,,133.3333,-24.2198,34.6486,-126.4541
40703,124.9578,3.948,6.04,0.964,G8III,95.0605,,168.6341,-96.3934,137.8802,11.6107
40718,125.0023,-71.5054,5.63,-0.099,A0p,80.3156,,128.3697,-23.3579,33.3557,-121.7398
40728,125.0161,27.2177,5.13,0.487,F6V,2.5799,,18.2715,-9.3234,13.3073,8.3569
40743,125.0542,-0.9093,6.18,0.607,F9V,4.5835,,39.4945,-22.6808,32.3265,-0.6268
40744,125.0709,-5.3299,6.12,1.329,K2III,138.8034,,211.4165,-120.9525,172.2839,-19.6386
40751,125.0874,20.7477,5.8,1.137,K1III,124.3942,,172.7116,-92.8406,132.1608,61.1837
40760,125.1085,57.7433,5.89,0.421,F4V,4.0179,,32.352,-9.9305,14.1253,27.359
40761,125.114,-22.9247,6.12,1.039,G8/K0III,150.6607,,220.2643,-116.6902,165.9474,-85.7975
40766,125.1339,24.0223,5.92,-0.039,B9.5V,73.4514,Piautos,140.2525,-73.7229,104.7653,57.0957
40773,125.1617,-77.4845,4.34,1.161,K0III-IV,36.2744,,47.619,-5.9427,8.4363,-46.4874
40774,125.168,72.4072,6.0,1.537,M0III,214.5853,,248.7562,-43.3056,61.4624,237.1216
40811,125.2818,-64.106,6.11,0.93,G6/G8III,64.328,,143.2665,-36.1378,51.0736,-128.883
40817,125.3004,-57.9732,5.96,-0.092,B1.5III,1062.6739,,543.4783,-166.5489,235.2219,-460.7611
40828,125.3377,-36.4842,5.18,-0.187,B2IV-V+...,1538.8631,,456.621,-212.3476,299.4914,-271.5072
40829,125.3384,-20.0791,5.58,0.771,A3V,154.4543,,173.913,-94.4781,133.2467,-59.7072
40830,125.346,-33.0544,4.83,1.419,K2/K3III,970.0631,,308.642,-149.6549,211.0061,-168.344
40832,125.3508,-39.6207,6.15,0.172,A4V,13.122,,65.9196,-29.3784,41.4148,-42.0371
40875,125.4775,-17.5863,5.71,1.05,K0III,41.0771,,95.2381,-52.6913,73.9317,-28.7755
40888,125.5188,-73.4,5.28,0.014,A0/A1IV/V,91.8756,,116.8224,-19.3898,27.1646,-111.9535
40896,125.5397,74.8204,6.4,1.022,K0III...,49.3856,,143.472,-21.8368,30.5692,138.4662
40920,125.6257,-6.1792,6.14,0.227,A8IV,16.1883,,72.8863,-42.2087,58.9007,-7.8453
40921,125.6285,-59.5095,1.86,1.196,K3III+B2V,5405.0535,Avior,185.5288,-54.8372,76.5152,-159.8726
40922,125.6321,-48.4904,4.79,-0.146,B1V,2926.8469,,526.3158,-203.2111,283.5069,-394.1287
40944,125.6836,60.6312,6.42,0.969,K0III,33.8532,,119.9041,-34.3011,47.7639,104.4942
40951,125.6952,-13.0548,6.13,0.997,K0III,48.9328,,126.1034,-71.6763,99.7658,-28.4846
40958,125.7081,-26.3482,5.88,0.379,F2Iab,38725764.4922,,100000.0,-52302.149,72764.5129,-44382.5515
40959,125.7088,43.1881,4.25,1.55,K5III,238.7811,Alsciaukat,117.2333,-49.8895,69.406,80.234
40964,125.7254,-7.5431,5.92,1.635,M1III,582.908,,395.2569,-228.7938,318.1026,-51.8863
40965,125.7299,-52.1237,5.89,0.018,A0V,18.8105,,70.028,-25.1071,34.9019,-55.2758
40991,125.8206,-38.2861,6.28,1.613,M2III,299.7782,,334.4482,-153.6379,212.8633,-207.2202
41000,125.841,18.3322,5.94,0.175,A9V,50.8159,,117.7856,-65.4677,90.6365,37.0466
41035,125.9521,53.2197,5.52,0.125,A3V,13.7151,,50.4286,-17.7272,24.4423,40.3902
41046,125.98,10.6321,6.11,1.507,M2III,232.7019,,272.4796,-157.3345,216.711,50.2729
41074,126.0846,-80.9142,5.67,1.018,G8III,27.0396,,75.8725,-7.0567,9.6827,-74.9205
41091,126.1379,82.4308,6.28,0.035,A2Vn,92.8966,,186.2197,-14.4659,19.8101,184.5971
41094,126.1459,-3.7512,5.61,0.478,F3V,3.5188,,26.617,-15.6662,21.4476,-1.7414
41097,126.1518,-4.717,6.03,0.46,F2V,13.5394,,63.3714,-37.2579,50.9964,-5.2113
41107,126.1782,42.0052,6.02,1.591,K5III,296.2102,,294.9853,-129.3928,176.9339,197.4037
41125,126.2299,-23.1537,5.67,0.066,A1III/IV,140.6048,,173.0104,-94.0176,128.3181,-68.0276
41133,126.2384,-42.7698,5.97,-0.159,B3V,1076.4652,,549.4505,-238.4356,325.3236,-373.1071
41143,126.2656,-24.0462,5.32,1.476,K4/K5III,133.5365,,143.472,-77.5028,105.6402,-58.461
41145,126.2704,35.0114,6.08,1.261,K0,230.3563,,267.3797,-129.5561,176.5606,153.4063
41165,126.3292,-21.046,6.01,0.402,F2/F3V,4.2462,,35.1617,-19.4411,26.4376,-12.6272
41179,126.3805,-51.7274,5.18,-0.164,B2V,335.4285,,213.2196,-78.3361,106.3281,-167.3929
41182,126.3981,2.1022,5.74,1.528,K5III,330.8263,,273.9726,-162.4637,220.3759,10.0499
41189,126.414,-17.4394,6.44,1.234,K1III,107.3495,,215.5172,-122.0538,165.465,-64.5899
41190,126.4151,-3.9064,3.91,-0.012,A0V,33.4503,,37.5094,-22.215,30.1151,-2.5554
41195,126.4343,-66.1369,3.77,1.132,K2IIIvar,29.4036,,32.9707,-7.9217,10.7313,-30.1522
41203,126.4578,17.0463,6.11,0.448,F6V,6.327,,44.9438,-25.5337,34.56,13.175
41205,126.465,-64.6006,5.95,0.971,G8/K0III,45.8353,,112.3596,-28.6432,38.7585,-101.4989
41207,126.4663,-42.1531,5.45,-0.142,B3V,279.2544,,220.2643,-97.0537,131.322,-147.8224
41209,126.4782,7.5645,5.13,0.934,G8II,113.24,,121.0654,-71.349,96.4995,15.9373
41212,126.4816,-14.9297,5.96,0.167,A3m...,44.2996,,110.9878,-63.7618,86.227,-28.5941
41245,126.5739,-39.059,6.07,-0.009,B9IV/V,95.9401,,171.8213,-79.4988,107.1473,-108.268
41257,126.6051,-52.8075,6.05,0.062,A0V,15.9661,,69.4444,-25.0318,33.6991,-55.32
41259,126.6134,-3.9875,5.6,0.218,A5III-IV,12.543,,50.025,-29.7633,40.0568,-3.4787
41261,126.6154,27.8936,5.58,1.421,K5III,66.8036,,114.4165,-60.3142,81.1673,53.5276
41279,126.6748,-12.5346,5.52,1.167,K1/K2III,38.3707,,84.317,-49.1599,66.0136,-18.2992
41283,126.6831,12.6546,5.56,1.608,M3III,396.6432,,276.2431,-161.0157,216.1523,60.5175
41288,126.6961,26.9355,6.3,0.187,A3V+...,18.7932,,84.5309,-45.0334,60.4255,38.2914
41308,126.7407,-52.7049,6.49,0.419,F5V...,6.4506,,54.0541,-19.5924,26.2462,-43.0014
41331,126.8184,-31.6727,6.33,0.897,G8III,87.0964,,184.5018,-94.1005,125.7024,-96.8758
41333,126.8199,-70.0935,5.51,-0.024,A0V,39.9945,,85.6898,-17.4854,23.3562,-80.5698
41365,126.9025,-53.0885,5.08,0.256,A9/F0III/IV,30.1439,,61.0501,-22.016,29.3199,-48.8135
41366,126.9033,45.653,6.32,0.624,G5V,1.2788,,22.2519,-9.3397,12.4379,15.9128
41397,126.9976,-35.1138,5.75,-0.151,B2V,354.1604,,284.9003,-140.2462,186.1293,-163.8751
41429,127.0824,-8.8163,6.43,1.197,K0,149.5547,,253.1646,-150.8455,199.5805,-38.8017
41446,127.1215,-2.5171,6.42,0.332,A5m,13.0978,,74.5712,-44.9608,59.4026,-3.275
41456,127.1533,24.1449,6.05,0.246,F0Vn,61.7732,,136.612,-75.2885,99.3571,55.8806
41460,127.1556,14.2108,5.94,0.201,A5V,40.5882,,105.2632,-61.6315,81.3273,25.8411
41479,127.2125,-9.7486,6.01,0.427,F2III,690.5577,,448.4305,-267.2826,351.9722,-75.9305
41498,127.2698,-47.9289,5.33,-0.14,B2IV,2746.629,,653.5948,-265.2045,348.5114,-485.1727
41503,127.2815,-44.1604,5.82,-0.16,B2V,787.0458,,438.5965,-190.591,250.3537,-305.5569
41521,127.3645,-44.7248,5.03,-0.168,B+...,5420.0089,,800.0,-344.9502,451.7557,-562.962
41526,127.3742,-54.2118,6.44,-0.108,Ap Si,115.6645,,223.7136,-79.4136,103.9657,-181.4729
41534,127.4016,-55.1909,6.36,0.799,G0V,93.1537,,193.4236,-67.0657,87.7131,-158.8122
41556,127.4402,-46.3317,5.98,-0.127,B7IV,110.2554,,176.6784,-74.1637,96.8613,-127.8002
41558,127.4427,67.2974,5.89,0.972,G8III,36.8808,,98.0392,-23.0043,30.0419,90.4432
41586,127.5665,60.7182,3.35,0.856,G4II-III,120.0052,Muscida,54.9149,-16.3756,21.2899,47.8981
41605,127.6192,-32.1593,5.61,1.509,K3III,519.996,,323.6246,-167.2351,217.0086,-172.2572
41619,127.6635,-44.7373,6.3,-0.007,B4V,966.4959,,606.0606,-263.0512,340.7973,-426.5803
41663,127.7943,-47.8666,6.39,-0.147,B2.5V,322.4037,,364.9635,-150.0443,193.4757,-270.6515
41680,127.8332,37.2649,6.18,-0.039,A0V,188.2782,,253.1646,-123.5805,159.1285,153.2916
41689,127.8529,-39.0641,6.31,-0.133,B5V,553.605,,460.8295,-219.5634,282.5204,-290.4099
41695,127.8732,-54.394,6.34,1.298,K3III,62.8637,,157.4803,-56.2877,72.3745,-128.0378
41697,127.8772,24.0811,5.71,0.327,F0IIIn,26.595,,76.6284,-42.953,55.2209,31.2666
41699,127.8789,-19.5775,5.42,-0.061,B9.5IV/V,66.2522,,105.8201,-61.2168,78.6963,-35.4583
41704,127.8989,18.0944,5.33,1.567,K5III,104.0399,,127.2265,-74.2865,95.4291,39.5145
41743,128.0207,-53.2119,5.68,0.582,G8III+...,246.1501,,229.8851,-84.7962,108.4535,-184.1049
41774,128.139,-15.0301,6.38,0.275,A7IV/V,17.108,,83.682,-49.9116,63.5655,-21.701
41775,128.1393,53.1148,6.23,1.008,K0IV,9.4624,,58.072,-21.526,27.4143,46.4483
41785,128.1661,10.066,6.48,-0.007,A1V,60.8695,,165.2893,-100.5673,127.9538,28.8897
41786,128.1688,-47.0421,6.49,1.293,K2III,118.3586,,231.4815,-97.4836,124.0186,-169.4108
41788,128.1744,-73.3568,6.11,0.946,G8III,46.0469,,121.2121,-21.4567,27.2918,-116.1341
41790,128.1771,20.4412,5.33,1.252,K3III,53.8022,,91.4913,-52.9893,67.3929,31.9529
41807,128.215,-31.5009,6.38,0.78,K0V,0.3641,,12.2085,-6.4394,8.1786,-6.3791
41808,128.222,69.3199,6.31,1.36,K0,72.845,,167.2241,-36.5381,46.3949,156.4493
41816,128.2292,38.0164,5.88,1.106,K2III,21.6571,,74.7943,-36.4636,46.2885,46.0648
41820,128.2438,-34.634,6.36,0.951,G8III,40.1791,,127.0648,-64.7166,82.111,-72.2151
41821,128.2505,24.0848,6.35,1.032,G9III,72.9122,,170.3578,-96.2867,122.1371,69.521
41822,128.2578,-45.7529,6.36,-0.119,B5III,841.0078,,581.3953,-251.1916,318.5463,-416.4752
41831,128.2702,-24.607,6.19,0.27,F2IV/V,15.3462,,72.6216,-40.8949,51.8373,-30.239
41851,128.3328,-38.3707,6.48,-0.153,B2/B3V,491.134,,469.4836,-228.2936,288.7304,-291.4304
41857,128.3406,36.4364,6.2,0.402,F5Vbwvar,3.9664,,37.092,-18.5115,23.4055,22.0301
41867,128.3761,-46.9707,6.25,1.56,K3III,1291.814,,684.9315,-290.1587,366.4024,-500.6879
41882,128.4101,-38.8488,5.92,-0.114,B5III,244.1181,,255.7545,-123.7494,156.0762,-160.4265
41889,128.4312,4.757,5.89,1.066,G5III,979.039,,505.0505,-312.8448,394.2713,41.8838
41891,128.4377,13.2573,6.26,1.179,K0III,30.1162,,105.042,-63.5605,80.0851,24.0887
41909,128.5067,-2.1516,5.8,0.007,A1V,34.0095,,90.3342,-56.203,70.6398,-3.3914
41930,128.5556,8.4523,6.04,0.332,F3IV,11.1378,,57.7367,-35.5949,44.6599,8.4865
41951,128.6219,-37.6112,6.28,1.562,M0III,446.2724,,408.1633,-201.8187,252.6158,-249.1019
41952,128.6238,-27.0982,6.4,1.429,K3III,152.1949,,251.8892,-139.9706,175.1891,-114.7396
41956,128.6331,-32.5987,6.41,0.752,G5V,10.7647,,67.2948,-35.3955,44.2867,-36.2552
41961,128.6507,65.1452,5.47,0.207,A2m,12.3481,,46.7508,-12.273,15.3463,42.4205
41969,128.6817,-49.9442,5.01,1.304,K1/K2II,585.0595,,260.4167,-104.7406,130.8234,-199.3277
41970,128.6829,36.4196,5.76,0.051,A2Vnn,51.1918,,108.8139,-54.7268,68.352,64.6022
42004,128.8022,-39.9705,6.44,0.578,G1V,3.0704,,36.4431,-17.5013,21.7656,-23.4108
42010,128.8149,-58.2247,5.27,-0.133,B3V+...,512.3892,,274.7253,-90.6783,112.7212,-233.5495
42015,128.832,-58.0092,4.84,0.981,K0III,46.7735,,68.0735,-22.6136,28.0935,-57.7354
42023,128.854,2.7434,6.35,1.023,G9III,64.7441,,160.5136,-100.5809,124.8562,7.6828
42027,128.8675,-7.9823,5.72,-0.004,A1spe...,38.6901,,92.8505,-57.7011,71.5929,-12.8939
42028,128.8696,-26.8435,5.95,0.393,A1V+...,117.0577,,179.5332,-100.5256,124.718,-81.0691
42053,128.9624,6.6202,5.91,0.53,F8V,2.379,,25.1256,-15.6939,19.4064,2.8967
42058,128.9668,-50.9697,5.79,-0.132,B8 Si,78.7046,,136.7989,-54.175,66.9799,-106.2671
42068,129.0321,15.3136,6.33,0.338,F0IV,15.4739,,77.7605,-47.2314,58.2591,20.5367
42130,129.2032,74.7237,6.31,0.308,A2m,14.9279,,75.7002,-12.6067,15.4556,73.0254
42146,129.2741,9.6556,5.92,0.083,A3V,83.6373,,149.7006,-93.4226,114.2456,25.1086
42168,129.3285,-62.8535,5.45,1.013,K0III,61.7732,,103.6269,-29.9655,36.5735,-92.2116
42180,129.3632,-4.934,6.18,1.054,K0,47.7749,,127.551,-80.5975,98.2495,-10.9704
42193,129.411,-42.9891,4.11,0.109,A6II,6171.6317,,558.6592,-259.4432,315.7279,-380.9268
42195,129.414,5.7038,4.14,0.003,A1Vnn,46.4729,,49.1642,-31.0608,37.7951,4.8862
42215,129.4673,-26.255,5.24,-0.03,A0V,35.2858,,71.0732,-40.5161,49.2071,-31.4404
42246,129.5791,32.802,5.96,1.111,K2III:,55.9242,,124.6883,-66.7767,80.7791,67.5484
42253,129.5926,53.4015,5.66,0.964,G8IV,31.6519,,81.6993,-31.0437,37.5353,65.5909
42275,129.6679,-19.7369,6.32,1.592,M1III,336.6666,,361.0108,-216.9084,261.5656,-121.9139
42281,129.6867,-53.0904,6.45,-0.1,B8Vn,59.0473,,160.5136,-61.5582,74.1822,-128.3441
42283,129.6893,3.3414,4.45,1.216,K2III,188.7991,Minchir,114.2857,-72.8616,87.7955,6.6613
42296,129.7496,52.9251,6.34,1.319,K0,129.7777,,226.2443,-87.2145,104.8656,180.5085
42306,129.7714,-70.3867,5.19,0.013,A0V,39.6643,,73.6377,-15.8127,18.9983,-69.3652
42311,129.783,-22.6619,5.05,0.72,G3/G5V,3.1304,,19.3986,-11.4545,13.7564,-7.4741
42315,129.792,59.9391,6.47,0.035,A2Vn,36.5763,,127.551,-40.8916,49.0935,110.3946
42319,129.7989,65.0209,5.63,0.618,G1.5Vb,1.0046,,14.3554,-3.8803,4.6575,13.0126
42321,129.8051,-60.3173,6.35,-0.002,A0V,47.1194,,136.9863,-43.4266,52.1128,-119.0111
42333,129.8235,52.7116,5.91,1.167,K1III:,96.4717,,160.0,-62.0778,74.4461,127.2954
42336,129.8422,-36.6067,6.12,0.426,F3/F5V,4.4463,,37.8501,-19.4663,23.3293,-22.5707
42341,129.8494,-53.4398,5.45,-0.132,B5V,107.0533,,136.4256,-52.0719,62.3892,-109.5813
42343,129.8523,8.0176,6.46,1.08,K1III,23.5939,,101.9368,-64.6837,77.4918,14.2179
42364,129.927,-29.5611,4.86,0.9,G5III,55.616,,74.9064,-41.8177,49.9656,-36.9552
42365,129.9276,73.6297,6.16,1.017,G7III,38.4769,,113.3787,-20.5094,24.505,108.7823
42385,129.99,-53.0547,5.18,-0.147,B4IV,135.8939,,135.6852,-52.4109,62.483,-108.441
42390,130.0061,-12.4754,4.98,1.415,K3III,125.7766,,119.0476,-74.7251,89.0345,-25.7167
42396,130.0256,-35.3084,3.97,0.936,G5II/III,365.7632,,127.551,-66.9424,79.7065,-73.7215
42397,130.0267,20.0078,6.39,0.98,K0III,84.2558,,186.5672,-112.7479,134.2404,63.8336
42408,130.0536,64.3279,4.59,1.179,K2III,78.2708,,78.4929,-21.8821,26.0286,70.7447
42415,130.0728,-53.0154,5.56,-0.125,B7Vn,112.8236,,147.2754,-57.0378,67.7998,-117.6432
42416,130.0733,-52.9219,3.6,-0.168,B3IV,723.769,,151.2859,-58.7185,69.7964,-120.6981
42419,130.0762,31.9419,6.21,0.401,F5III,43.8935,,123.9157,-67.6981,80.4619,65.5587
42421,130.0799,-40.2639,5.2,-0.027,Ap (SiCr),53.1129,,85.6164,-42.0643,49.9884,-55.3346
42429,130.092,19.6699,6.42,1.02,K0III,112.3052,,218.3406,-132.4098,157.2861,73.4937
42437,130.1125,19.5448,6.29,0.17,Am,85.9014,Meleph,179.8561,-109.2027,129.6248,60.1698
42445,130.1469,-45.1911,5.67,1.664,M0III,411.1497,,295.858,-134.4331,159.3794,-209.8998
42449,130.1543,-59.761,4.31,-0.117,B1.5III,3218.1034,,442.4779,-143.695,170.3155,-382.2709
42452,130.1565,-46.6487,3.77,0.67,F3Ia,270395836.4109,,100000.0,-44268.8989,52465.8299,-72715.8943
42460,130.1814,-57.5455,6.34,0.208,A3V,11.4393,,67.1592,-23.2531,27.5345,-56.6701
42485,130.2544,45.834,5.35,0.993,G0IV,19.2841,,55.2792,-24.8879,29.3941,39.6531
42495,130.2722,-48.9227,5.9,-0.186,B1.5V,1397.0116,,606.0606,-257.4226,303.8412,-456.8628
42505,130.3047,-47.3171,4.74,0.137,A5II,6754.6057,,781.25,-342.5995,403.9118,-574.3104
42518,130.3316,-78.9634,5.46,-0.101,B9IV,51.428,,94.9668,-11.7664,13.8589,-93.2104
42543,130.4306,-15.9434,4.87,1.063,K0IIICN...,41.3809,,64.9351,-40.4922,47.5268,-17.8369
42560,130.4871,-45.4107,5.2,0.171,B5Iab,72443596.0075,,100000.0,-45580.5531,53392.2515,-71215.7332
42583,130.5409,-11.966,6.46,0.16,A5m,20.4739,,94.9668,-60.3862,70.6011,-19.6896
42593,130.5675,-48.0991,5.48,-0.172,B1.5Vn,55975760.1495,,100000.0,-43432.7937,50732.1747,-74430.0939
42596,130.5792,-53.1001,5.49,-0.127,B8...,130.017,,153.1394,-59.8119,69.8351,-122.4633
42598,130.5869,-55.7746,6.26,1.178,K2III,27.1144,,99.7009,-36.4836,42.5859,-82.4358
42607,130.6058,-53.114,4.83,-0.173,B3IV,224.9055,,148.5884,-58.0471,67.7108,-118.8456
42656,130.7375,-35.9433,6.42,0.019,A0V,41.115,,132.1004,-69.7938,81.0355,-77.5409
42658,130.7507,46.9008,6.21,0.981,G8III,45.9198,,126.7427,-56.5289,65.6034,92.544
42675,130.8012,-79.0701,6.05,0.229,A7V,28.5496,,92.8505,-11.5039,13.3268,-91.1662
42676,130.8014,12.6809,5.62,0.435,A3V+...,397.0087,,284.0909,-181.1079,209.8054,62.3638
42680,130.8062,3.3987,4.3,-0.192,B3V...,537.0318,,179.8561,-117.3296,135.8981,10.6624
42687,130.8215,21.4685,4.66,0.01,A1IV,36.779,Asellus Borealis,55.5556,-33.7972,39.1248,20.3328
42709,130.8981,-33.1864,3.68,-0.18,B1.5III,2134.0274,,269.5418,-147.6894,170.5089,-147.5376
42715,130.9178,-49.8228,5.15,-0.197,B0IIIn,2447.9357,,568.1818,-240.0909,276.9945,-434.1209
42716,130.9182,-7.2337,4.63,0.84,G2Ib,681.0829,,235.8491,-153.2472,176.7997,-29.6975
42731,130.9764,-68.2116,6.33,1.501,K3III:,208.9296,,285.7143,-69.543,80.0668,-265.3031
42735,130.9991,4.3346,6.37,-0.04,B9.5III-IV,227.8243,,303.9514,-198.836,228.7421,22.9727
42765,131.0998,-42.6493,4.05,0.874,G5III,102.8964,,70.1754,-33.9303,38.8953,-47.5444
42776,131.125,-65.8254,6.03,0.217,A9V,11.5878,,58.6166,-15.7879,18.0821,-53.476
42792,131.1712,18.1543,3.94,1.083,K0III,37.051,Asellus Australis,40.032,-25.0417,28.6339,12.4731
42794,131.1759,-54.7088,1.93,0.043,A1V,89.7842,Alsephina,24.6975,-9.394,10.7398,-20.1588
42798,131.1877,10.0817,5.63,-0.069,A1p...,82.0352,,129.7017,-84.0933,96.1007,22.7045
42804,131.2164,-37.1472,5.74,-0.139,B2III,1038.4845,,485.4369,-254.9532,291.0629,-293.1386
42809,131.2298,-21.1678,6.1,0.195,A5V,22.5113,,84.3882,-51.8659,59.1838,-30.4727
42812,131.2553,5.6806,6.13,0.2,A6V,12.8233,,64.5578,-42.3614,48.2948,6.3901
42817,131.2731,-58.7243,6.2,-0.083,B7III,198.6095,,262.4672,-89.8848,102.4106,-224.3253
42833,131.3365,-2.6011,6.41,0.521,F2+...,9.0698,,61.7665,-40.7535,46.3292,-2.8031
42835,131.3393,30.6978,6.12,0.935,G5III,101.8591,,181.1594,-102.8912,116.9569,92.4835
42862,131.3953,4.6644,6.45,1.228,K0,61.1505,,163.3987,-107.6896,122.1701,13.2874
42883,131.4554,-25.3881,6.07,0.084,A3IV/V,35.059,,103.8422,-62.108,70.3106,-44.5221
42893,131.4801,-79.5044,5.79,1.595,K5III,98.3558,,152.9052,-18.4489,20.8673,-150.3469
42904,131.5069,-46.0415,3.87,0.015,A1III,7957.9279,,568.1818,-261.37,295.3538,-409.0017
42907,131.5103,-2.0487,5.7,1.097,K0III:,39.1922,,92.5926,-61.327,69.2924,-3.31
42916,131.5286,-11.0068,6.22,1.608,K5III,266.4404,,306.7485,-199.6314,225.4151,-58.5659
42948,131.5939,-13.5477,4.32,0.9,G8III,91.9602,,75.1315,-48.488,54.6251,-17.5999
42954,131.599,-41.1254,6.21,-0.05,B9V,138.0384,,219.7802,-109.9137,123.8031,-144.5514
42963,131.6273,-45.9125,5.43,0.238,B3Ia,58613816.4514,,100000.0,-46217.8354,52006.5056,-71827.8154
42984,131.6743,28.7599,4.03,1.007,G8Iab:,219.3815,,101.5228,-59.1752,66.4769,48.8467
42986,131.6773,-56.7698,4.5,-0.169,B3Vne,475.1164,,185.5288,-67.6043,75.938,-155.1903
42990,131.6938,6.4188,3.38,0.685,G0III-IV,60.8135,Ashlesha,39.6354,-26.1982,29.4106,4.431
42995,131.7052,-34.6229,6.33,-0.127,B3V,378.4426,,384.6154,-210.569,236.2945,-218.5282
43002,131.7334,12.11,5.89,0.12,A1V,11.1789,,53.9665,-35.1242,39.3763,11.3215
43023,131.8124,-1.897,5.28,0.058,A3V,102.0469,,123.1527,-82.0602,91.7393,-4.0768
43029,131.8285,-46.1554,5.71,0.554,F0Ib,45289757.9904,,100000.0,-46196.7099,51616.477,-72122.1415
43033,131.8395,-17.0529,6.48,0.679,A2V,79.6526,,189.0359,-120.5517,134.6431,-55.4356
43057,131.9183,-41.7368,6.35,0.578,G0Ia0:,2.134,,29.146,-14.5299,16.1834,-19.4028
43075,132.001,-52.8502,6.29,-0.097,B8V,53.4072,,141.844,-57.3187,63.6567,-113.058
43084,132.0203,-6.5588,6.09,1.282,K0,148.8675,,215.9827,-143.6313,159.405,-24.6703
43089,132.0366,-42.4634,6.43,-0.178,B2IV,544.5027,,483.0918,-238.6343,264.6903,-326.1448
43095,132.0609,-28.6388,6.42,1.364,M5III,107.5474,,213.6752,-125.6328,139.2313,-102.4116
43113,132.1082,5.8378,4.35,-0.044,A0Vn,186.896,,108.5776,-72.4273,80.1338,11.0437
43126,132.156,-1.0448,6.42,1.142,K0,68.8018,,170.9402,-114.7078,126.7003,-3.1171
43146,132.2053,66.7081,6.2,-0.106,B8V,67.6083,,153.1394,-40.6793,44.8547,140.6589
43184,132.3405,-3.443,5.3,-0.08,B9MNp...,126.0085,,138.1215,-92.8618,101.9089,-8.295
43204,132.4132,-40.3202,5.47,0.066,A2/A3IV,848.7895,,387.5969,-199.3198,218.1822,-250.7977
43216,132.4373,-21.0484,6.48,0.256,A6IV,13.7278,,78.4929,-49.4316,54.0639,-28.1913
43224,132.4485,-45.3079,4.94,0.043,A2III,1064.6332,,340.1361,-161.4539,176.5142,-241.8014
43228,132.4589,-72.5512,6.1,0.185,A3m...,1234.8096,,625.0,-126.5118,138.2625,-596.2409
43229,132.4646,-32.7805,5.19,0.876,G8III,34.4509,,68.6342,-38.9581,42.5681,-37.1601
43231,132.4682,-39.1416,6.38,0.249,A2/A3II/III,14.1254,,76.0456,-39.8222,43.5068,-48.003
43247,132.5093,-29.463,5.86,0.948,G8III,209.5077,,230.4147,-135.5582,147.8876,-113.3321
43269,132.5876,-42.0898,6.0,-0.114,O9V,2051.1622,,769.2308,-386.2985,420.2793,-515.6111
43271,132.5902,-28.6176,6.17,-0.055,B9V,39.3369,,115.2074,-68.4418,74.4556,-55.1799
43286,132.6331,-27.7098,4.02,1.272,K3III,86.7761,,63.5728,-38.1197,41.4069,-29.561
43287,132.6343,33.2851,6.22,0.549,F7Vn,2.2761,,28.3527,-16.0534,17.437,15.5601
43290,132.6394,-46.5292,5.09,-0.205,B0III,80167806.3388,,100000.0,-46602.881,50610.3223,-72572.4931
43291,132.6447,-66.793,5.34,0.423,F5IV,17.1712,,51.9211,-13.8605,15.0495,-47.72
43305,132.688,18.8322,6.41,0.009,A2Vs,198.6095,,289.0173,-185.4656,201.0715,93.294
43331,132.7561,15.3507,6.36,0.669,G2IV,3.6543,,38.3142,-25.0827,27.1286,10.1428
43373,132.8934,-7.1772,5.55,0.15,A4m,98.1748,,136.7989,-92.3807,99.4365,-17.0915
43376,132.9022,-57.6336,5.59,-0.102,B8III,258.9405,,226.2443,-82.4494,88.7194,-191.0954
43397,132.9585,-44.1509,6.38,-0.15,B3V,649.2321,,515.4639,-252.0405,270.6732,-359.0468
43405,132.9816,-40.9866,6.49,-0.106,Ap...,231.2065,,323.6246,-166.5497,178.7174,-212.2596
43408,132.9868,43.7266,5.15,0.971,K0III,50.0726,,81.2348,-40.0262,42.9426,56.151
43427,133.0418,42.0027,5.98,1.251,K0III,92.2147,,161.5509,-81.9383,87.7397,108.1044
43430,133.049,45.3128,5.96,1.233,K0III,97.6338,,164.7446,-79.0849,84.6628,117.1263
43447,133.1008,5.3403,6.34,0.122,A5V,242.9965,,309.5975,-210.6246,225.0724,28.8146
43450,133.1089,-32.5093,6.49,1.451,K2/K3III,122.2362,,235.2941,-135.6007,144.861,-126.4557
43452,133.1191,28.2592,6.25,1.552,M3III,203.423,,271.7391,-163.6012,174.7111,128.6577
43457,133.1282,-13.2329,6.12,1.142,K1III,33.5429,,103.9501,-69.1768,73.8511,-23.7953
43461,133.1443,32.4742,5.67,0.224,A8Vms,19.5344,,64.4745,-37.1959,39.6869,34.6176
43464,133.1494,28.3308,5.96,0.869,G8V,0.548,Copernicus,12.3411,-7.4292,7.9253,5.8566
43466,133.1609,-48.3591,5.92,-0.148,B3Vn,378.4426,,318.4713,-144.7526,154.357,-238.0012
43467,133.1612,-36.5453,6.41,0.549,G8III+...,294.5778,,352.1127,-193.5068,206.3433,-209.6686
43470,133.1701,-52.1289,6.39,0.003,A0V,37.2563,,124.0695,-52.1093,55.5489,-97.9397
43480,133.2001,-38.7241,5.79,1.508,K5/M0III,192.8413,,214.1328,-114.3602,121.7809,-133.9552
43497,133.2658,-56.6495,6.02,-0.023,A0V,29.0804,,92.4214,-34.824,36.9986,-77.2017
43500,133.2722,-16.9525,6.43,1.082,K1III,45.1232,,139.0821,-91.1932,96.8662,-40.5533
43501,133.2747,59.0561,6.35,0.414,F5IV-V,9.213,,60.5694,-21.3496,22.6756,51.9487
43521,133.344,61.9623,5.72,0.305,F2III,35.3834,,88.8099,-28.6531,30.3591,78.387
43546,133.4528,-60.3539,5.78,-0.088,B5III,824.1381,,440.5286,-149.8646,158.1853,-382.8622
43548,133.4608,-47.5208,5.31,0.275,Am,39.0841,,77.2798,-35.8985,37.881,-56.9956
43550,133.4615,-40.4475,6.42,0.96,K0II/III+..,327.7932,,373.1343,-195.3235,206.1052,-242.0715
43562,133.482,35.5383,6.14,0.059,A4III,177.8279,,241.5459,-135.253,142.6166,140.3978
43597,133.5614,30.5791,5.4,1.05,G7III,120.5591,,141.4427,-83.9168,88.2404,71.9558
43602,133.5748,-5.4345,6.01,0.661,G3V,1.0385,,17.3853,-11.9298,12.5386,-1.6465
43639,133.7252,-58.2397,6.36,-0.086,B5V,118.6861,,218.3406,-79.4378,83.0538,-185.6457
43659,133.7619,-60.6446,3.84,-0.104,B8III,243.6688,,98.0392,-33.2422,34.7109,-85.4506
43673,133.799,-54.9658,5.7,0.481,F6V,2.6669,,24.1546,-9.5973,10.0083,-19.778
43674,133.8018,-18.2412,5.75,1.327,K2/K3III,81.6582,,136.7989,-89.9292,93.7715,-42.8205
43683,133.83,-45.0417,6.26,-0.152,B3IV,374.2829,,370.3704,-181.2335,188.7903,-262.0818
43687,133.8453,17.2313,6.28,2.975,C6II,314.1955,,342.4658,-226.5832,235.9049,101.4485
43689,133.8485,5.9456,3.11,0.978,G8III-IV,130.4968,,51.2558,-35.3166,36.7655,5.3093
43697,133.8734,-7.9712,6.07,0.22,A3,25.4683,,88.4956,-60.7408,63.1777,-12.2721
43700,133.8815,-27.6819,4.87,0.142,A3IV,56.4417,,75.815,-46.5375,48.3909,-35.2208
43709,133.9153,27.9275,5.23,1.0,G8II-III,157.0363,,149.2537,-91.4656,94.9959,69.9035
43725,133.977,-15.4395,6.47,1.393,K2III,141.2538,,250.6266,-167.7473,173.8468,-66.7221
43726,133.9815,11.626,5.44,1.462,K5III,263.9976,,213.2196,-145.0274,150.2776,42.9686
43728,133.9829,-23.8183,6.39,0.157,A4V,12.428,,71.6332,-45.5085,47.1535,-28.9282
43754,134.0803,-52.7235,4.68,-0.115,B5V,137.2777,,108.3424,-45.6488,47.1384,-86.2104
43769,134.1272,40.2015,5.9,0.378,F3III,19.8244,,72.2022,-38.396,39.584,46.6049
43774,134.1422,-16.7087,5.95,1.544,K3III,178.4843,,221.7295,-147.9017,152.398,-63.7487
43777,134.1543,4.2366,6.13,1.001,G8II-III,581.2996,,434.7826,-302.0391,311.0894,32.1195
43778,134.1561,64.6038,5.57,0.877,G6III,45.5827,,94.0734,-28.1055,28.9458,84.9825
43783,134.1742,-85.6632,5.43,0.306,F0III,14.5077,,49.7512,-2.6217,2.6983,-49.6087
43798,134.2083,45.6316,5.72,1.125,K1IV,22.4492,,70.7214,-34.4822,35.4486,50.5558
43807,134.2358,32.9104,5.44,0.181,A7IV,20.6063,,59.5593,-34.8816,35.8246,32.3602
43812,134.2434,-59.2293,4.93,-0.182,B2IV-V,396.6432,,206.6116,-73.7499,75.7238,-177.5252
43831,134.2845,17.1438,6.17,1.001,K1III,33.9782,,107.0664,-71.4345,73.2413,31.56
43844,134.3123,15.3228,5.22,0.149,A5III,14.873,,45.7247,-30.8064,31.5549,12.083
43876,134.3967,15.5813,5.68,0.209,F0IV,9.9083,,46.1255,-31.0845,31.7461,12.3895
43884,134.4251,9.3878,6.19,0.984,G8III,203.798,,264.5503,-182.6988,186.4025,43.1522
43898,134.4815,-48.5729,5.88,1.06,G8/K0II,390.1216,,317.4603,-147.1796,149.8678,-238.0312
43905,134.4944,30.2338,6.25,0.474,F6V,8.4879,,55.5247,-33.6208,34.2194,27.9584
43939,134.6218,11.8577,4.26,0.141,A5m,57.3852,Acubens,57.7367,-39.6902,40.2177,11.8638
43948,134.683,-16.1327,5.8,0.521,F7/F8IV/V,1.845,,21.0349,-14.2089,14.367,-5.8448
43966,134.7182,-47.2347,5.17,0.268,Am,35.3834,,68.918,-32.926,33.2515,-50.5955
43999,134.7947,18.1349,6.3,1.511,M4IIIvar,92.8966,,187.9699,-125.8591,126.7642,58.5065
44000,134.8024,48.0418,3.12,0.223,A7IV,10.3562,Talitha,14.5096,-6.8359,6.8832,10.7898
44003,134.8159,-28.806,6.24,0.997,G8III,77.6962,,167.2241,-103.2798,103.9455,-80.5762
44016,134.8512,-59.0837,5.17,0.417,F3V,5.2,,26.4201,-9.5735,9.6233,-22.6663
44021,134.862,13.0744,6.49,1.462,K5III,393.0067,,421.9409,-289.9223,291.3221,95.4498
44027,134.8861,32.4186,5.23,0.913,G9III,57.9162,,90.6618,-54.009,54.2242,48.6038
44035,134.9163,-19.208,6.19,0.461,F5IV/V,4.4875,,39.2619,-26.1785,26.2551,-12.9171
44064,135.0226,-41.2536,4.45,0.646,Fp,60.1451,,64.5161,-34.3104,34.2834,-42.5415
44086,135.0927,-43.174,6.04,-0.154,B3Vne,343.2417,,320.5128,-165.5488,165.0137,-219.3
44103,135.1283,37.6044,6.21,1.572,K5,394.8208,,371.7472,-208.719,207.786,226.8421
44120,135.1603,41.7829,3.96,0.463,F5V,5.8614,,16.0694,-8.4966,8.4492,10.7072
44128,135.1906,-60.9638,5.8,1.211,G8II,672.3571,,401.6064,-138.2901,137.3731,-351.1299
44155,135.2854,-68.6839,5.89,1.634,M1III,180.4679,,216.9197,-56.0346,55.4791,-202.0801
44161,135.2976,-26.6637,6.2,1.137,K1IIICN...,33.6977,,108.1081,-68.6685,67.9589,-48.5139
44171,135.3369,-41.8643,5.56,-0.135,B5V,90.0326,,131.5789,-69.696,68.8811,-87.8116
44179,135.3505,32.2523,5.89,0.088,A2V,78.5597,,143.0615,-86.0733,85.0265,76.3445
44188,135.3808,5.641,6.08,1.111,F3IV+...,326.5878,,318.4713,-225.5871,222.6084,31.3041
44203,135.4199,39.7135,6.39,0.314,A9Vn,14.0475,,76.1615,-41.7298,41.1227,48.6633
44209,135.4357,-52.1887,5.23,-0.12,Ap Si,89.9498,,112.9944,-49.3543,48.6093,-89.2694
44214,135.4535,27.9026,6.07,0.243,A8Vn,10.9345,,58.0046,-36.5329,35.9591,27.1444
44228,135.4916,-0.4827,5.64,1.163,K0III,109.2446,,150.3759,-107.2364,105.4118,-1.2668
44239,135.5266,-39.4022,6.25,1.0,K1IIICN...,41.3809,,122.549,-67.572,66.341,-77.7892
44254,135.6117,-66.3961,4.0,0.145,Am,32.0922,,38.2995,-10.959,10.7275,-35.0952
44262,135.6363,67.6296,4.74,1.542,M3III,102.8964,,96.432,-26.2383,25.6619,89.1748
44277,135.6844,24.4529,5.45,-0.041,A0III,83.3297,,120.3369,-78.3783,76.5277,49.8129
44278,135.6867,7.2983,5.85,1.1,K3III:,150.1067,,194.1748,-137.8125,134.5478,24.6669
44295,135.7722,-53.5504,6.39,-0.074,B6V,164.1345,,260.4167,-110.8665,107.9175,-209.4739
44343,135.9064,47.1565,3.57,0.007,A1Vn,392.6449,Alkaphrah,109.8901,-53.6678,51.9961,80.573
44376,136.0017,54.2839,5.74,0.034,A2V,63.0376,,119.6172,-50.2321,48.5058,97.1195
44381,136.0241,-47.4415,6.46,-0.155,B4V,291.6084,,358.4229,-174.4509,168.3236,-264.0095
44383,136.0387,-47.0977,3.75,1.174,K2III,232.2737,,91.8274,-44.9963,43.3937,-67.265
44436,136.1999,-57.8526,6.43,0.288,A8III,221.0039,,307.6923,-118.1686,113.3199,-260.5175
44446,136.2295,32.3768,6.46,0.241,A8V,12.0448,,72.8332,-44.418,42.5515,39.0011
44471,136.2868,-72.6027,4.47,0.607,F6II-III,214.1904,,122.8501,-26.5499,25.3834,-117.2303
44485,136.3504,48.5303,5.48,0.475,F6II-III,52.7716,,97.0874,-46.5212,44.3784,72.7482
44498,136.4099,-70.5385,4.66,-0.149,B2IVe,1049.0592,,296.7359,-71.6067,68.1665,-279.7821
44531,136.4932,5.0923,4.99,1.189,K2II-III,663.132,,274.7253,-198.4697,188.3856,24.3848
44537,136.5318,-64.4998,6.37,1.361,K3III,67.7954,,165.8375,-51.8155,49.1166,-149.6823
44572,136.6324,38.4522,4.56,1.037,G8Ib-II,820.3515,,250.6266,-142.6828,134.7758,155.8551
44580,136.6418,-55.8024,6.1,-0.132,B2IV-V,353.8344,,334.4482,-136.6729,129.0564,-276.6235
44589,136.6798,59.3445,6.44,0.045,A2V,411.5286,,421.9409,-156.5188,147.6001,362.9741
44610,136.7498,1.4627,6.16,1.648,M1III,186.0373,,249.3766,-181.5787,170.8137,6.3656
44640,136.8621,22.9809,6.39,0.453,F5V,8.196,,58.1734,-39.0807,36.6196,22.7123
44670,136.9367,10.6682,5.23,-0.092,B8IIIMNp,186.896,,162.8664,-116.9335,109.284,30.15
44689,136.999,-43.4326,2.23,1.665,K4Ib-II,3113.1497,Suhail,166.9449,-88.6626,82.682,-114.7747
44690,137.0002,29.6542,5.42,0.888,G8III,41.6486,,83.8926,-53.3195,49.7208,41.5071
44696,137.012,-25.8585,4.62,1.594,K4/K5III,364.7539,,171.8213,-113.1021,105.4252,-74.94
44697,137.0173,32.5404,6.47,0.375,F2V,25.6094,,106.7236,-65.818,61.339,57.406
44728,137.098,66.8732,5.15,1.514,K5III,193.553,,159.7444,-45.9599,42.7116,146.907
44755,137.1757,-8.5895,5.6,-0.057,B9.5III,177.8279,,188.3239,-136.5755,126.5777,-28.127
44759,137.1814,-26.7676,6.15,0.17,A4IV,45.0402,,122.1001,-79.9642,74.0959,-54.9906
44760,137.1855,-16.2773,6.48,1.1,K0IIICN...,36.7113,,128.3697,-90.3921,83.7464,-35.9803
44764,137.1972,26.6291,5.95,0.654,G5IV,3.4898,,31.0078,-20.3371,18.8342,13.8981
44769,137.2129,33.8822,5.95,0.585,F9V,1.3366,,19.1902,-11.6918,10.8218,10.6983
44773,137.2179,51.6046,4.46,0.288,Am,11.8905,,28.8184,-13.1366,12.157,22.5862
44795,137.2675,-18.3285,5.73,0.0,A0/A1V,31.1315,,83.682,-58.3487,53.9038,-26.3151
44808,137.298,-12.3577,5.76,0.937,G6III,83.4065,,138.8889,-99.7033,92.0101,-29.7242
44819,137.3397,22.0454,5.16,0.97,K0III,98.3558,Nahn,114.4165,-77.9884,71.8655,42.9453
44833,137.3982,-8.7876,5.47,1.002,G8II,123.2537,,147.7105,-107.4498,98.8114,-22.5661
44851,137.4375,-49.4244,6.48,0.17,A9Vn,58.1835,,161.5509,-77.3963,71.0762,-122.7057
44856,137.4434,11.5644,6.48,0.355,F2p,3.376,,38.9257,-28.091,25.7917,7.8034
44872,137.4851,-30.3654,5.59,0.179,A4IV,21.3599,,64.9773,-41.3246,37.8868,-32.8469
44874,137.4879,-52.0829,6.19,1.023,K1III,24.5923,,91.9118,-41.6347,38.1673,-72.5092
44905,137.5869,21.9964,6.04,0.89,G8III,42.5794,,112.8668,-77.2639,70.584,42.2741
44910,137.5981,67.134,4.8,0.489,F7IV-V,4.3491,,20.3791,-5.8475,5.3399,18.7776
44930,137.6617,30.9631,6.04,1.373,M6S,68.8018,,143.472,-90.9392,82.8596,73.8144
44947,137.7291,63.5136,4.67,0.381,Am,17.7011,,38.7297,-12.7814,11.6184,34.6647
44952,137.7421,-58.9669,3.43,-0.19,B2IV,693.7452,,136.9863,-52.2684,47.4905,-117.3794
44957,137.7683,-44.8679,4.99,0.222,B5Ia,87902251.6831,,100000.0,-52477.1125,47636.205,-70547.4637
44969,137.803,80.8289,6.37,0.385,F2,14.0734,,75.5287,-8.9182,8.0857,74.5632
44972,137.8198,-62.317,3.96,-0.18,B3IV,628.6371,,166.3894,-57.283,51.905,-147.343
44992,137.8891,-46.5839,5.78,-0.218,B2IV-V,394.8208,,304.878,-155.4469,140.5108,-221.4578
44997,137.9206,-39.2588,6.05,-0.108,B5III,370.5101,,334.4482,-192.2055,173.5458,-211.6471
45020,137.9818,5.4686,6.34,0.328,A9IVe...,6.5283,,50.7357,-37.5216,33.8062,4.8351
45028,137.9948,-19.7476,5.72,0.977,G8III,38.9762,,93.1966,-65.1801,58.6992,-31.4891
45036,138.0512,-76.663,6.13,1.09,K1III,43.6918,,119.1895,-20.4487,18.379,-115.975
45037,138.0537,3.867,6.14,-0.01,A0V,30.0608,,99.3049,-73.692,66.2277,6.6971
45040,138.0732,14.996,6.49,0.731,G9V,0.9154,,20.3625,-14.6337,13.1425,5.2688
45053,138.1085,-7.1098,6.1,0.232,A3m,23.7903,,86.7303,-64.0665,57.4664,-10.7348
45058,138.1272,-43.6133,5.56,-0.107,B8V,234.4229,,212.3142,-114.4629,102.6036,-146.4516
45082,138.2109,-60.9168,6.36,-0.044,B9V,74.7481,,173.3102,-62.8115,56.1384,-151.4583
45087,138.2318,-59.4139,5.54,0.846,G6II,111.5835,,145.1379,-55.0813,49.1934,-124.9442
45106,138.3006,-69.7172,1.67,0.07,A2IV,225.3201,Miaplacidus,34.6981,-8.9808,8.0014,-32.5466
45110,138.3278,-42.2733,6.27,1.25,K2III,73.3838,,164.7446,-91.0559,81.0487,-110.8184
45117,138.3398,-29.6644,6.38,1.6,K5III,200.6319,,286.533,-186.0128,165.4998,-141.8105
45127,138.3576,-38.6165,6.31,0.018,A0V,118.0321,,212.766,-124.2343,110.465,-132.7882
45138,138.3936,-47.3384,5.92,-0.051,B9V,91.1171,,156.25,-79.1731,70.309,-114.9014
45140,138.4053,21.2832,6.48,0.046,A2V,54.0505,,155.7632,-108.5441,96.3522,56.5386
45158,138.4509,43.2178,5.3,-0.13,B8IIIMNp,209.894,,178.2531,-97.2177,86.1597,122.0631
45173,138.5129,-14.6948,6.46,0.958,G6/G8III/IV,62.6325,,166.113,-120.3658,106.4424,-42.138
45182,138.5342,-44.1458,5.85,-0.113,B6IV,103.5619,,161.2903,-86.7277,76.6379,-112.3366
45196,138.575,-55.5696,5.26,0.98,G8II/III,263.5118,,196.0784,-83.128,73.3516,-161.7282
45201,138.5856,61.4233,5.18,0.605,F9V,2.8262,,19.5695,-7.0201,6.1921,17.1855
45204,138.5911,2.3143,3.89,-0.06,B9.5V,29.3224,,34.7947,-26.075,22.9954,1.405
45212,138.602,-43.2275,5.24,-0.137,B4V+...,245.6971,,187.6173,-102.5475,90.4013,-128.4985
45255,138.7382,-37.6024,5.85,0.827,K0/K1III+..,154.3121,,196.8504,-117.2339,102.8541,-120.1138
45279,138.8077,14.9415,5.36,1.319,K1III,216.7704,,186.2197,-135.3931,118.4955,48.0135
45281,138.8094,34.6335,5.98,0.839,G6III,59.7035,,130.039,-80.5175,70.4643,73.9044
45282,138.811,-45.5555,6.25,-0.07,B8V,869.3607,,561.7978,-296.0354,259.0591,-401.0838
45287,138.8235,-58.3884,6.02,-0.101,B7IV,112.5123,,181.8182,-71.7321,62.7447,-154.8401
45290,138.8386,84.181,6.3,0.339,F2III,23.5505,,94.6074,-7.2213,6.3132,94.1199
45293,138.8539,-15.0249,6.32,0.013,A0V,32.1514,,111.6071,-81.1708,70.9248,-28.9329
45306,138.8947,-57.5777,6.32,1.037,G8II,294.8492,,337.8378,-136.4844,119.0853,-285.1755
45308,138.903,-38.5699,4.92,1.084,K1III,44.4631,,68.8705,-40.5784,35.3951,-42.9387
45317,138.9378,-37.4131,4.63,0.473,F3/F5V,31.2176,,50.4796,-30.2313,26.3373,-30.6693
45324,138.9575,56.7414,5.28,1.568,K5III,328.0953,,220.7506,-91.309,79.4927,184.5925
45330,138.9696,72.9463,5.93,0.179,F0III,28.7078,,88.1057,-19.4916,16.962,84.2317
45350,139.0168,-44.8987,6.02,0.269,A1Ib+...,34040818.9701,,100000.0,-53473.8895,46456.6387,-70585.5783
45363,139.0471,54.0219,4.8,0.199,A5V,13.4524,,35.8423,-15.9029,13.8012,29.0051
45365,139.0504,-57.5415,4.34,1.602,M1III,358.4264,,149.7006,-60.6817,52.6562,-126.3144
45374,139.096,-44.2657,5.12,1.636,K3Ib,77983011.0523,,100000.0,-54124.1626,46890.4511,-69798.715
45395,139.1724,-8.7448,5.49,-0.081,B9III,238.7811,,207.4689,-155.1626,134.0634,-31.5421
45396,139.1739,-6.3531,5.24,1.172,K2III,39.5185,,75.2445,-56.5876,48.8901,-8.3263
45412,139.2377,-11.1031,6.45,1.172,K0,28.7872,,112.1076,-83.3237,71.8274,-21.5891
45413,139.2378,-39.4015,5.31,1.166,K2III,73.3162,,105.8201,-61.934,53.3886,-67.1694
45425,139.2726,-59.2752,2.21,0.189,A8Ib,6269.025,Aspidiske,234.7418,-90.8879,78.2516,-201.7914
45428,139.2822,-14.5741,5.83,1.049,K0III,49.6135,,110.6195,-81.1442,69.839,-27.8353
45440,139.3222,-68.6896,5.38,0.415,F4V,6.5403,,32.6371,-8.9952,7.731,-30.4056
45450,139.355,-74.8943,5.28,0.021,A1V,77.8395,,107.5269,-21.2616,18.2524,-103.8115
45454,139.3651,-74.7346,5.86,-0.024,A0V,26.4972,,81.9672,-16.3774,14.0545,-79.0751
45460,139.3799,46.8172,5.96,0.063,A1V,61.1505,,130.3781,-67.7228,58.0867,95.0684
45472,139.4262,-54.4948,6.33,1.403,K3III,183.8231,,268.0965,-118.2681,101.2741,-218.2475
45483,139.464,11.5011,6.4,0.095,A2IV,93.6699,,197.6285,-147.1813,125.8648,39.4047
45484,139.4653,-67.0509,6.14,1.254,K2III,472.498,,393.7008,-116.669,99.7671,-362.5399
45500,139.5245,-51.0509,5.26,-0.062,B7/B8III,123.481,,134.2282,-64.1864,54.7729,-104.3898
45529,139.608,35.3641,5.94,0.177,A8V,27.7204,,86.9565,-54.0088,45.9521,50.3278
45544,139.6765,-51.5607,5.83,0.474,B7Iab,40550853.5448,,100000.0,-47397.5077,40229.4573,-78326.6687
45557,139.711,36.8026,3.82,0.066,A1V,37.8094,,38.2702,-23.3743,19.8151,22.9261
45611,139.8853,-55.1865,6.28,-0.099,B5V,26791683.2482,,100000.0,-43660.5186,36784.6739,-82101.4426
45612,139.888,-15.8347,5.79,1.285,K1/K2III,80.6863,,138.5042,-101.9066,85.8497,-37.7926
45620,139.9433,-11.9749,4.77,0.927,G8III,114.9212,,103.3058,-77.3504,65.0353,-21.4341
45623,139.9497,-34.1033,6.4,-0.087,B8V,81.0588,,183.8235,-116.5145,97.9416,-103.0675
45633,139.9823,74.0166,6.42,1.05,G8III,38.7258,,128.2051,-27.0362,22.7003,123.2489
45679,140.1209,-9.5557,4.8,0.913,F5V+...,48.708,,68.2128,-51.6201,43.1291,-11.3238
45682,140.1236,-37.5817,6.04,1.396,K3/K4III,82.1107,,156.7398,-95.3254,79.6376,-95.5943
45704,140.1824,51.2661,6.14,0.436,F3V,2.2972,,27.4499,-13.1923,10.9983,21.4126
45722,140.2312,-15.6178,6.3,0.468,F6V,6.5223,,49.8008,-36.8652,30.6809,-13.4073
45724,140.2368,-62.4046,4.79,0.926,G6III,54.25,,71.6332,-25.507,21.2239,-63.4843
45726,140.2474,38.1883,6.12,0.38,F3V+...,5.6494,,42.6621,-25.7796,21.4426,26.3757
45728,140.2639,34.3926,3.14,1.55,M0IIIvar,187.2406,,62.2665,-39.5122,32.8458,35.1718
45756,140.3484,45.3701,6.4,1.305,K0,99.0832,,203.252,-109.9391,91.1166,144.6462
45764,140.3632,32.9022,6.16,1.097,K3III,24.188,,89.9281,-58.1456,48.1651,48.8495
45770,140.3733,-25.9654,4.71,1.633,M0III,270.1469,,154.0832,-106.6979,88.3519,-67.4621
45783,140.4304,56.6992,5.79,1.511,M4IIIa,223.4601,,230.4147,-97.517,80.586,192.5806
45788,140.4586,-55.5147,5.61,0.19,A3IVs...,32.719,,81.1688,-35.4407,29.2581,-66.9051
45792,140.4624,-42.1949,5.56,1.637,M3Ib,161.1388,,176.0563,-100.5916,83.0322,-118.2489
45809,140.5284,-55.0107,2.47,-0.141,B2IV,2756.7666,Markeb,175.4386,-77.6577,63.9514,-143.7296
45830,140.6,-46.0474,5.74,0.903,G6/G8III,116.8423,,162.8664,-87.3493,71.7496,-117.2499
45894,140.8011,-28.8339,4.71,0.892,G8III,39.4457,,58.8928,-39.9811,32.6065,-28.4023
45913,140.8557,-48.2869,6.27,-0.144,B5V,1624.8003,,775.1938,-400.0443,325.6209,-578.6717
45917,140.8639,-60.3023,6.3,1.477,K1/K2II/III,1153.4533,,662.2517,-254.4865,207.0822,-575.2659
45926,140.8824,25.1828,6.41,0.856,G5III-IV,48.0839,,142.2475,-99.8736,81.216,60.5275
45935,140.9157,-46.9087,6.21,-0.093,B7III,158.9278,,235.8491,-125.0669,101.5823,-172.2327
45943,140.937,-37.7569,6.47,0.193,A1m...,22.1004,,99.108,-60.8401,49.3782,-60.6851
45961,140.9972,-51.7371,6.05,0.528,A7Iab,33113112.1483,,100000.0,-48124.5198,38974.3063,-78517.7307
45969,141.0229,-61.6489,5.99,1.06,K0III,43.0923,,110.9878,-40.9728,33.1521,-97.6753
45975,141.0402,-80.7869,5.34,0.454,F3/F5IV,21.5179,,58.1395,-7.2382,5.853,-57.3895
45982,141.0678,-39.4255,6.05,0.193,A6/A7III,73.5191,,149.0313,-89.5503,72.341,-94.646
46011,141.1547,-70.0758,6.45,1.275,K1III,105.0026,,214.1328,-56.8333,45.7692,-201.3157
46014,141.1636,26.1823,4.47,1.222,K2III,54.0505,,61.7284,-43.1491,34.738,27.2364
46036,141.2319,51.5739,6.3,0.774,G2III,43.8935,,129.199,-62.6072,50.28,101.2158
46062,141.2828,-43.9766,6.31,1.526,M5III,130.9785,,224.2152,-125.8925,100.9211,-155.6871
46088,141.3501,-5.1174,5.6,1.523,K5III,380.1894,,275.4821,-214.2877,171.3691,-24.5721
46093,141.3638,-61.9505,5.77,0.137,A4V+...,25.6803,,77.3994,-28.4298,22.7246,-68.3082
46100,141.3854,16.5856,6.31,0.968,G9III:,18.9496,,85.2515,-63.8408,50.99,24.3348
46114,141.4341,63.9409,6.24,1.465,K2III,367.4515,,363.6364,-124.9029,99.5871,326.6697
46150,141.5749,-53.3789,5.09,-0.102,B6V,138.8034,,131.5789,-61.4903,48.7806,-105.605
46156,141.593,-1.4641,6.01,1.313,K3III,154.17,,211.8644,-165.9664,131.5766,-5.4132
46165,141.6186,-40.5017,6.19,0.251,A7III,26.767,,95.8773,-57.1489,45.2655,-62.2695
46196,141.6839,-64.9297,6.05,0.147,A3Vn,16.1287,,69.7837,-23.2003,18.333,-63.2093
46197,141.6871,-28.7877,6.12,-0.089,B5V,1228.0046,,628.9308,-432.4928,341.7205,-302.8714
46226,141.7768,-71.6019,5.46,1.079,K2III,21.8374,,61.8812,-15.3435,12.0842,-58.7182
46239,141.8267,-22.3438,4.72,1.154,K1III,25.9896,,48.0077,-34.9074,27.4431,-18.2508
46259,141.8969,-8.6586,1.99,1.44,K3III,425.7945,Alphard,55.2792,-43.0035,33.7229,-8.3221
46272,141.9449,-6.0712,5.38,0.642,G2V,5.6754,,30.4136,-23.8139,18.6424,-3.2167
46275,141.9548,-71.7811,6.33,0.413,F3/F5V,8.2871,,56.9152,-14.0136,10.9664,-54.062
46278,141.9651,75.0983,6.2,0.115,A5Vs,71.0559,,156.9859,-31.7973,24.874,151.7062
46322,142.1142,9.0568,5.4,0.605,F9V,6.6313,,33.1675,-25.8506,20.1139,5.221
46325,142.1216,8.1883,5.72,1.045,K0III,69.2468,,124.2236,-97.052,75.4943,17.6928
46328,142.1274,-66.7019,5.9,0.012,A0V,22.9087,,77.6398,-24.24,18.8517,-71.309
46339,142.1666,45.6015,5.4,0.993,K0III-IV,44.3813,Intercrus,85.8369,-47.4316,36.836,61.3297
46350,142.1964,-62.2731,5.91,1.102,K1III,89.454,,154.0832,-56.6422,43.9418,-136.3907
46371,142.2596,-1.2569,6.27,0.274,F0Vn,16.92,,79.1139,-62.5476,48.4128,-1.7354
46376,142.2871,-2.769,4.59,0.411,F6V,3.8159,,17.334,-13.6967,10.5909,-0.8374
46378,142.3027,-20.7491,5.66,1.587,K4/K5III,631.5387,,364.9635,-270.0482,208.6968,-129.2981
46382,142.3113,-35.9513,4.51,1.408,K3III,649.2321,,217.8649,-139.5656,107.8244,-127.908
46384,142.3175,-38.4035,6.15,0.216,A6V,11.0969,,60.6061,-37.5874,29.0326,-37.6483
46396,142.3518,-2.2052,6.14,0.222,F0III,50.6291,,128.866,-101.9575,78.6545,-4.9585
46410,142.3851,-4.2466,6.25,0.838,G6IV,8.5271,,55.6483,-43.9597,33.8718,-4.1208
46436,142.4578,-23.3453,6.26,1.559,K2/K3III,462.1681,,411.5226,-299.5852,230.2305,-163.075
46445,142.4771,-26.5896,5.49,1.345,K2IIICNII,325.0873,,242.1308,-171.7257,131.8788,-108.377
46461,142.5213,-51.5172,5.45,-0.078,B8V,101.2045,,132.626,-65.4946,50.217,-103.8189
46485,142.5937,-15.5774,5.86,1.193,K2III,21.0863,,73.0994,-55.9335,42.7741,-19.63
46487,142.5977,-58.3618,5.88,1.676,M2III,341.0358,,296.7359,-123.6497,94.5454,-252.6343
46518,142.6751,-40.4668,3.6,0.371,F2IV,11.1892,,18.8147,-11.3826,8.679,-12.2109
46519,142.6801,33.6557,5.87,1.032,G8III:,92.4698,,153.8462,-101.8405,77.6376,85.2617
46524,142.6921,-31.8892,5.75,0.066,A0,67.5461,,124.3781,-83.9978,64.0076,-65.7063
46568,142.8056,-57.0344,3.16,1.538,K5III,254.4486,,73.2601,-31.7548,24.0983,-61.465
46600,142.8818,63.0619,3.65,0.36,F0IV,17.1238,,23.8152,-8.603,6.5107,21.2312
46601,142.884,-31.8718,5.91,0.258,A9IV,52.1435,,117.6471,-79.6695,60.2885,-62.1201
46602,142.8851,35.1033,5.39,1.543,M1III,131.4619,,147.0588,-95.9394,72.5977,84.5665
46603,142.8876,-35.7148,5.86,1.287,K3III,28.8669,,85.5432,-55.3874,41.908,-49.9359
46604,142.8877,-66.719,6.27,1.348,K1III,96.6496,,189.0359,-59.5815,45.0813,-173.6442
46608,142.9013,-73.0809,5.46,1.556,K4III,334.195,,242.1308,-56.2028,42.5039,-231.6506
46611,142.9125,-10.552,6.13,0.261,F0Vn,8.1283,,51.4139,-40.3201,30.48,-9.4153
46617,142.9301,22.968,4.32,1.541,K5IIIvar,165.9587,Alterf,100.9082,-74.1318,56.0042,39.376
46635,142.9821,-10.3703,6.12,1.183,K0,37.2563,,109.529,-86.0246,64.8663,-19.7163
46637,142.9864,11.2998,4.99,1.046,K0IIIvar,38.4061,,66.0939,-51.7525,39.0175,12.9506
46641,142.9899,9.7158,5.07,1.364,K3III,191.4256,,153.1394,-120.5324,90.861,25.8439
46643,142.9955,-1.1847,4.54,0.109,A3V,335.1197,,158.7302,-126.733,95.5157,-3.2817
46677,143.0766,-28.6278,6.43,0.358,F3V,16.6418,,84.4595,-59.266,44.536,-40.466
46678,143.0803,-40.6493,5.35,0.897,G8III,106.4633,,129.8701,-78.7757,59.1888,-84.601
46680,143.085,-19.4003,5.74,0.135,A4III,58.8844,,115.6069,-87.1828,65.4943,-38.4007
46707,143.1725,1.8642,6.11,0.614,F7IV-V,42.658,,116.6861,-93.3512,69.9056,3.7958
46720,143.2157,51.6773,3.17,0.475,F6IV,8.5349,,13.4789,-6.694,5.0049,10.5746
46726,143.2324,-13.5168,5.95,1.501,K4III,186.7239,,226.7574,-176.6171,131.9708,-53.0001
46736,143.2582,-8.5054,6.12,0.974,K0,48.6183,,125.1564,-99.1898,74.0463,-18.5109
46741,143.282,-39.1291,6.43,0.337,F2IV/V,13.1099,,74.9625,-46.6127,34.7668,-47.3065
46746,143.2969,45.5138,6.49,1.141,K0,84.5668,,195.6947,-109.9436,81.9587,139.6123
46747,143.3019,-21.1157,5.02,1.023,K0III,105.5845,,111.1111,-83.1065,61.9414,-40.0281
46760,143.3329,-7.1902,6.25,1.17,K0,42.9339,,124.8439,-99.3522,73.966,-15.6259
46764,143.3586,-22.8639,5.92,0.023,B9.5V,24.0326,,80.2568,-59.3373,44.1344,-31.1832
46771,143.3765,36.4869,6.19,1.264,K4III:,64.6249,,149.0313,-96.1643,71.4791,88.6199
46780,143.4356,-49.0051,5.12,-0.114,B4IV,504.8938,,254.4529,-134.0674,99.438,-192.0528
46795,143.4729,-80.9413,5.07,-0.139,B5V,251.4201,,175.4386,-22.1966,16.4409,-173.2504
46805,143.4964,23.4539,6.26,1.453,K7III,65.1628,,154.5595,-113.9735,84.3469,61.5164
46817,143.5367,-51.2553,5.01,-0.18,B1.5IV,661.9116,,277.0083,-139.4275,103.033,-216.0504
46819,143.5558,36.3976,4.54,0.914,G8III,42.8154,,56.7215,-36.7275,27.1216,33.6577
46841,143.6111,-59.2298,4.08,-0.013,B5II,3357.3761,,406.5041,-167.4145,123.3787,-349.2788
46844,143.6205,69.8303,4.54,0.781,G4III-IV,13.5644,,31.9285,-8.8634,6.5298,29.9705
46849,143.636,-5.9149,5.56,1.159,K1III,156.7473,,173.6111,-139.059,102.3882,-17.891
46873,143.7061,52.0515,4.47,0.027,A2V,91.7065,,80.3859,-39.843,29.2611,63.3894
46880,143.7226,72.2057,5.77,0.53,F7V,10.3276,,49.0918,-12.0944,8.8769,46.7432
46896,143.766,39.6215,4.81,0.992,K0III,45.2481,,66.0502,-41.0377,30.0725,42.1211
46906,143.7993,-35.8237,6.48,0.417,F5V,10.4136,,68.3527,-44.7228,32.733,-40.0064
46937,143.8908,-19.5834,6.33,0.069,A0V,19.6607,,87.6424,-66.7101,48.6622,-29.3758
46945,143.915,35.8101,5.4,0.77,G8IV-V,0.7791,,11.3688,-7.4508,5.4302,6.6519
46963,143.9704,14.3796,6.32,0.027,A1V,113.4488,,209.6436,-164.23,119.4499,52.0639
46986,144.0283,74.3188,6.46,-0.083,B9V,37.6011,,128.7001,-28.1523,20.4326,123.9099
47012,144.1059,-48.7512,6.18,0.277,F0p,14.6555,,70.6215,-37.7207,27.2993,-53.097
47035,144.1785,31.1617,5.57,1.594,M2III,158.6354,,175.4386,-121.7277,87.8621,90.7817
47039,144.1931,-52.9437,6.18,1.051,K1III,38.1241,,113.8952,-55.6611,40.1543,-90.8933
47042,144.2066,-49.355,4.34,0.173,A5V,16.7032,,32.3206,-17.0765,12.313,-24.5236
47054,144.2509,-25.2968,5.68,1.116,K0III,42.462,,95.511,-70.0819,50.4501,-40.8125
47056,144.2608,16.438,5.73,1.223,K1III,562.8595,,355.8719,-277.049,199.3677,100.7035
47060,144.2723,81.3264,4.28,1.488,K3III,1571.8098,,304.878,-37.3244,26.8477,301.3912
47066,144.2912,-32.1786,5.62,1.023,K1III,36.2076,,85.7633,-58.9421,42.3679,-45.6742
47071,144.3028,-53.6685,5.44,0.137,A2/A3V,29.703,,71.5308,-34.4164,24.7282,-57.6254
47072,144.3028,6.8358,5.0,1.051,K1IIIvar,49.3856,,75.3012,-60.7183,43.626,8.9627
47091,144.3684,-36.096,5.96,1.118,K2III,43.6516,,110.1322,-72.3294,51.8432,-64.8833
47098,144.4063,60.2137,6.41,0.921,G5,22.6569,,97.6562,-39.4485,28.2358,84.7543
47109,144.4414,-3.1706,6.45,0.986,K0,45.2064,,140.4494,-114.0837,81.5512,-7.7682
47116,144.4646,-9.4244,6.4,-0.04,A1V,40.5509,,130.039,-104.3918,74.5593,-21.2935
47125,144.4844,73.0804,6.39,0.352,F2V+...,12.2124,,71.0227,-16.8243,12.0075,67.9484
47134,144.506,-43.1909,5.51,0.985,G8II,115.3453,,145.5604,-86.4043,61.6178,-99.6262
47167,144.5907,40.2398,5.28,0.223,F0V,9.506,,37.5799,-23.3805,16.6213,24.2762
47177,144.6137,4.6493,4.68,1.31,K3III,95.9401,,90.5797,-73.6036,52.2809,7.3421
47257,144.8376,-61.3281,4.51,-0.07,B9V,65.5239,,69.2042,-27.1448,19.1219,-60.7185
47267,144.8663,67.2722,5.96,1.528,K5,85.428,,154.0832,-48.6847,34.259,142.1188
47288,144.9381,-62.9429,6.4,-0.084,B8/B9III/IV,110.9686,,215.0538,-80.0714,56.1957,-191.517
47293,144.9475,-10.5703,6.31,-0.029,A0Vn,246.8312,,307.6923,-247.6108,173.717,-56.4435
47297,144.964,-1.1428,3.9,1.313,K3IIIvar,156.3148,Ukdah,80.7103,-66.0718,46.3258,-1.6097
47318,145.0765,-14.3323,5.07,-0.149,B4IV/V,145.8814,,133.6898,-106.203,74.1529,-33.0943
47320,145.0836,-10.7692,6.37,0.083,A2V,125.6609,,225.7336,-181.8389,126.9299,-42.179
47345,145.1774,-57.9836,5.3,0.195,A3IV,34.8017,,72.5689,-31.5837,21.9697,-61.5309
47363,145.2589,-57.2595,5.8,1.083,K0/K1III,53.1129,,112.8668,-50.1606,34.786,-94.9355
47373,145.2876,9.8923,3.52,0.516,A5V+...,54.3501,Subra,39.9521,-32.3532,22.4127,6.8636
47387,145.3209,-23.5915,4.76,-0.117,B5V,262.0596,,155.2795,-117.0219,80.9667,-62.1449
47409,145.3963,31.2778,5.9,1.579,K6III,213.4027,,236.9668,-166.6991,115.0139,123.0304
47415,145.4104,25.9129,6.26,1.251,K2III:,78.1268,,169.2047,-125.291,86.3991,73.9431
47424,145.4497,-55.2138,5.99,-0.119,B4V,1155.58,,574.7126,-270.0538,185.952,-472.0036
47435,145.5015,39.7579,5.61,0.951,G8III,56.3378,,106.4963,-67.472,46.3697,68.1091
47456,145.5541,-66.9148,6.33,0.075,A0V,65.5239,,160.0,-51.7358,35.4852,-147.1877
47457,145.5602,-23.9156,4.93,0.534,G0V,2.0931,,15.0128,-11.3183,7.7614,-6.086
47458,145.5621,69.2375,5.72,1.131,G9III:,102.707,,151.2859,-44.2308,30.3285,141.4611
47492,145.6723,-35.5017,6.39,-0.053,Asp...,276.4394,,337.8378,-227.1295,155.0981,-196.1916
47496,145.6781,35.0934,6.12,0.386,F3V,8.8145,,53.2765,-36.0016,24.5788,30.6292
47498,145.6796,48.431,6.36,0.01,A1V,48.2614,,139.2758,-76.3232,52.104,104.2002
47519,145.7384,72.2526,5.15,1.029,K0III,163.0797,,146.6276,-36.9395,25.1621,139.6496
47559,145.865,-51.2281,6.15,-0.098,B6V,511.4463,,411.5226,-213.3062,144.6094,-320.8418
47566,145.8886,29.9745,5.64,0.111,A2IV,11.6091,,49.0196,-35.1573,23.8135,24.4909
47582,145.9261,-53.8913,5.56,-0.042,A0V,57.491,,105.1525,-51.3294,34.7185,-84.9527
47588,145.9329,14.0217,5.36,1.61,M2III,219.1795,,187.2659,-150.5056,101.7738,45.3725
47623,146.0504,-27.7695,4.78,0.516,A7V+...,115.4516,,104.0583,-76.3779,51.4199,-48.4823
47644,146.125,18.8635,6.49,1.158,K0,31.886,,120.1923,-94.4308,63.395,38.8599
47656,146.1525,64.9841,6.18,0.419,F3Vn,26.7424,,95.4198,-33.5117,22.4744,86.4685
47719,146.3118,-62.5079,3.69,1.01,G5Iab/Ib,6661.929,,478.4689,-183.782,122.5129,-424.4376
47733,146.3417,-30.2028,6.45,-0.137,B0IV,22908676.5277,,100000.0,-71936.5664,47900.1295,-50306.1428
47748,146.379,78.1347,6.25,1.353,K2III,277.4598,,317.4603,-54.3544,36.1417,310.6774
47757,146.4193,-57.186,6.47,-0.108,B8III/IV,182.4736,,284.9003,-128.6244,85.3955,-239.4401
47772,146.4628,23.7743,2.97,0.808,G0II,323.2958,Ras Elased Australis,75.643,-57.7001,38.2447,30.4943
47777,146.4823,-58.7938,6.22,0.461,F5IV,18.5012,,80.8407,-34.9203,23.1287,-69.1437
47807,146.5419,6.7086,5.8,1.639,M1III,1512.1678,,602.4096,-499.1425,329.8511,70.3729
47820,146.5853,-76.7761,5.43,0.901,G8III,18.7241,,56.5291,-10.7939,7.1213,-55.0302
47823,146.5972,11.81,5.67,1.489,K4III,115.7711,,156.9859,-128.2809,84.5946,32.1299
47824,146.5984,1.7856,5.65,0.342,F4IV,31.0742,,80.5802,-67.2383,44.3382,2.5108
47827,146.6266,-44.7551,5.58,-0.176,B2.5IV,477.3094,,305.8104,-181.3535,119.46,-215.3142
47829,146.6319,57.1281,5.09,1.594,M3III,230.3563,,169.4915,-76.829,50.598,142.3535
47866,146.7755,-65.072,2.92,0.273,A9,11481.5362,,440.5286,-155.3216,101.7343,-399.4882
47881,146.8255,79.1367,6.09,0.303,F0V:,54.9541,,131.2336,-20.7019,13.5338,128.8818
47887,146.8425,23.6477,6.49,1.093,K0,64.328,,170.6485,-130.8656,85.4975,68.4491
47893,146.8582,11.5682,6.44,0.255,A7Vn,16.5806,,84.674,-69.459,45.352,16.98
47977,147.1472,46.021,5.08,0.619,G2V,2.729,,18.3688,-10.7152,6.9195,13.2181
47983,147.1668,-56.4119,6.05,0.937,K0III,34.1979,,101.626,-47.2402,30.483,-84.6581
48055,147.3671,-37.1868,5.95,1.245,K2III,55.8727,,124.0695,-83.2394,53.3013,-74.9895
48082,147.4587,21.1794,6.1,0.257,A8IV,116.0914,,191.5709,-150.5867,96.0868,69.2126
48083,147.464,-36.2685,6.36,1.008,K0III,58.1835,,152.9052,-103.932,66.3039,-90.4541
48088,147.4881,-45.7327,5.09,-0.098,B7III,535.0569,,258.3979,-152.0968,96.9407,-185.0366
48130,147.5985,65.5932,6.27,0.29,A9Vn,19.5164,,84.9618,-29.6415,18.8122,77.3692
48137,147.6253,4.3437,6.24,0.479,F6V...,5.5463,,44.6628,-37.6123,23.8462,3.3827
48151,147.6748,-46.9339,5.72,1.085,K0IIICN...,140.6048,,176.9912,-102.1273,64.6251,-129.3039
48173,147.7316,-62.7451,5.56,1.316,K1IIICN...,581.8352,,334.4482,-129.5058,81.7702,-297.3171
48182,147.748,59.0387,3.78,0.291,F0IV,34.0408,,35.6379,-15.5054,9.7839,30.56
48183,147.7533,-80.0611,6.47,0.074,B8IV,147.9108,,256.4103,-37.43,23.6135,-252.5622
48188,147.7583,13.0662,6.45,1.624,M0III,311.889,,369.0037,-304.0245,191.7639,83.4234
48202,147.8002,-59.4258,5.79,1.354,K2IIICNp...,235.0715,,236.4066,-101.7543,64.0776,-203.5392
48204,147.8085,-4.2434,6.01,0.171,A8III,13.8803,,63.5728,-53.6524,33.7756,-4.7039
48211,147.8322,-46.1939,5.62,1.166,K2III,48.3504,,99.108,-58.0733,36.5251,-71.5249
48214,147.8401,-6.1819,6.42,0.577,F8V,4.1077,,41.7711,-35.1563,22.1048,-4.4982
48219,147.8696,-14.8466,4.11,0.918,G6/G8III,129.4196,Zhang,80.9061,-66.2271,41.5933,-20.7307
48237,147.9195,-46.5476,4.58,1.172,G5Ib,1342.765,,323.6246,-188.5869,118.2111,-234.9341
48238,147.9217,-11.3405,6.48,1.61,M2III:,274.41,,350.8772,-291.5018,182.7047,-68.9963
48253,147.971,24.3954,5.29,0.229,A5IV,11.4604,,41.4594,-32.0103,20.0248,17.124
48259,147.9981,-16.5348,6.08,1.035,K0III,46.2168,,119.7605,-97.3607,60.8423,-34.0835
48265,148.0265,54.0643,4.55,0.038,A3IV,320.9224,,156.0062,-77.6666,48.4816,126.3145
48276,148.0499,0.0756,6.34,0.934,G9III,49.023,,139.0821,-118.0124,73.5994,0.1835
48277,148.0507,2.4541,6.02,-0.04,A0Vs,140.0877,,202.8398,-171.955,107.2381,8.6855
48300,148.1268,-8.105,5.07,0.038,A2V,59.1562,,85.1064,-71.552,44.4908,-11.999
48318,148.191,26.007,3.88,1.222,K0III,35.3834,Rasalas,38.0518,-29.0624,18.0258,16.685
48331,148.2419,-27.3322,6.28,0.622,G1V,7.7696,,53.8503,-40.6759,25.179,-24.7253
48382,148.4289,5.9586,5.9,1.662,M2III,308.4608,,284.9003,-241.421,148.3556,29.5753
48390,148.4588,-51.1467,5.95,-0.152,B2V,1801.3579,,704.2254,-376.5136,231.1007,-548.419
48422,148.5514,-25.9323,4.87,1.199,K2III,107.845,,104.8218,-80.4203,49.1825,-45.8396
48427,148.5736,-45.2835,5.72,-0.114,B+...,419.5657,,305.8104,-183.605,112.1893,-217.308
48447,148.6326,-22.4875,6.23,0.052,A2/A3III,65.4034,,152.6718,-120.4463,73.4268,-58.3941
48476,148.7135,-50.244,5.71,0.006,A0V,39.0481,,92.8505,-50.7448,30.837,-71.3811
48478,148.7175,-19.0094,4.94,1.559,K5III,326.5878,Felis,188.3239,-152.1679,92.4557,-61.3414
48501,148.764,61.1161,6.29,1.036,K0,38.089,,119.7605,-49.4628,29.9983,104.8624
48543,148.9292,49.8198,5.27,0.086,A3III,27.6185,,63.7755,-35.2441,21.2361,48.7257
48567,149.0222,-40.8245,6.39,1.612,M1III,121.6746,,224.2152,-145.4669,87.3285,-146.5795
48576,149.0406,-71.3893,6.3,-0.056,B1Ib,1001.8438,,617.284,-168.9319,101.3416,-585.0055
48591,149.0912,-51.3362,6.39,-0.162,B2IV-V,24210290.4674,,100000.0,-53602.7009,32091.6865,-78082.4828
48595,149.1082,8.9332,5.85,1.129,K2III:,125.5452,,177.6199,-150.5737,90.0871,27.5812
48609,149.1479,-33.4185,5.83,1.202,K1III,100.5542,,157.4803,-112.8439,67.4077,-86.7323
48624,149.1952,-26.5497,6.27,0.219,A4V,12.3254,,67.5219,-51.8799,30.9325,-30.1805
48635,149.2156,-54.5678,3.52,-0.067,B5Ib,8098.4145,,487.8049,-242.9531,144.7393,-397.4644
48637,149.2254,-27.4752,6.32,0.173,A4V,65.283,,158.9825,-121.1892,72.1705,-73.3488
48643,149.2493,-69.1018,6.18,-0.1,B3V,402.9025,,370.3704,-113.539,67.5506,-346.0058
48660,149.2956,-52.6388,6.13,-0.115,B3IV,2066.3315,,819.6721,-427.678,253.9811,-651.4963
48663,149.3066,57.4182,5.97,0.895,G8III,75.5092,,145.5604,-67.4039,40.011,122.6526
48693,149.4212,41.0556,5.11,0.481,F6Vs,6.2345,,28.1452,-18.272,10.7969,18.4855
48695,149.4275,-48.4141,6.06,-0.127,B3V,990.8319,,549.4505,-313.9962,185.4935,-410.9676
48699,149.4329,-1.9418,6.43,0.7,G5,26.5705,,106.7236,-91.8399,54.2428,-3.6162
48722,149.4869,45.4143,6.34,1.096,K0III,37.2563,,121.2121,-73.3043,43.2022,86.3274
48735,149.5318,8.314,6.05,1.357,K3III,62.9796,,137.931,-117.6348,69.2043,19.9445
48743,149.5557,12.4448,5.26,-0.035,B9IV,160.6941,,153.1394,-128.9229,75.7726,33.0014
48753,149.5953,72.8795,5.86,1.155,K3III:,48.1726,,110.4972,-28.0548,16.4628,105.6008
48755,149.6085,27.759,6.48,0.362,F3V,12.3027,,74.2942,-56.7101,33.2602,34.6028
48786,149.7179,-35.891,5.23,0.3,A8IV,7.8199,,33.3111,-23.3042,13.6081,-19.5285
48803,149.7763,-23.9508,6.11,-0.101,B5V,187.2406,,244.4988,-193.0723,112.4778,-99.2547
48842,149.9009,29.6452,5.75,1.059,G9III:,48.2614,,105.1525,-79.0657,45.8311,52.0114
48865,149.9654,56.8118,5.5,1.487,K5III,129.3004,,153.3742,-72.6824,42.0217,128.3554
48889,150.0534,8.0442,4.68,1.589,M2III,181.3009,,124.533,-106.8449,61.5544,17.4268
48925,150.1829,-82.2147,5.53,0.035,A0IV,70.7946,,115.0748,-13.5246,7.751,-114.0141
48941,150.253,31.9237,5.37,0.676,G1V,1.4022,,15.0466,-11.088,6.3365,7.9565
48952,150.3,-56.0966,6.42,-0.013,B8,116.8423,,222.7171,-107.9105,61.5511,-184.8505
48997,150.4197,-53.3641,6.2,-0.137,B2.5V,410.7712,,377.3585,-195.8312,111.1588,-302.809
49020,150.492,-57.3498,6.2,1.108,K1II,141.1237,,221.2389,-103.8777,58.7904,-186.2787
49024,150.5004,-60.4209,5.93,0.263,A9IV,36982817.978,,100000.0,-42963.0931,24306.9378,-86967.4963
49080,150.704,21.9493,5.68,-0.178,B2.5IV,389.0451,,289.0173,-233.7829,131.1716,108.0304
49083,150.7059,-62.1567,6.41,1.688,K3Ib,23768402.8662,,100000.0,-40732.8301,22852.6832,-88422.7992
49093,150.7498,-60.1787,6.18,0.175,A6II/III,29376496.5196,,100000.0,-43388.8607,24299.1533,-86758.0424
49119,150.8358,-46.6362,6.11,0.041,A0V,25.3746,,90.009,-53.9678,30.1174,-65.4373
49141,150.8922,-61.884,6.14,-0.032,B4:Vne,769.8392,,502.5126,-206.9048,115.1986,-443.2139
49153,150.9208,-9.5738,6.09,1.671,K0,401.4209,,354.6099,-305.5944,169.9466,-58.9779
49181,151.0117,-18.1014,6.3,-0.06,B8V,64.0324,,156.0062,-129.7078,71.8635,-48.4711
49189,151.0351,3.2011,6.43,0.398,F4V,7.3249,,56.0224,-48.9385,27.0878,3.1283
49199,151.0873,-24.2855,5.7,0.303,F0V,22.5113,,70.1754,-55.9926,30.9258,-28.862
49202,151.0974,-39.9759,6.42,1.311,K1III,64.7441,,165.8375,-111.2545,61.4225,-106.5448
49222,151.1514,53.8917,5.71,0.507,F5V,11.6627,,50.7357,-26.1887,14.4263,40.9896
49253,151.2577,-51.3136,6.23,-0.054,B8/B9III,86.0597,,175.1313,-95.9798,52.6395,-136.7038
49261,151.2811,-13.0646,4.6,-0.087,B8V,116.4126,,96.1538,-82.143,45.0072,-21.7356
49267,151.2933,52.3713,6.31,0.135,A5IV,36.6775,,118.624,-63.5232,34.7876,93.9483
49277,151.3137,-36.3844,6.27,1.112,K1III,53.2108,,140.2525,-99.0524,54.1989,-83.1977
49304,151.4205,15.7575,6.36,0.387,F2Vn,24.8886,,100.0,-84.5153,46.04,27.1567
49344,151.5467,-47.37,5.06,0.88,K0IV,44.7507,,73.692,-43.8801,23.7786,-54.2183
49389,151.6976,5.6115,6.2,0.939,K1III,34.3875,,109.1703,-95.6592,51.5123,10.6749
49427,151.7896,-17.1417,5.59,1.49,K4III,69.5024,,117.2333,-98.7189,52.9558,-34.5529
49441,151.8331,16.7627,3.48,-0.031,A0Ib,5345.6436,,389.1051,-328.45,175.8688,112.221
49451,151.8573,35.2447,4.49,0.19,A7V,11.1071,,28.2406,-20.3372,10.8786,16.2968
49477,151.8988,-48.2608,6.4,-0.15,B3III,301.7172,,354.6099,-208.2487,111.1999,-264.6039
49496,151.9761,9.9975,4.39,1.448,K4III,125.3141,Yunü,90.5797,-78.7452,41.9117,15.7251
49500,151.9845,-0.3716,4.48,-0.032,A0III,106.1696,,86.881,-76.6987,40.8081,-0.5635
49501,151.986,-62.2214,6.45,-0.095,Ap Si,101.5781,,210.5263,-86.6209,46.0844,-186.2642
49504,152.0069,-37.3334,6.34,0.98,K0III,46.4301,,135.318,-95.0059,50.5009,-82.064
49517,152.0662,31.6041,6.23,0.469,F4V,10.5196,,61.237,-46.0783,24.432,32.091
49528,152.093,11.9672,1.36,-0.087,B7V,147.0957,Regulus,24.3132,-21.0188,11.1322,5.0414
49547,152.1433,83.9184,6.31,1.549,K0,427.366,,404.8583,-37.9224,20.0422,402.5797
49548,152.1476,-15.6119,6.25,-0.007,A0V,83.0233,,173.6111,-147.8359,78.1178,-46.7223
49557,152.1783,-65.8154,5.26,0.973,K0III,87.9023,,113.2503,-41.0329,21.654,-103.3104
49571,152.2344,-51.8113,4.85,-0.12,B3IV,1665.7123,,408.1633,-223.2933,117.5581,-320.8075
49622,152.3758,-68.6828,5.8,0.015,A0IV,182.4736,,209.205,-67.3832,35.2633,-194.8916
49627,152.3826,-35.8568,6.14,0.615,G1V,3.0507,,31.6356,-22.7188,11.8859,-18.5309
49661,152.4854,-12.0953,6.24,0.184,A5m,19.9894,,84.8176,-73.5542,38.3138,-17.7725
49668,152.5245,-12.8159,5.3,0.368,F2/F3IV/V,5.0816,,27.7393,-23.9974,12.4792,-6.1531
49671,152.5314,-8.4082,5.91,0.026,A1V,125.8925,,182.8154,-160.462,83.4195,-26.732
49700,152.647,-12.3541,3.61,1.007,K0III,37.325,,34.5066,-29.9388,15.4877,-7.3828
49703,152.6571,-41.7152,5.98,1.239,K3III,17.0294,,69.4444,-46.0459,23.8097,-46.2103
49723,152.7328,-8.4185,5.64,1.304,K2III,101.7654,,145.1379,-127.62,65.7772,-21.2484
49729,152.7457,40.6616,6.34,1.277,K3III:,94.1022,,192.6782,-129.9338,66.9326,125.5472
49752,152.8033,37.4019,5.86,1.282,K3III,151.0776,,195.6947,-138.2716,71.052,118.8654
49759,152.824,-7.3166,6.23,0.026,A2Vn,64.0324,,151.0574,-133.2877,68.4299,-19.2375
49785,152.8978,-58.8278,6.07,1.647,M5III,196.2456,,245.7002,-113.2128,57.9394,-210.2248
49789,152.9092,13.3551,6.43,0.468,F7V,9.7364,,64.5995,-55.9567,28.6232,14.9216
49794,152.9436,-58.0605,5.7,-0.118,B2IVnpe,697.5896,,390.625,-184.0337,93.9981,-331.4873
49824,153.0119,-28.606,6.28,0.019,A0V,62.4597,,152.6718,-119.4393,60.8261,-73.0967
49853,153.0956,-52.1632,6.16,1.168,K2IIICN...,36.2076,,110.011,-60.1782,30.5359,-86.8825
49872,153.1582,-19.153,6.45,0.494,F7V,3.912,,41.3223,-34.8292,17.6254,-13.5575
49886,153.2015,4.6147,5.77,1.178,K0III:,69.6947,,127.551,-113.4827,57.3204,10.262
49903,153.2548,-59.9181,6.07,-0.072,B4Ve,1809.6726,,746.2687,-334.04,168.3348,-645.7535
49925,153.331,-27.0289,6.23,0.316,A9m...,58.776,,144.7178,-115.1971,57.8599,-65.7655
49926,153.3383,-61.6588,6.42,-0.111,B2V,202.4883,,293.2551,-124.4118,62.4685,-258.1045
49928,153.3429,-56.5867,6.48,1.45,K2III,89.8669,,200.8032,-98.8237,49.6104,-167.6145
49929,153.3452,-51.233,5.27,0.257,A7V,18.2978,,51.8941,-29.0405,14.5771,-40.4617
49934,153.3532,-33.0317,6.38,0.592,G0V,1.2753,,22.8467,-17.1196,8.5903,-12.4538
49936,153.3667,-51.7558,5.78,0.136,A3IV/V,46.5586,,104.712,-57.9407,29.0566,-82.2387
49942,153.3778,-66.3728,5.15,0.217,Am,67.4839,,94.3396,-33.8012,16.9428,-86.4314
49958,153.4344,-70.0379,3.29,-0.074,B8III,462.1681,,104.8218,-32.0078,16.0043,-98.524
49962,153.4414,-40.3461,5.91,1.204,K1III,81.7335,,147.2754,-100.4012,50.1865,-95.3465
49968,153.4571,27.1358,6.05,0.844,G5III-IV,81.8842,,157.2327,-125.1776,62.5283,71.714
49981,153.4857,-40.3108,6.33,0.94,G8III,50.0265,,139.8601,-95.4327,47.6108,-90.4801
50001,153.5373,-23.8139,6.36,1.639,M1III,329.0031,,363.6364,-297.8207,148.2456,-146.8247
50033,153.624,21.1681,6.02,0.573,F9V,10.985,,56.8182,-47.4686,23.5389,20.5173
50050,153.6841,-42.1219,3.85,0.051,A2V,24.2549,,31.0752,-20.6603,10.2181,-20.8425
50077,153.7764,31.4681,6.47,0.858,G8III,92.8966,,203.252,-155.5172,76.6034,106.1023
50081,153.7819,59.9855,6.18,1.621,M0IIIvar,1255.4517,,653.5948,-293.3043,144.4387,565.9472
50090,153.8194,-54.9742,6.16,-0.155,B2IV-V,665.5796,,471.6981,-242.9541,119.4463,-386.2706
50092,153.837,-36.5177,6.17,1.058,K0III,34.1979,,107.4114,-77.4792,38.0624,-63.9174
50099,153.8815,-43.1124,5.59,1.52,K4III,122.3489,,155.521,-101.9393,49.9804,-106.2879
50145,154.0135,-59.9034,6.22,0.194,A5V,18.8973,,81.6993,-36.8268,17.9509,-70.6847
50150,154.0375,-11.2034,6.08,1.096,K0,125.3141,,197.2387,-173.9542,84.7023,-38.3221
50161,154.0602,29.3105,5.49,0.02,A0Vn,35.4487,,79.9361,-62.6804,30.4898,39.1321
50174,154.117,28.6825,6.46,0.635,G0V,2.5003,,33.1895,-26.1961,12.7105,15.9295
50177,154.1346,23.5031,5.95,0.655,G2IV,3.5286,,31.1721,-25.7223,12.4709,12.4314
50190,154.1673,-51.2046,6.2,1.435,M4/M5III,138.6756,,219.2982,-123.669,59.8711,-170.9185
50191,154.1697,13.7283,5.42,1.65,M1III,190.7217,,179.5332,-156.9793,75.9891,42.6066
50193,154.1726,23.4173,3.43,0.307,F0III,261.0959,Adhafera,84.0336,-69.4094,33.5948,33.3971
50194,154.174,25.3707,5.84,1.206,K2III:,47.687,,108.9325,-88.5957,42.8784,46.6747
50229,154.2708,-61.3323,3.39,1.541,K3II,1560.2709,,201.6129,-87.1304,41.9877,-176.8985
50230,154.2743,42.9144,3.45,0.029,A2IV,64.506,Tania Borealis,42.1585,-27.8154,13.402,28.7059
50242,154.3107,23.1062,5.81,0.5,F8Vw,2.1478,,22.805,-18.9023,9.0927,8.9495
50249,154.3341,-46.8349,6.48,0.329,A8V+...,9.324,,64.6831,-39.884,19.1656,-47.1789
50272,154.4075,-8.0689,5.25,0.336,F2III,24.3445,,59.312,-52.9633,25.3672,-8.3253
50306,154.5087,65.1084,5.74,0.163,A8III,27.874,,79.5545,-30.2251,14.411,72.1643
50314,154.5316,-28.992,5.52,0.277,B9.5Ib/II,3564.5113,,813.0081,-642.0225,305.794,-394.0549
50338,154.6177,-41.6685,5.97,-0.063,B9V,94.8855,,163.1321,-110.0969,52.2362,-108.4534
50343,154.6368,43.0484,6.48,0.925,G5,3.0676,,37.1058,-24.5024,11.6153,25.329
50350,154.6577,-36.8046,6.31,1.282,K2/K3III,70.0164,,163.9344,-118.6281,56.1823,-98.211
50351,154.6584,-56.1104,5.8,0.481,F6V,5.42,,36.062,-18.173,8.6065,-29.9356
50367,154.7448,46.7608,6.42,1.19,K1III,110.7643,,216.9197,-134.3962,63.4004,158.026
50374,154.753,24.7121,6.42,1.388,K0,315.9366,,366.3004,-300.9688,141.9271,153.1354
50378,154.7712,-64.6763,5.66,0.042,A1V,30.5914,,80.3213,-31.0789,14.6437,-72.6029
50394,154.8203,-12.5281,6.01,0.258,A8III,14.8184,,65.6599,-58.0059,27.2704,-14.2429
50404,154.8618,48.3968,6.0,1.022,K0,6.836,,44.405,-26.691,12.5247,33.2043
50410,154.8848,-5.1061,6.38,0.894,K0,20.5305,,91.659,-82.6638,38.7494,-8.1578
50413,154.9032,-55.0293,4.59,1.6,K3II,4100.1524,,568.1818,-294.913,138.1275,-465.5939
50420,154.9252,-65.1372,6.35,1.556,K2II,479.0711,,436.6812,-166.2975,77.8104,-396.2085
50422,154.9341,19.4709,4.78,0.452,F6IV,4.8708,,21.3675,-18.2482,8.5349,7.1224
50440,154.9931,19.8415,2.01,1.128,K0III,217.5705,Algieba,39.8883,-34.0031,15.8609,13.5389
50441,154.9978,-9.059,6.31,0.338,F1IV,7.5648,,53.8793,-48.2213,22.4882,-8.4834
50463,155.0618,53.7794,6.45,0.58,F9V,2.2223,,31.1429,-16.6864,7.7591,25.1245
50466,155.0697,-47.6991,5.66,1.667,K5/M0III,1260.0855,,515.4639,-314.594,146.2323,-381.2476
50492,155.1298,54.2168,6.01,1.128,K3III:,90.8657,,162.6016,-86.2592,39.9856,131.9082
50532,155.2284,-56.0432,4.5,-0.102,B3III,1710.803,,352.1127,-178.5813,82.4089,-292.0631
50541,155.2641,68.7477,5.88,0.241,A7Vn,58.8844,,123.3046,-40.5941,18.702,114.919
50584,155.3694,-23.7108,6.47,0.193,A4IV/V,25.2813,,106.0445,-88.2588,40.465,-42.6427
50610,155.4596,14.9758,6.16,0.018,A1V,60.8695,,142.6534,-125.3598,57.2365,36.8631
50640,155.5435,-58.2656,6.34,0.884,G6III,31.2176,,110.9878,-53.1398,24.1685,-94.3946
50641,155.5441,41.2295,5.73,0.531,F7V,6.9119,,39.4322,-26.9953,12.2774,25.9889
50645,155.5539,-19.8666,6.12,0.035,A0V,105.2931,,184.1621,-157.6746,71.6774,-62.584
50653,155.5816,-41.65,4.82,1.095,K1IIIvar,40.1421,,62.5,-42.5238,19.3061,-41.5361
50655,155.5823,41.4995,3.06,1.603,M0III SB,259.4179,Tania Australis,70.6215,-48.1618,21.8651,46.7948
50702,155.7424,-66.9015,4.97,-0.128,B8V,135.7688,,123.1527,-44.0486,19.8495,-113.2798
50706,155.7519,6.5426,6.06,1.119,K3III,16.5959,,71.1238,-64.4266,29.0195,8.104
50715,155.7764,33.9081,5.89,0.147,A6V,21.1836,,74.2942,-56.2302,25.2987,41.446
50723,155.8047,-30.1623,6.25,0.304,A9IV,8.4645,,55.4324,-43.717,19.6428,-27.852
50740,155.8603,-4.074,5.93,-0.048,B9p Si(CrSr),40.1421,,104.1667,-94.8172,42.4926,-7.4006
50742,155.8682,-0.9022,6.45,0.918,G5,13.7404,,77.4593,-70.6812,31.6643,-1.2197
50743,155.8722,-38.0098,5.34,0.251,A8V,10.9446,,41.4594,-29.8122,13.353,-25.5306
50748,155.8861,-3.6429,6.39,1.601,K5,438.5307,,425.5319,-387.6131,173.5008,-27.037
50758,155.9194,-41.9532,6.24,0.884,K0IV,14.7639,,72.8863,-49.4876,22.1168,-48.7262
50760,155.924,29.6159,6.36,1.09,G8III,32.87,,114.9425,-91.2331,40.7647,56.8026
50771,155.961,-57.9539,6.34,1.517,K5Ib-II,183.1471,,268.8172,-130.2637,58.1034,-227.8553
50788,156.0327,65.5664,4.94,-0.052,A0sp...,99.6323,,104.0583,-39.3312,17.4845,94.739
50790,156.0359,33.7185,5.52,1.186,K1III,91.2011,,130.039,-98.8395,43.9321,72.1864
50794,156.0549,2.368,6.33,0.991,G9V,22.636,,94.0734,-85.9035,38.1481,3.8869
50809,156.0989,-74.0316,3.99,0.369,F2IV,5.813,,16.2232,-4.0804,1.8083,-15.5972
50830,156.1856,-73.9717,6.18,0.071,A2/A3V,60.3115,,143.2665,-36.1895,15.9723,-137.6971
50847,156.2477,-58.5763,5.93,0.315,F2III,34.0722,,95.9693,-45.7966,20.1532,-81.894
50863,156.3133,8.7848,5.61,1.63,M2IIIs,491.134,,314.4654,-284.5953,124.8498,48.0266
50869,156.3217,-42.4674,6.18,1.006,G8III,95.6753,,180.5054,-121.9425,53.4739,-121.8719
50901,156.4345,-7.0598,5.6,1.528,M0.5III,74.1993,,121.6545,-110.6635,48.2685,-14.952
50902,156.4372,35.4254,6.49,1.089,K1III,35.1237,,126.1034,-94.1903,41.0778,73.0949
50911,156.4784,33.7961,4.72,0.26,F0V,57.6501,,71.5308,-54.5045,23.7236,39.7882
50924,156.5226,-16.8363,3.83,1.456,K4III,131.8257,,71.7875,-63.0224,27.3733,-20.7924
50932,156.5411,-42.7385,6.13,1.129,K1III,29.5665,,98.0392,-66.0542,28.6649,-66.5346
50972,156.6538,-0.9881,6.33,1.443,K0,160.6941,,250.6266,-230.0729,99.305,-4.3218
50995,156.7039,-54.8773,5.58,1.556,K3II/III,1969.6996,,621.118,-328.2139,141.325,-508.026
51016,156.752,19.3645,6.15,1.141,K0,33.1742,,104.8218,-90.8623,39.0337,34.7565
51027,156.7879,-31.0678,4.28,1.429,K4III,213.01,,112.2334,-88.3525,37.8899,-57.9182
51047,156.852,-57.6388,4.65,0.474,A6Ia,120226443.4617,,100000.0,-49216.2687,21041.2981,-84469.0634
51049,156.8556,-65.7047,6.0,0.091,A2V,16.248,,68.4463,-25.895,11.0689,-62.3845
51055,156.8669,41.601,6.0,0.166,A2V,15.1496,,66.0939,-45.4501,19.4172,43.8824
51068,156.9125,9.7624,6.01,-0.043,A0sp...,57.3324,,129.199,-117.13,49.9301,21.9073
51087,156.9697,-58.7394,3.81,0.317,F2II,4413.6714,,411.5226,-196.5315,83.5452,-351.7761
51089,156.9709,36.7072,4.2,0.908,G8III-IV,40.5135,,47.1921,-34.8188,14.8006,28.2079
51100,157.0087,-49.4058,6.1,1.506,K4III,158.9278,,224.2152,-134.3069,56.9858,-170.2549
51103,157.0161,48.7849,6.42,0.61,G1V,1.2359,,22.9095,-13.8965,5.8941,17.2335
51120,157.0761,-63.1646,6.42,-0.039,B2/B3III:ne,300.3309,,357.1429,-148.4918,62.7983,-318.681
51145,157.1522,45.2122,6.37,1.33,K0,335.7376,,369.0037,-239.5605,100.9373,261.8896
51157,157.1832,-3.7424,6.05,0.059,A1sp...,20.797,,79.2393,-72.883,30.6624,-5.172
51168,157.2191,-64.1723,5.27,1.856,K3Ib,4487.4539,,813.0081,-326.5702,137.1493,-731.7952
51182,157.2654,-65.1762,6.42,1.675,M1III,98.0844,,204.0816,-79.0224,33.1118,-185.2252
51217,157.3696,-2.7391,5.19,-0.05,B9.5V,71.2525,,98.7167,-91.012,37.9413,-4.7174
51219,157.3707,-29.6638,5.58,1.42,K3III,61.9441,,110.1322,-88.3313,36.8217,-54.5056
51231,157.3974,-30.6071,5.57,-0.041,B9/B9.5V,91.3692,,133.1558,-105.802,44.0467,-67.7959
51240,157.4256,84.252,5.52,0.244,F0IV,8.9043,,40.6339,-3.7578,1.5623,40.4296
51256,157.4768,65.6262,6.32,1.141,K2III:,26.4484,,101.2146,-38.584,16.0003,92.1936
51275,157.5269,38.9251,5.79,0.087,A4V,225.5278,,231.4815,-166.4093,68.8375,145.4408
51280,157.5367,-66.9847,6.19,-0.004,B4IV,210.281,,268.8172,-97.1269,40.1584,-247.4194
51290,157.5728,-0.637,5.08,-0.138,B6V,124.5088,,124.0695,-114.6784,47.3307,-1.3794
51291,157.5837,-71.9928,4.72,0.042,A2III,71.9118,,79.8722,-22.8257,9.4157,-75.9599
51301,157.6109,64.2577,6.07,0.178,A7III,28.8669,,94.2507,-37.8496,15.592,84.8969
51312,157.6569,55.9805,4.82,0.541,F8V,1.6796,,12.7796,-6.6131,2.718,10.5923
51314,157.6635,-61.3565,6.41,1.65,M2III,121.1156,,225.7336,-100.0883,41.1237,-198.1081
51343,157.7448,-7.6376,6.2,1.377,K5III+...,350.2676,,348.4321,-319.6154,130.7917,-46.3087
51344,157.7493,-13.5885,5.59,-0.028,B8/B9IV/V,129.8973,,160.2564,-144.1713,58.984,-37.6517
51348,157.7586,-73.2215,4.94,1.677,K4/K5III,922.1467,,316.4557,-84.5553,34.5776,-302.9835
51354,157.7707,82.5586,5.25,0.399,F2V,3.1974,,21.5008,-2.5777,1.0535,21.3197
51375,157.8416,-53.7155,4.89,0.5,F6V,4.5835,,21.8103,-11.954,4.8682,-17.581
51403,157.9528,-28.2371,6.04,0.501,F6/F7V,6.0926,,42.6985,-34.8665,14.1204,-20.2016
51408,157.9641,32.3796,5.9,0.114,A0IV,23.142,,78.0031,-61.0628,24.7156,41.7726
51412,157.986,-45.0697,6.04,-0.096,B4,126.4736,,194.5525,-127.3844,51.5028,-137.7365
51413,157.9893,-45.0667,5.76,-0.194,B9,120.5591,,166.9449,-109.3163,44.1904,-118.1852
51428,158.0061,-61.6853,3.3,-0.089,B4Vne,914.5343,,148.1481,-65.1548,26.3161,-130.4231
51437,158.0491,14.1373,5.43,1.696,M2III,265.4606,,212.766,-191.3646,77.1258,51.9672
51461,158.1401,-44.6185,5.91,0.92,G6/G8III,55.8727,,121.8027,-80.4651,32.2815,-85.5521
51474,158.1992,-58.6667,5.98,0.29,A2Iab,35318316.9792,,100000.0,-48282.3908,19312.3361,-85415.7153
51475,158.2028,9.3066,3.84,-0.148,B1Ib SB,253512863.0498,Shaomin,100000.0,-91628.2169,36643.4873,16171.7257
51486,158.237,-47.0034,5.02,1.045,K4III,1379.1135,,401.6064,-254.3571,101.5454,-293.7324
51509,158.308,40.4256,4.72,0.222,A7IV,13.5145,,34.626,-24.4924,9.7427,22.4536
51527,158.3558,-58.1901,6.09,0.325,B7Ia,31915378.551,,100000.0,-48993.7163,19441.7083,-84980.208
51536,158.3788,34.9887,5.57,0.029,A2Vn,226.3602,,209.6436,-159.6692,63.2858,120.2127
51569,158.5037,-23.7452,5.08,1.596,K5III,483.5039,,244.4988,-208.2335,82.0099,-98.4522
51583,158.553,-60.9876,6.25,1.399,K2/K3III,184.8417,,259.0674,-116.947,45.9418,-226.5583
51626,158.7001,6.9537,5.07,0.921,G8II-III,54.3501,,81.5661,-75.4355,29.411,9.8751
51646,158.7404,-23.1762,6.1,0.496,F6V,13.7404,,65.9196,-56.4758,21.9731,-25.9434
51653,158.759,8.6504,5.67,0.059,A2V,81.1335,,131.406,-121.0856,47.0657,19.7642
51659,158.7732,75.7129,4.86,0.957,K0III,56.9639,,75.815,-17.4403,6.774,73.4702
51665,158.7903,57.0826,5.16,0.349,F1V,5.2869,,26.5252,-13.4381,5.2149,22.2667
51667,158.7934,-43.6646,6.09,0.94,G8/K0II/III,387.6145,,348.4321,-234.9852,91.1757,-240.5699
51672,158.8036,-39.5626,5.5,3.015,C,394.8208,,268.0965,-192.7006,74.7298,-170.7562
51686,158.8533,-76.309,6.29,1.205,K2III,53.555,,142.0455,-31.3562,12.1287,-138.0095
51690,158.8675,-78.6078,4.11,1.58,M0III,324.1903,,128.041,-23.5903,9.1181,-125.5183
51700,158.8971,-57.5576,4.45,1.604,K3/K4II,1884.5167,,361.0108,-180.6765,69.7278,-304.6684
51703,158.9119,-18.569,6.49,0.199,A5IV/V,13.9316,,79.4281,-70.2507,27.0907,-25.2936
51734,159.0084,80.4946,6.48,0.963,G4III:,57.2269,,160.2564,-24.7084,9.4805,158.0561
51736,159.0188,-26.6755,6.29,0.475,F5V,4.5165,,41.2541,-34.4191,13.1993,-18.5205
51756,159.0694,-16.3443,6.01,1.638,M1III,185.012,,232.0186,-207.951,79.5359,-65.2922
51763,159.0856,-59.5644,5.08,1.172,K1III,52.4324,,80.5153,-38.0994,14.5597,-69.4202
51765,159.0892,36.3269,6.29,0.436,F3V,6.1038,,47.9616,-36.0953,13.7912,28.4121
51784,159.1349,-12.2301,5.71,0.528,F7V,2.8471,,25.0752,-22.899,8.7283,-5.3119
51830,159.3072,-27.4126,4.87,1.626,M1III,219.3815,,149.4768,-124.1324,46.8879,-68.8185
51834,159.3172,-53.8553,6.43,-0.15,B3Vn,448.7454,,438.5965,-242.0231,91.3701,-354.1796
51837,159.3258,-48.2256,3.84,0.3,A3m+...,18.2642,,26.8384,-16.7283,6.3125,-20.0154
51854,159.3628,-58.7333,5.47,0.5,A0Ia,56493697.4812,,100000.0,-48571.6688,18292.8852,-85476.0981
51860,159.3886,-13.3845,4.89,2.8,C,418.408,,208.3333,-189.7014,71.347,-48.2261
51882,159.4678,34.0786,6.42,1.364,K0,460.8929,,442.4779,-343.2096,128.5409,247.9336
51893,159.511,-57.2563,5.89,-0.128,B3IV,365.4265,,308.642,-156.3783,58.4331,-259.5983
51934,159.6456,-16.8766,4.91,0.922,G8III,39.4457,,64.5578,-57.92,21.4878,-18.7418
51947,159.6801,31.9762,4.68,0.823,G0II,367.7901,,177.305,-141.0423,52.229,93.895
51951,159.6875,-59.183,4.69,1.562,K4/K5III:,5997.9108,,719.4245,-345.64,127.9418,-617.8474
51961,159.7096,-42.7534,6.1,0.661,Am+...,124.0509,,198.0198,-136.3797,50.4223,-134.4247
51962,159.7101,-12.4436,6.04,-0.007,A0Vn,41.4572,,111.3586,-101.9951,37.7088,-23.9954
51977,159.7486,-58.8169,5.96,1.692,M1III,157.4708,,209.205,-101.6251,37.4943,-178.9784
51985,159.7737,53.6683,5.55,1.27,K3III,101.4846,,139.0821,-77.3192,28.4882,112.0446
51988,159.7819,37.91,5.84,0.595,F9V,11.0053,,52.3286,-38.7422,14.2682,32.1519
51999,159.8164,-74.4934,6.08,1.683,K3II,614.3276,,436.6812,-109.5773,40.2811,-420.7858
52003,159.8267,-55.6033,4.29,1.025,G2II,1112.7561,,257.732,-136.6661,50.2111,-212.6665
52009,159.8452,-64.1118,6.33,-0.072,B8V,54.7016,,146.1988,-59.924,21.9941,-131.5274
52070,160.0477,-65.1002,5.51,-0.158,B9p Si,140.346,,160.5136,-63.525,23.0613,-145.5931
52122,160.2148,-35.7417,6.36,0.917,G8/K0III+..,190.8974,,277.0083,-211.5636,76.106,-161.8095
52157,160.323,-59.6769,6.35,0.088,WN7 + A(SB1),25118864.3151,,100000.0,-47539.3634,17000.0295,-86319.221
52165,160.3508,-1.7415,6.25,0.88,K1IV,3.7325,,36.8189,-34.6589,12.375,-1.1189
52187,160.4512,68.4435,5.74,1.315,K3III,109.2446,,157.4803,-54.5259,19.3609,146.4655
52189,160.4649,-79.7833,5.97,-0.071,B5IV,287.6074,,284.0909,-47.4891,16.8496,-279.5863
52202,160.4862,65.7163,5.12,1.207,K2IIIvar,37.7051,,69.541,-26.9564,9.5531,63.388
52215,160.547,31.697,6.02,1.617,M2III,210.6687,,248.7562,-199.5692,70.4872,130.7032
52219,160.5589,-64.4664,4.76,-0.139,B3V,210.0874,,139.0821,-56.5318,19.9536,-125.4983
52240,160.6307,-13.9745,6.24,1.54,K3/K4III:,179.97,,254.4529,-232.9463,81.893,-61.4479
52254,160.669,-59.2158,5.36,0.213,B2.5Ia,62517269.2776,,100000.0,-48295.2057,16942.0477,-85910.07
52256,160.68,-32.7157,5.63,0.006,A0V,170.9228,,187.2659,-148.6857,52.1274,-101.2117
52268,160.7392,-64.3945,2.74,-0.22,B0Vp,1361.4447,,139.6648,-56.9809,19.9106,-125.9484
52271,160.7579,26.3256,5.51,0.16,A4Vn,12.7409,,48.3793,-40.9394,14.2904,21.4548
52274,160.7668,69.0762,5.01,1.406,K3III,141.5142,,128.041,-43.1745,15.063,119.5975
52301,160.8372,4.7477,5.77,1.168,K3III+...,123.1402,,169.4915,-159.5506,55.4454,14.0284
52306,160.854,23.1884,5.08,0.042,A3Vn,39.9577,,70.2741,-61.0239,21.1863,27.6708
52317,160.8846,-60.5666,4.58,1.7,K3Ib,1567.4728,,349.6503,-162.348,56.2669,-304.5201
52318,160.8873,46.2039,5.18,0.324,F5III,10.1485,,37.092,-24.2561,8.4054,26.7733
52327,160.9305,57.1992,5.79,-0.038,A0Vs,54.1003,,113.3787,-58.049,20.0666,95.3015
52336,160.9634,-64.249,5.74,0.012,B3:V,570.1643,,359.7122,-147.7337,50.9745,-323.9895
52337,160.9678,-60.1178,6.45,-0.017,WN7 + A,22908676.5277,,100000.0,-47098.3647,16246.9174,-86705.1424
52351,161.0289,-63.9611,4.8,-0.134,B5Vn,238.1223,,150.8296,-62.615,21.5248,-135.5198
52362,161.0606,19.7588,6.27,0.196,A5V,12.1116,,66.9344,-59.5833,20.4457,22.628
52369,161.0837,-70.8597,6.25,0.208,A5IV/V,29.4578,,103.4126,-32.0759,10.9923,-97.6958
52375,161.0955,-59.9933,6.32,-0.31,B0Ib:,925.5502,,598.8024,-283.3086,97.0232,-518.5432
52384,161.1132,-72.4435,6.26,0.51,F6V,2.8158,,32.1234,-9.1682,3.1366,-30.6271
52386,161.135,-70.8553,6.43,0.227,A6IV,23.6157,,100.6036,-31.2212,10.6681,-95.0395
52426,161.2668,67.4114,5.95,2.382,C5II,524.8075,,380.2281,-138.313,46.9058,351.0595
52433,161.2894,2.488,6.27,1.212,K4III,58.4521,,147.0588,-139.1556,47.1303,6.3838
52443,161.3182,-80.4696,5.46,0.957,K0III,65.1028,,106.8376,-16.7572,5.6661,-105.363
52481,161.4463,-80.5402,4.45,-0.188,B2.5IV,167.186,,107.5269,-16.7541,5.6233,-106.0647
52486,161.4662,30.6823,5.36,-0.05,A1Vn,85.9014,,117.2333,-95.5928,32.0476,59.8215
52508,161.5237,6.3732,6.38,1.121,K1III:,24.2326,,99.6016,-93.8838,31.3699,11.0562
52526,161.569,-64.5146,5.33,-0.096,B7:V,137.0251,,145.9854,-59.5928,19.8597,-131.7802
52527,161.5712,-60.6029,6.26,0.038,A0IV,39.5185,,120.3369,-56.0394,18.6731,-104.8421
52533,161.5938,57.3659,6.34,1.568,M1III,116.7347,,214.5923,-109.8034,36.54,180.715
52534,161.6023,18.8915,5.5,1.134,K3III,17.9804,,57.2082,-51.3601,17.083,18.5227
52537,161.6053,14.1946,5.49,0.908,G4III:,43.0527,,88.1057,-81.0514,26.9538,21.605
52549,161.6233,-64.2632,5.23,-0.077,B7IV,150.245,,145.9854,-60.1596,19.9852,-131.5034
52557,161.6548,-43.1927,6.29,0.202,A4IV,13.9187,,72.4113,-50.1089,16.6158,-49.5622
52575,161.6923,-49.4203,2.69,0.901,G5III SB,94.3626,,35.9195,-22.1831,7.3397,-27.2809
52578,161.7004,-69.2098,6.34,0.18,A2IV,1477.7467,,763.3588,-257.2494,85.0753,-713.6537
52584,161.7135,-64.3835,4.87,-0.149,B3IV,213.01,,147.2754,-60.4583,19.9789,-132.7994
52585,161.7169,-17.2969,5.44,0.112,A3V,23.142,,63.1313,-57.2335,18.9094,-18.7704
52590,161.7395,-56.7572,5.14,-0.08,B8/B9III,199.159,,161.2903,-83.9649,27.7045,-134.8959
52632,161.8775,-69.4377,6.35,-0.085,B2IV,458.7753,,427.3504,-142.6505,46.6873,-400.1244
52643,161.91,-57.4674,6.29,1.673,M1II,1570.3628,,769.2308,-393.2283,128.4508,-648.5275
52652,161.9347,-59.8753,6.47,-0.121,B5Vvar,286.8138,,357.1429,-170.4083,55.5839,-308.9053
52661,161.9731,-64.2628,6.46,0.008,B9.5V,47.9513,,145.3488,-60.0184,19.5323,-130.9296
52673,162.0225,-59.9192,5.98,0.274,A0Ia,35318316.9792,,100000.0,-47675.0742,15469.8334,-86531.9106
52687,162.0588,-31.6879,5.87,0.028,A1V,80.0203,,143.0615,-115.8147,37.4991,-75.1489
52709,162.169,-1.9589,5.92,1.608,M2III,104.7129,,167.5042,-159.3647,51.2616,-5.7257
52723,162.2078,65.1325,6.4,-0.022,A1V,34.9945,,120.7729,-48.3585,15.519,109.5752
52727,162.2385,29.4161,6.15,1.144,K0,99.0832,,181.1594,-150.2819,48.1389,88.9761
52757,162.3143,10.5452,5.32,0.035,A2V,88.308,,116.6861,-109.2936,34.85,21.3549
52768,162.3519,-59.3238,5.85,0.008,B9.5IV/V,202.8617,,225.7336,-109.7459,34.915,-194.1454
52775,162.37,63.81,6.42,1.287,K0,179.6387,,276.2431,-116.1933,36.9256,247.8828
52789,162.4062,-16.1936,3.11,1.232,K0/K1III,96.4717,,44.0723,-40.344,12.7931,-12.2911
52794,162.4312,-9.8527,5.85,1.074,G8III:,43.451,,104.4932,-98.1498,31.0761,-17.8804
52805,162.4739,27.9739,6.05,0.399,F5V,24.8657,,86.6551,-72.9778,23.0464,40.6473
52811,162.4876,-34.0582,5.61,0.038,A1V,87.0964,,132.4503,-104.6452,33.0194,-74.1767
52826,162.5752,-8.8978,5.8,0.156,A3m,37.8094,,95.2381,-89.7742,28.1762,-14.7306
52881,162.7725,-3.0927,5.95,1.475,K2,87.2569,,155.0388,-147.8675,45.8503,-8.3645
52889,162.796,56.5823,5.66,1.132,K2III,56.9115,,109.529,-57.623,17.8417,91.4214
52910,162.8489,59.3201,5.57,1.16,K2III,35.9749,,83.5422,-40.7311,12.5703,71.8489
52946,162.9454,-57.2723,6.29,0.226,A6III,77.0549,,170.3578,-88.0532,27.0123,-143.3134
52987,163.057,1.025,6.37,0.087,A3V,185.1825,,273.9726,-262.039,79.8281,4.9009
52997,163.1194,-79.5594,6.36,1.46,K2II/III,960.2847,,621.118,-107.7064,32.6838,-610.8344
53000,163.1285,-57.2404,5.26,0.13,B9Ia,68548822.6453,,100000.0,-51782.4768,15704.5489,-84094.8407
53003,163.1337,52.5036,6.44,1.114,K2III,21.757,,96.9932,-56.5012,17.1301,76.9536
53013,163.1504,-0.2017,6.31,1.503,K5III,196.6075,,274.7253,-262.9294,79.6316,-0.9669
53075,163.3279,34.2149,3.79,1.04,K0III-IV,22.4492,Praecipua,29.0867,-23.0417,6.9006,16.3554
53077,163.3382,-58.8935,6.26,-0.104,B5V,333.58,,349.6503,-173.0559,51.7934,-299.3734
53086,163.354,-2.2552,6.12,0.913,K0III+...,19.5164,,79.3021,-75.9199,22.6991,-3.1206
53098,163.373,-20.1387,5.23,0.48,F6V,6.6865,,30.8071,-27.7143,8.2762,-10.6067
53099,163.3734,-58.8532,3.78,0.945,K0III-IV...,22.7405,,29.129,-14.4365,4.311,-24.9299
53103,163.3798,69.8539,5.91,1.01,G9IV,7.3858,,44.287,-14.6159,4.3628,41.5774
53105,163.3871,-15.4458,6.34,1.176,K2III,13.8038,,73.8007,-68.1659,20.3379,-19.6551
53106,163.3892,-56.4205,6.45,1.392,K2III,22908676.5277,,100000.0,-53001.2249,15811.2052,-83311.9196
53107,163.3937,54.5851,5.12,1.355,K3III,313.0401,,200.4008,-111.2871,33.1895,163.3221
53118,163.4255,-70.7203,5.99,-0.02,B6V,190.1954,,233.1002,-73.7669,21.9552,-220.0275
53119,163.4321,-2.1292,5.45,0.966,G8III,52.9176,,95.8773,-91.8333,27.3206,-3.5621
53141,163.4947,43.19,4.66,-0.039,A1Vs,67.9829,,75.5287,-52.798,15.6448,51.6933
53161,163.5741,-13.758,5.65,0.832,K0III + (G),109.2446,,151.0574,-140.735,41.4898,-35.9248
53179,163.6233,-61.8266,5.95,1.736,K4III,710.5588,,442.4779,-200.4363,58.9029,-390.0544
53200,163.6757,25.4907,6.19,0.291,A8V,41.1529,,118.9061,-103.0043,30.168,51.173
53222,163.7424,34.0348,5.73,1.032,G7III:,35.1237,,88.8889,-70.7165,20.6221,49.7508
53224,163.7542,-42.2511,6.08,-0.061,A0p...,72.3769,,149.925,-106.5441,31.0463,-100.8067
53232,163.7982,-20.665,6.45,1.098,K1III,73.5868,,179.2115,-161.0216,46.7865,-63.2442
53239,163.8218,-60.517,5.93,1.065,K0III,32.2998,,93.4579,-44.1753,12.8158,-81.3553
53256,163.8634,-43.0205,6.4,0.068,A0V,24.0326,,100.1001,-70.3008,20.3399,-68.2943
53262,163.9033,24.7497,4.3,0.016,A1,128.3512,,87.9507,-76.7407,22.1452,36.821
53268,163.9267,0.7369,5.91,0.425,F2III,7.5788,,44.8632,-43.1058,12.4201,0.577
53271,163.935,33.5069,5.02,1.101,K1III,45.0817,,72.6216,-58.1886,16.7568,40.0899
53294,164.0061,6.1854,5.91,1.256,M5IIIvar,53.5057,,119.1895,-113.9088,32.6496,12.8421
53310,164.0605,42.0082,6.03,1.123,K2III,30.761,,95.511,-68.2408,19.4898,63.9194
53317,164.0702,22.3517,6.17,1.549,K2,158.1976,,230.9469,-205.3929,58.6231,87.8269
53337,164.1435,25.5002,6.36,1.036,K0,15.332,,78.4929,-68.1506,19.3573,33.7924
53347,164.1793,-37.1378,4.6,1.006,K0III,42.7366,,58.2751,-44.6963,12.6652,-35.1826
53375,164.2827,-50.765,5.9,0.173,A7Vni,40.3274,,102.9866,-62.7037,17.6456,-79.7691
53391,164.3158,-75.0998,6.16,1.531,K1II,2766.9416,,961.5385,-238.0411,66.8394,-929.2068
53401,164.3342,-69.0381,6.48,0.0,B7V,159.3676,,267.3797,-92.1012,25.8292,-249.684
53433,164.4508,-59.7322,6.36,0.84,G3Ia,24888573.1828,,100000.0,-48559.4804,13511.6607,-86367.8869
53543,164.8073,-33.7376,5.7,0.374,F2V,10.7647,,48.5201,-38.9386,10.5741,-26.9476
53545,164.8084,-61.3207,6.16,-0.064,B8IV,41.8023,,118.2033,-54.7442,14.865,-103.7021
53546,164.8089,-84.5939,6.19,0.1,A1V,32.3892,,105.4852,-9.591,2.6042,-105.016
53550,164.8245,51.8824,6.22,1.352,K0,127.0574,,211.8644,-126.2188,34.2349,166.6833
53565,164.8668,40.4303,5.03,0.624,G0V,1.6749,Chalawan,14.0627,-10.3333,2.7946,9.12
53567,164.8789,-16.3537,5.88,1.6,M1III,159.3676,,202.8398,-187.8944,50.7721,-57.1128
53570,164.8866,36.0931,5.99,1.595,M2III,225.5278,,253.8071,-197.9978,53.4737,149.5175
53584,164.9437,-18.2988,4.08,1.079,K1III,48.3949,Alkes,48.8043,-44.7457,12.0367,-15.3232
53605,164.9874,77.7702,6.18,0.966,G9III,76.4188,,161.2903,-33.0006,8.8503,157.6299
53606,164.9975,-43.8071,5.81,-0.064,B8/B9V,36.141,,93.5454,-65.2082,17.4756,-64.7552
53616,165.0346,-51.8178,6.15,0.188,A3III/IV,11.272,,61.0874,-36.4812,9.7515,-48.0177
53618,165.0386,-42.2259,4.37,0.116,A3IV,56.3378,,60.1685,-43.0444,11.5027,-40.4365
53622,165.0487,-14.0834,5.86,1.501,K5III,80.2417,,142.6534,-133.6813,35.698,-34.7123
53625,165.0613,45.5263,5.47,1.466,K5III,362.0762,,253.1646,-171.3681,45.7216,180.6511
53635,165.0863,42.9117,6.03,0.584,F9V,6.6313,,44.3459,-31.385,8.359,30.1938
53642,165.1065,51.5021,6.41,1.007,G9III,73.3838,,175.7469,-105.7247,28.1183,137.545
53651,165.1402,3.6175,4.84,1.144,K1III,123.2537,,110.4972,-106.589,28.2811,6.9718
53655,165.1512,-53.1118,6.44,1.28,K3III,34.5462,,122.2494,-70.9303,18.8053,-97.7761
53662,165.17,-31.8394,6.06,0.527,F8V,3.233,,31.3873,-25.7763,6.8248,-16.558
53669,165.1867,6.1014,4.98,0.166,A5III,19.0722,,46.3607,-44.566,11.7859,4.9276
53682,165.2101,39.2121,5.06,0.255,Am,109.85,,115.4734,-86.5058,22.8394,73.0015
53693,165.2391,-15.7927,6.35,1.172,K0III,52.9176,,145.1379,-135.0502,35.5832,-39.5003
53704,165.2737,63.4211,6.38,0.169,A2m,19.5164,,89.3655,-38.6713,10.1642,79.9213
53751,165.457,-2.4846,4.73,1.593,K5III,358.7567,,179.2115,-173.3064,44.9589,-7.7689
53754,165.4602,56.3824,2.34,0.033,A1V,60.3115,Merak,24.4499,-13.1031,3.3984,20.3607
53784,165.5577,-41.1141,6.48,1.474,M4III,447.9195,,448.4305,-327.1718,84.261,-294.8705
53798,165.5824,20.1798,4.42,0.053,A1m,22.4492,,38.8651,-35.3305,9.0829,13.4072
53807,165.6019,-26.8315,6.21,0.307,A9III/IV,8.9867,,56.0852,-48.475,12.4446,-25.3151
53871,165.8106,-0.7523,6.12,0.269,F0V,9.7096,,55.9284,-54.2174,13.7085,-0.7344
53873,165.812,-11.3035,5.51,0.938,G7III...,58.7219,,103.8422,-98.7219,24.9585,-20.3536
53874,165.8169,-31.9608,6.44,1.616,M2/M3III,105.9742,,214.1328,-176.1346,44.5136,-113.349
53882,165.8641,70.0307,6.44,1.28,K0,131.0992,,238.0952,-78.8511,19.8586,223.78
53892,165.9022,-13.4349,6.34,0.86,G8III,69.5024,,165.5629,-156.1821,39.2238,-38.467
53893,165.9025,-0.0008,5.95,1.218,K3III,125.4296,,185.8736,-180.2755,45.2739,-0.0027
53905,165.9323,61.751,1.81,1.061,F7V comp,233.3458,Dubhe,37.679,-17.2988,4.3348,33.1914
53927,166.001,-57.9553,6.16,-0.167,B3III,2112.516,,840.3361,-432.6235,107.8572,-712.298
53980,166.1302,38.2414,6.01,0.165,A3III-IV,21.3599,,78.8644,-60.1349,14.8483,48.8151
53981,166.1301,-47.6791,5.67,0.256,A8III/IV,36.1077,,87.6424,-57.2876,14.1453,-64.8015
54016,166.2258,-35.8047,5.43,0.021,A0V,147.6386,,158.7302,-125.0306,30.6507,-92.861
54024,166.2543,7.336,4.62,0.332,F2III-IVvar,10.3944,,28.9939,-27.933,6.8329,3.7022
54027,166.2672,-49.3923,6.11,-0.019,B9V,70.2102,,149.7006,-94.6512,23.1309,-113.6503
54046,166.333,-27.2936,4.92,0.369,F3IV/V,17.5227,,43.2339,-37.3327,9.078,-19.8249
54056,166.3916,-11.0889,6.09,0.301,F0Vn,11.3763,,59.7015,-56.9421,13.7845,-11.4825
54097,166.4899,-27.2879,5.69,-0.067,B8V,207.9697,,212.3142,-183.4655,44.0805,-97.3378
54106,166.5239,-51.2129,6.28,0.943,G6IV,41.5336,,124.533,-75.8631,18.1796,-97.0709
54131,166.6012,-64.84,6.39,0.114,A3V,43.8531,,134.5895,-55.663,13.2595,-121.8202
54133,166.6147,-50.9567,6.31,1.156,K2II,35.7437,,117.096,-71.756,17.0752,-90.945
54135,166.6221,-58.675,6.07,1.21,K2II/III,516.1786,,398.4064,-201.5077,47.9239,-340.3316
54143,166.6352,-62.4241,4.62,0.988,G8III,184.3317,,122.1001,-54.9922,13.0653,-108.2293
54161,166.6834,17.7374,6.4,1.555,K5,206.2529,,293.2551,-271.8045,64.3348,89.3414
54169,166.708,-70.8779,5.58,-0.07,B2V,325.6867,,252.5253,-80.5066,19.0191,-238.5917
54178,166.7259,1.9555,5.52,0.955,G9IIICN...,21.5576,,63.2111,-61.4864,14.5055,2.157
54201,166.8196,-42.6387,5.15,0.029,Ap SrCrEu,53.6537,,84.1043,-60.2406,14.1076,-56.97
54221,166.8922,-48.64,6.44,1.486,K3III,69.1831,,173.0104,-111.3446,25.9266,-129.8568
54229,166.9154,23.3238,6.48,0.164,A5m,13.366,,77.4593,-69.2828,16.1029,30.6682
54271,167.0657,-29.9725,6.47,0.029,A1V,39.6643,,132.8021,-112.123,25.7502,-66.3458
54302,167.1417,-61.9472,5.11,0.195,B9Ia,78704578.9695,,100000.0,-45849.2209,10465.7849,-88251.4379
54304,167.1475,-58.975,3.93,1.225,G0Ia0,233345806.2281,,100000.0,-50249.8282,11464.9345,-85694.2824
54318,167.1834,-28.0807,5.43,0.069,A1V,18.1468,,55.6483,-47.8744,10.8914,-26.1944
54328,167.2045,24.6585,5.7,0.081,A3IV,91.2011,,141.2429,-125.1754,28.4287,58.9277
54364,167.3295,36.3094,5.71,1.4,M3.5III,62.1155,,117.096,-92.0618,20.6972,69.3378
54378,167.4105,43.2077,5.89,1.564,M2III,108.3428,,168.0672,-119.5549,26.7007,115.0665
54380,167.4159,44.4985,3.0,1.144,K1III,107.845,,44.3066,-30.8433,6.8853,31.0541
54381,167.4161,67.2102,6.07,0.225,F0sp...,40.2161,,111.2347,-42.0519,9.3873,102.5508
54401,167.4725,-32.3675,5.79,0.027,A1V,61.4894,,120.919,-99.7004,22.1533,-64.7338
54513,167.8732,-71.4362,6.34,1.373,K2/K3III,76.7008,,173.913,-54.1315,11.6313,-164.8643
54522,167.9145,-22.8258,4.46,0.025,A1V,155.7399,,104.2753,-93.9792,20.1225,-40.4517
54528,167.9323,14.4002,6.3,0.209,A5V,8.3023,,56.1798,-53.2123,11.3763,13.9715
54543,167.991,-26.8061,6.43,0.924,K0III,44.8745,,138.6963,-121.0825,25.7567,-62.5483
54548,168.0149,-58.4234,6.24,1.495,M4III,163.8325,,242.7184,-124.3262,26.3926,-206.7816
54558,168.0426,-46.2668,6.27,0.155,A1V,21.8978,,90.009,-60.8732,12.8918,-65.0375
54561,168.0455,68.2719,6.4,0.127,A3V,19.7515,,90.7441,-32.8652,6.9585,84.2968
54565,168.0616,-32.4338,6.35,1.683,M2/M3III,199.3425,,281.6901,-232.6074,49.1808,-151.0774
54583,168.1266,-18.4999,6.11,-0.004,A0V,74.131,,153.8462,-142.7746,30.0182,-48.8158
54585,168.1349,35.8141,6.41,0.6,G0V,1.1429,,21.925,-17.3996,3.6556,12.8296
54586,168.1379,-49.101,5.37,0.175,A2III,15.7326,,50.4032,-32.2956,6.7835,-38.098
54588,168.145,-21.7493,6.39,1.381,K3III,87.1766,,189.7533,-172.4863,36.2071,-70.3125
54591,168.1501,-60.3176,4.59,0.541,A6Ia,127057410.5209,,100000.0,-48463.8332,10168.7026,-86878.3883
54607,168.1885,-64.1698,5.22,-0.082,B9V,65.4034,,95.8773,-40.8898,8.5509,-86.2981
54623,168.2364,-49.7361,6.12,1.055,G8II/III,210.4747,,260.4167,-164.7747,34.3141,-198.7176
54651,168.3112,-44.3722,5.77,1.661,K5/M0III,159.0743,,192.6782,-134.8725,27.9033,-134.7431
54668,168.3783,-59.6193,5.74,-0.106,B1.5V,2011.8704,,675.6757,-334.7126,68.8388,-582.8948
54679,168.4142,-53.2318,5.75,1.309,K2III,73.7904,,130.039,-76.2526,15.6328,-104.1695
54681,168.4171,41.0888,6.33,1.15,K2III,33.266,,114.0251,-84.1896,17.2555,74.9405
54688,168.4398,-0.0695,5.4,-0.02,A0V,157.7611,,161.8123,-158.5298,32.4267,-0.1963
54702,168.5076,8.0607,5.79,1.128,K3III,15.4312,,60.5694,-58.7686,11.9484,8.4932
54712,168.5271,20.5237,2.56,0.128,A4V,26.4484,Zosma,17.9147,-16.4424,3.3371,6.2808
54718,168.56,15.4296,3.33,-0.003,A2V,103.8484,Chertan,50.6073,-47.8141,9.6757,13.4643
54768,168.7255,-43.7337,6.22,1.606,K4III,169.1999,,244.4988,-173.2559,34.5397,-169.0239
54789,168.801,23.0955,4.56,1.657,M3III,1130.3163,,294.1176,-265.3931,52.5447,115.372
54840,168.9282,-57.3559,6.42,0.098,A3V,88.4708,,193.7984,-102.5928,20.0756,-163.1855
54853,168.9663,13.3076,5.31,1.189,K3III,91.8756,,118.4834,-113.1705,22.0673,27.2723
54905,169.1161,-45.88,6.3,0.403,F3V,7.1121,,52.0021,-35.5507,6.8357,-37.3314
54921,169.1654,-3.6516,4.45,0.21,A7IVn,46.0893,,56.4653,-55.3462,10.5925,-3.5962
54923,169.1745,49.4763,5.88,1.102,K0III:,73.2487,,137.5516,-87.7854,16.7865,104.558
54943,169.2424,-7.1347,6.11,0.211,A2p...,52.5775,,129.5337,-126.2719,23.9908,-16.0884
54967,169.3001,-38.0144,6.24,0.105,A1V,14.6825,,72.6744,-56.2615,10.6306,-44.7572
54970,169.3097,-41.9343,6.46,0.015,A0V,25.2116,,105.3741,-77.0285,14.5411,-70.4192
54974,169.3225,2.0106,5.18,1.511,M0III comp,76.4892,,101.833,-100.0082,18.8561,3.5727
54977,169.3293,-67.8235,6.06,1.753,M2III,1826.4172,,746.2687,-276.8161,52.1584,-691.0639
55001,169.4119,-34.7373,6.44,0.408,F3V,5.2095,,47.4608,-38.3379,7.1665,-27.0439
55055,169.6197,33.0943,3.49,1.4,K3III SB,524.3243,Alula Borealis,122.399,-100.8643,18.4761,66.8321
55061,169.6427,-79.6687,6.35,0.266,A8IIIm...,9.3843,,61.1247,-10.7835,1.9708,-60.1337
55085,169.729,1.6504,5.9,1.04,K0III:,30.9599,,90.2527,-88.7696,16.0858,2.5994
55102,169.783,38.1856,4.76,0.113,A2V,37.6011,,58.8235,-45.5029,8.2012,36.3653
55116,169.8195,-64.5825,5.99,0.471,F6IV,4.7076,,36.6838,-15.4972,2.783,-33.133
55118,169.8352,-14.7785,3.56,1.112,K0III,106.3653,,56.9476,-54.1994,9.7176,-14.5264
55144,169.9024,-75.1425,6.26,-0.016,B9.5/A0V,70.3396,,160.5136,-40.5208,7.2161,-155.147
55168,169.9617,-72.9583,6.46,0.004,A0V,49.5222,,147.7105,-42.6265,7.5456,-141.2248
55186,170.0173,-71.9943,6.41,0.019,B4V,157.0363,,257.0694,-78.2599,13.775,-244.4797
55248,170.2239,67.1007,6.2,1.018,G8,46.6874,,127.2265,-48.7865,8.4059,117.1998
55260,170.2518,-54.491,3.9,-0.157,B5Vn,288.4032,,109.6491,-62.768,10.7835,-89.2571
55269,170.2841,6.0293,4.05,-0.058,B9.5Vs,95.1481,,67.4764,-66.1407,11.3245,7.0875
55320,170.4555,57.0749,6.43,0.161,A7Vn,15.2475,,80.8407,-43.3321,7.2859,67.8562
55332,170.4878,-77.6084,6.43,0.202,A5III/IV,12.8588,,74.239,-15.7121,2.6328,-72.5095
55363,170.5963,-44.6459,6.1,0.926,G8III,36.6438,,107.6426,-75.5546,12.5129,-75.643
55395,170.7066,43.4827,4.99,0.998,G8II,234.6389,,163.3987,-117.003,19.1461,112.4405
55399,170.7135,64.3305,6.02,0.085,A3V,25.6567,,86.8056,-37.1096,6.0679,78.2386
55416,170.7839,-56.7794,5.82,-0.004,A4:p,222.4334,,233.1002,-126.0588,20.4533,-195.0039
55423,170.8029,-36.1648,5.0,1.464,K4III,912.0108,,323.6246,-257.9109,41.7593,-190.9739
55430,170.8248,0.1321,6.05,1.464,K3,123.9367,,193.4236,-190.9483,30.8421,0.4458
55432,170.8392,-64.9547,5.09,-0.061,B5,122.8005,,123.7624,-51.7246,8.3412,-112.1255
55433,170.8412,-18.78,5.08,0.439,F3IV,14.873,,42.8816,-40.0811,6.4621,-13.8051
55476,170.981,10.5295,4.0,0.423,F2IV SB,12.2574,,23.6742,-22.9878,3.6487,4.3263
55484,171.0097,1.4078,5.39,0.938,G8IIICN...,71.5155,,108.4599,-107.0951,16.9436,2.6646
55491,171.0465,-72.2566,5.55,0.017,B2IV-V,487.9777,,304.878,-91.7808,14.4603,-290.3752
55501,171.0919,-42.6691,6.13,-0.175,B2IV-V,2210.0393,,847.4576,-615.6027,96.4899,-574.3756
55521,171.1525,-10.8593,4.81,1.556,K5III,138.0384,,115.3403,-111.927,17.4223,-21.7299
55539,171.2205,-17.684,4.06,0.216,A9V,13.1826,,25.2398,-23.7654,3.6704,-7.667
55550,171.2455,11.4303,5.8,1.376,K4III,94.2758,,150.3759,-145.6762,22.4333,29.8008
55590,171.3728,-36.0631,5.21,0.979,K0III,50.6757,,84.0336,-67.1616,10.1899,-49.4685
55597,171.3879,-37.7476,5.87,1.503,M3III,73.1139,,136.7989,-106.9494,16.1976,-83.7461
55599,171.4016,16.4565,5.58,0.39,F2V,9.8446,,43.9174,-41.6449,6.297,12.4413
55613,171.4308,-63.9725,5.18,0.495,F7V,5.4651,,27.2183,-11.8101,1.7796,-24.4579
55625,171.4586,3.8601,6.35,0.345,F3IV,7.856,,55.9284,-55.1826,8.2879,3.7651
55631,171.4881,55.8505,5.73,0.988,K0III,39.3369,,94.0734,-52.2269,7.8164,77.8528
55655,171.6065,33.4506,6.33,0.454,F6IV,8.2718,,56.8505,-46.9258,6.9239,31.337
55664,171.6476,-61.1152,5.22,-0.077,B3IV,1245.0879,,418.41,-199.9695,29.3592,-366.3566
55679,171.6888,3.0131,6.49,0.778,K0IV,0.6957,,17.7462,-17.5355,2.5616,0.9328
55682,171.697,-53.1599,5.8,0.517,K0III+...,146.6898,,187.6173,-111.3131,16.2448,-150.1524
55707,171.7897,-12.3567,5.93,0.49,F4III-IV,18.1635,,70.0771,-67.7521,9.7757,-14.9964
55774,171.9738,-1.6999,6.23,1.037,K2III:,72.778,,161.0306,-159.383,22.4742,-4.777
55779,171.9843,2.8563,4.95,1.0,G8II-III,271.144,,172.4138,-170.5172,24.0122,8.5915
55786,171.9945,-35.3288,6.44,1.614,K4/K5III,297.0298,,358.4229,-289.5683,40.7248,-207.2647
55812,172.0769,-72.474,6.09,0.101,B3V,184.5015,,240.3846,-71.6981,9.9784,-229.226
55833,172.1462,-42.6742,5.14,-0.028,B9V,352.5332,,214.5923,-156.2926,21.559,-145.4568
55867,172.2672,39.337,5.3,0.019,A2V,28.1061,,65.2316,-49.9934,6.7885,41.349
55868,172.2693,61.7784,5.83,0.382,F5Vawvar,4.4957,,33.3,-15.6039,2.1182,29.3415
55883,172.3131,-63.5539,6.45,0.32,B2Ia,22908676.5277,,100000.0,-44135.3081,5957.0644,-89535.4006
55911,172.4109,-24.464,5.77,0.067,A0V,79.9466,,136.612,-123.258,16.4222,-56.574
55913,172.4244,15.4133,5.74,1.371,K4III,79.3597,,134.2282,-128.2711,17.0595,35.6751
55916,172.4317,56.7376,6.29,0.157,A4m,11.9895,,67.2043,-36.5387,4.8547,56.194
55959,172.5787,-3.0035,4.77,1.529,K4III,369.1476,,185.1852,-183.3817,23.8864,-9.7031
55968,172.6034,46.6575,6.3,1.265,K2IIICN-1,179.3081,,261.0966,-177.7144,23.0702,189.8862
55979,172.621,18.4098,5.54,1.056,K0III,49.3401,,96.5251,-90.8267,11.7625,30.4837
55981,172.6298,43.1732,5.94,0.524,F4V,10.452,,53.4188,-38.6358,4.9975,36.5495
56003,172.7209,47.9289,6.4,0.879,G9IV,23.6157,,99.2063,-65.9377,8.4224,73.6422
56034,172.8127,-61.2785,6.28,0.473,A3Iae,26791683.2482,,100000.0,-47677.7214,6012.3562,-87696.559
56044,172.8511,69.3311,3.82,1.613,M0IIIvar,269.4015,Giausar,102.145,-35.7736,4.4868,95.5705
56075,172.9373,14.3645,6.27,0.57,G0V,1.471,,23.3263,-22.4256,2.7784,5.787
56076,172.942,-59.4421,5.07,1.026,G0Ia,81658237.1359,,100000.0,-50455.6776,6247.0663,-86111.5484
56078,172.9482,-20.7765,6.24,0.537,F7V,4.1191,,38.4911,-35.7158,4.4182,-13.6537
56083,172.9533,-59.5156,5.12,0.432,A3Ia,77983011.0523,,100000.0,-50347.1156,6223.4675,-86176.7742
56086,172.9625,81.1273,6.12,0.264,A2m,10.8843,,59.2066,-9.0632,1.1189,58.4981
56113,173.0684,-29.261,4.93,0.54,F8V,6.421,,26.295,-22.7721,2.7685,-12.8527
56119,173.0833,-66.9618,5.89,1.136,K1IIICN...,33.8844,,93.985,-36.5128,4.4293,-86.4892
56121,173.0865,61.0825,5.46,0.515,F6V,4.4668,,27.9877,-13.435,1.629,24.4981
56124,173.097,-26.7468,6.15,1.67,M2III,146.5548,,220.2643,-195.2711,23.6407,-99.1296
56149,173.1981,-7.8275,5.94,1.38,K4III,79.726,,147.4926,-145.0899,17.3059,-20.0872
56150,173.2004,-40.4362,5.64,1.578,M1III,141.6446,,171.2329,-129.4136,15.4307,-111.0618
56163,173.2255,-31.0872,5.13,1.581,M1/M2III,109.7489,,119.1895,-101.3591,12.0405,-61.5426
56174,173.2506,-31.8576,3.54,0.947,G8III,52.7716,,39.7456,-33.5245,3.9675,-20.9781
56195,173.3118,-16.2804,6.05,0.59,F8/G0Ib/II,51.3334,,124.533,-118.7259,13.9224,-34.9113
56219,173.4014,2.499,6.49,1.601,K5,312.1764,,375.9398,-373.0943,43.159,16.3919
56222,173.4051,-40.5866,5.39,0.117,A2IV/V,84.9572,,118.2033,-89.1723,10.3096,-76.9027
56241,173.4846,36.8156,6.38,1.057,K0III,47.3805,,139.2758,-110.7796,12.6519,83.4599
56276,173.5915,3.0602,5.76,0.48,F5V,3.2063,,27.2257,-27.017,3.0345,1.4534
56283,173.6232,-32.8313,5.96,0.811,K0V,0.3287,,9.5593,-7.9827,0.8921,-5.1827
56304,173.677,16.7969,5.95,-0.156,B4V,1226.8741,,581.3953,-553.2043,61.2986,168.0118
56311,173.6903,-54.2641,4.62,-0.077,B9V,211.2516,,130.719,-75.884,8.3906,-106.1069
56328,173.7371,-49.1365,5.5,1.041,K1III/IV,19.0195,,58.8235,-38.2561,4.1984,-44.4865
56331,173.7454,-4.3613,6.43,1.167,K0,71.3181,,174.8252,-173.2814,18.9914,-13.2947
56339,173.7657,20.4415,6.45,1.01,G9III,34.2295,Formosa,122.2494,-113.8738,12.4397,42.6958
56341,173.7704,54.7854,5.63,1.032,K0III,88.308,,134.5895,-77.1514,8.4216,109.9594
56349,173.8055,-47.3726,5.64,1.682,M3III,236.3742,,221.2389,-148.9544,16.1673,-162.7816
56381,173.9264,-61.2879,6.23,0.131,A0Ib,28054336.3795,,100000.0,-47771.2563,5083.0044,-87704.4477
56392,173.9454,-63.0198,3.11,-0.044,B9II:,822.6214,,128.7001,-58.0632,6.1586,-114.6929
56404,173.9816,-47.6416,5.26,0.257,A7m,26.1818,,61.8047,-41.4124,4.3661,-45.6703
56414,174.0112,69.323,5.19,0.974,K0III,38.7972,,72.8332,-25.577,2.6832,68.1417
56432,174.0748,27.7814,5.8,0.248,F0V,21.3599,,71.582,-62.9926,6.5376,33.3643
56437,174.0932,-61.0524,5.84,-0.102,B2.5IV,994.489,,497.5124,-239.522,24.7808,-435.3547
56451,174.1456,-33.5701,5.71,1.02,K0III,56.3897,,111.6071,-92.5072,9.4853,-61.7138
56463,174.1697,-37.2372,6.3,0.062,A1V,42.1502,,126.5823,-100.2556,10.2372,-76.597
56464,174.1705,-9.8022,4.7,-0.073,B9.5Vn,84.879,,85.9845,-84.2911,8.6059,-14.6387
56478,174.2372,-0.8237,4.3,0.983,G9III,51.3807,,55.6483,-55.3613,5.5871,-0.8
56487,174.2528,-61.2834,5.14,1.105,K1III,39.3369,,71.6846,-34.2697,3.4491,-62.8679
56488,174.2551,-32.9882,6.32,0.439,F5V,13.0617,,71.1238,-59.3578,5.9717,-38.7245
56506,174.3161,-75.8965,5.64,0.362,F1III,8.3253,,41.511,-10.0654,1.0018,-40.2597
56532,174.3917,-47.7473,5.46,1.23,K2III,66.9268,,108.3424,-72.5009,7.1194,-80.1936
56547,174.4263,77.5957,6.49,1.61,K5,211.6411,,309.5975,-66.1898,6.4593,302.3703
56558,174.4519,-67.6204,5.94,1.013,K0III,43.0923,,108.4599,-41.1017,3.9925,-100.2909
56562,174.4709,50.6182,6.14,1.068,K0p...,50.7224,,129.0323,-81.4881,7.8882,99.7336
56585,174.5306,-61.8266,5.15,-0.04,B9IV,57.9696,,87.4126,-41.0833,3.9338,-77.0562
56587,174.541,8.8838,6.18,1.081,K1III,39.0841,,115.3403,-113.4398,10.8412,17.8121
56600,174.5849,-63.3727,6.46,0.043,O8var,22698648.5188,,100000.0,-44618.4131,4229.5736,-89394.1157
56601,174.5858,43.6254,5.56,0.348,F2II-III,11.2409,,46.49,-33.5024,3.1753,32.0754
56606,174.6003,-2.4359,6.22,1.119,G9III,38.5478,,116.6861,-116.0633,10.9706,-4.9594
56610,174.615,8.1343,5.24,1.499,M4III,162.181,,152.439,-150.2393,14.162,21.5692
56615,174.6347,33.6258,6.29,1.325,K2III,163.3804,,248.139,-205.7131,19.32,137.4112
56620,174.6397,46.8342,6.09,0.401,F5IIIs,31.4196,,99.2063,-67.5714,6.3402,72.3588
56633,174.6667,-13.2019,5.48,0.52,F7V,3.9994,,26.7308,-25.9117,2.4189,-6.1049
56639,174.6877,45.1084,6.29,0.566,G0V,1.4348,,23.2504,-16.3389,1.5193,16.4716
56646,174.7047,64.347,6.49,0.154,A5IV,98.2653,,210.9705,-90.9436,8.4291,190.1756
56660,174.7518,-24.7211,6.4,0.821,G6/G8V,9.5499,,63.0915,-57.0692,5.2421,-26.385
56693,174.8734,-65.3978,5.01,0.804,G2III + A,204.1738,,153.8462,-63.7925,5.7232,-139.88
56730,174.9597,-16.6202,6.17,1.579,M3II/III,131.9471,,210.9705,-201.3748,17.7606,-60.3432
56732,174.963,-14.4685,6.21,-0.007,A0V,83.253,,170.6485,-164.5983,14.5076,-42.6362
56753,175.0533,-34.7447,4.7,-0.07,B9V,217.1701,,137.5516,-112.6052,9.7461,-78.3934
56774,175.1143,57.9704,6.35,-0.092,B9p...,61.1505,,156.0062,-82.4384,7.0467,132.258
56791,175.1542,-62.5681,6.32,0.029,O9.5Ib,25822601.9063,,100000.0,-45904.7295,3891.6916,-88755.9043
56800,175.177,-53.9686,5.95,1.67,M1III,443.813,,349.6503,-204.946,17.2926,-282.7604
56805,175.1961,21.3527,5.26,0.984,K1III,46.9894,,82.7815,-76.8283,6.4567,30.1414
56816,175.2235,-62.0901,4.93,1.111,G3Ib,689.922,,272.4796,-127.1,10.6203,-240.7861
56826,175.2565,-83.0999,6.32,1.08,K0III,31.5355,,110.4972,-13.2294,1.0978,-109.6969
56828,175.2626,34.2016,5.31,0.723,G8Vvar,0.6048,,9.6117,-7.9223,0.6565,5.4028
56831,175.2851,-29.1963,6.44,0.651,G2III/IV,4.3251,,43.2526,-37.6298,3.1036,-21.0987
56843,175.3325,-43.0957,5.54,0.044,A0V,22.7196,,65.4879,-47.6616,3.8912,-44.7425
56859,175.3929,31.7461,5.73,0.44,F4V,7.5301,,41.1523,-34.8824,2.8109,21.6525
56874,175.4313,55.172,6.28,1.491,K5,191.602,,267.3797,-152.2192,12.1637,219.4841
56876,175.4331,-32.4994,5.2,1.475,K5III,110.9686,,123.7624,-104.0494,8.3111,-66.4964
56908,175.5147,-20.2942,6.21,0.949,G8IV,17.4904,,78.2473,-73.1653,5.7393,-27.1393
56921,175.5619,-75.2273,6.48,0.528,G1V,2.64,,34.4116,-8.7481,0.679,-33.2741
56940,175.6183,66.7449,5.32,1.267,K3III,220.8005,,184.5018,-72.6331,5.5654,169.5122
56966,175.7275,-79.3064,6.38,0.894,K0III/IV,7.3047,,54.6747,-10.1171,0.7558,-53.7252
56993,175.8633,-37.1902,5.98,1.449,K3III,239.4418,,260.4167,-206.9163,14.9652,-157.4121
57003,175.88,-62.4894,5.0,0.784,F9Ia,87096358.9956,,100000.0,-46071.9066,3318.6567,-88692.536
57039,175.9701,-62.8783,6.1,0.063,A2III/IV,62.9216,,141.0437,-64.1404,4.5187,-125.5345
57042,175.9797,-6.6772,6.05,0.96,G8III:,50.5825,,123.6094,-122.4689,8.6075,-14.3727
57068,176.0549,25.2183,6.02,1.533,K5III,2110.5712,,787.4016,-710.667,49.0111,335.4872
57111,176.1907,-18.3507,4.71,0.958,G8III,133.2907,,108.2251,-102.4946,6.8243,-34.0727
57150,176.3027,-49.0698,6.26,1.174,K1III,39.3369,,120.048,-78.4844,5.0717,-90.6973
57156,176.321,8.2581,4.84,0.174,A4V,14.1254,,37.4111,-36.9469,2.3757,5.3735
57190,176.4021,-66.7288,3.63,0.16,A7III,46.7735,,38.9864,-15.3726,0.9666,-35.8147
57198,176.4332,-45.6901,5.28,-0.118,B6III,301.9952,,211.8644,-147.7088,9.207,-151.6043
57208,176.4648,6.5294,4.04,1.501,M0III,171.0803,,90.0901,-89.3354,5.519,10.2444
57226,176.5127,47.7794,3.69,1.181,K0III,92.2996,Taiyangshou,56.3063,-37.767,2.3015,41.6984
57266,176.6285,-61.1784,4.11,0.895,G0II,282.098,,119.4743,-57.497,3.3873,-104.6744
57270,176.6306,-40.5004,4.89,0.664,G3/G5V,0.8196,,9.2208,-6.9994,0.4121,-5.9885
57304,176.7317,55.6282,5.27,1.276,K3III,29.6756,,66.0939,-37.2533,2.1273,54.5533
57324,176.7793,-35.9069,6.16,0.952,G8III,53.4564,,133.6898,-108.1139,6.0836,-78.405
57334,176.816,-30.2865,6.48,0.681,G5V,0.6805,,17.4734,-15.0652,0.8381,-8.8123
57339,176.8298,-57.6965,5.42,1.664,K5III,274.6629,,215.5172,-114.997,6.3693,-182.1614
57389,176.9788,8.2459,5.31,0.038,A1,22.9298,,59.1716,-58.4785,3.0865,8.4865
57392,176.9964,20.2189,4.5,0.547,A comp SB,70.2102,,71.3267,-66.8395,3.5071,24.6511
57408,177.0604,-66.8149,4.75,1.522,K4III,190.3707,,131.7523,-51.803,2.6601,-121.1117
57414,177.0979,-10.3131,6.24,0.585,F7V,5.1523,,43.0478,-42.298,2.1443,-7.7067
57433,177.1613,14.2842,5.9,0.303,F0V,13.5644,,59.7372,-57.8193,2.867,14.7391
57440,177.1879,-26.7498,5.1,1.594,M4III,222.024,,167.2241,-149.1481,7.3262,-75.2667
57456,177.2553,-0.3187,6.15,0.518,F7V,3.7188,,35.0877,-35.0469,1.6801,-0.1952
57459,177.2649,14.5721,2.14,0.09,A3Vvar,14.6825,Denebola,10.9999,-10.6339,0.508,2.7675
57473,177.3116,16.2429,6.05,0.278,A3m,13.1341,,62.9723,-60.3922,2.8358,17.614
57496,177.4212,-63.7885,4.3,-0.149,B3V,552.5862,,182.4818,-80.5181,3.6265,-163.7171
57497,177.4239,34.9318,5.73,0.467,F5IV,21.4388,,69.4444,-56.8754,2.559,39.7639
57523,177.4859,-70.2258,4.98,1.36,G5Ib,749.5489,,290.6977,-98.2525,4.314,-273.5562
57559,177.5817,-15.8637,6.13,0.947,G8II/III,96.0285,,176.6784,-169.7982,7.171,-48.2949
57568,177.6137,-62.6494,5.68,0.233,A3Iab,46558609.3523,,100000.0,-45903.6014,1912.9638,-88821.1684
57576,177.6549,-27.2779,6.48,0.98,G8III,53.2108,,154.5595,-137.2565,5.6209,-70.8358
57584,177.6738,1.7647,3.59,0.518,F8V,3.8124,Zavijava,10.929,-10.9148,0.4434,0.3366
57606,177.7306,12.279,6.37,0.294,A5m,6.5645,,51.5996,-50.3796,1.9965,10.9738
57618,177.7593,-5.3333,5.62,1.058,K0IV,41.115,,91.4077,-90.9424,3.5584,-8.4963
57630,177.7863,-45.1735,4.47,1.283,K4III,250.2649,,132.8021,-93.5507,3.6163,-94.1891
57632,177.7896,33.375,6.25,0.345,Am,11.8141,,65.4879,-54.6475,2.1092,36.026
57646,177.8413,-12.1878,6.34,0.41,F1III-IV,5.1475,,45.0653,-44.0183,1.6593,-9.514
57668,177.9234,-30.8348,5.85,0.554,F8V,3.869,,31.1721,-26.7483,0.9699,-15.9777
57678,177.9636,-65.2059,4.89,-0.123,B4V,119.0145,,111.1111,-46.5659,1.6558,-100.869
57698,178.0431,-56.9877,5.56,0.069,B4III,55.0554,,102.8807,-56.0186,1.9141,-86.271
57763,178.2272,-33.9081,4.29,-0.1,Ap Si,151.0776,,94.9668,-78.7784,2.4383,-52.9784
57767,178.2423,37.7187,6.42,0.754,G8Vp,0.1946,Groombridge 1830,9.0917,-7.1884,0.2206,5.5622
57798,178.3617,-35.0666,6.17,0.089,A2V,16.293,,74.129,-60.6486,1.7346,-42.5893
57828,178.4575,53.6948,2.41,0.044,A0V SB,61.546,Phecda,25.5037,-15.0949,0.4065,20.5528
57829,178.4595,0.5521,6.31,0.207,F0V,53.5057,,143.2665,-143.2081,3.8514,1.3805
57868,178.5479,-57.4102,6.05,0.05,A0/A1III,744.0464,,473.9336,-255.1885,6.4687,-399.3119
57884,178.6078,-37.7489,6.46,0.528,F7V,5.813,,50.6073,-40.0034,0.9722,-30.9819
57909,178.6772,-25.7139,5.26,0.883,G8III,52.723,,87.7193,-79.0116,1.8244,-38.0594
57912,178.6859,-66.3762,6.38,0.406,F2IV,4.6302,,43.535,-17.4412,0.4001,-39.8866
57930,178.7501,-63.2792,5.89,0.21,A3Ib,38370724.5492,,100000.0,-44953.6611,980.8296,-89320.8057
57937,178.7631,8.4439,5.58,0.937,K0III:,14.1124,,52.5762,-51.9942,1.1227,7.7204
57946,178.8086,36.7564,6.47,1.581,M3III,116.7347,,227.7904,-182.4633,3.7946,136.3129
57984,178.9172,-28.4771,5.93,1.499,K4III,104.1358,,167.7852,-147.4582,2.787,-80.0012
57986,178.9189,15.6468,5.53,0.116,A3V,123.1402,,151.7451,-146.0958,2.757,40.9267
58003,178.9782,-39.6895,6.13,1.01,K0III,48.9328,,126.1034,-97.0232,1.7305,-80.533
58007,178.9934,56.5986,5.83,1.101,K1III,36.509,,94.8767,-52.2217,0.9176,79.2063
58014,179.004,-17.1508,5.17,-0.022,A0V,44.2588,,77.101,-73.6613,1.2806,-22.7362
58067,179.1831,-47.0724,6.26,0.407,F3IV-V,6.421,,48.4966,-33.0264,0.4709,-35.5099
58084,179.2219,61.5492,6.22,0.955,G8III,89.043,,177.305,-84.461,1.1471,155.8913
58097,179.2656,-33.3155,6.2,-0.044,B9.5V,41.9566,,120.6273,-100.795,1.292,-66.2543
58151,179.4168,-62.4487,5.59,-0.152,B3V,177.3373,,187.2659,-86.6138,0.8817,-166.0295
58194,179.5299,32.2739,6.42,0.331,A9V,5.2095,,47.0367,-39.7684,0.3263,25.1161
58204,179.5635,-56.3173,5.44,-0.062,B8III,317.1027,,233.6449,-129.5741,0.9872,-194.421
58252,179.6986,-64.3396,5.59,0.174,A3Ib,50582466.2003,,100000.0,-43303.0839,227.7908,-90137.6227
58261,179.7266,-25.9089,6.42,0.038,A1IV/V,245.0191,,322.5806,-290.1548,1.3847,-140.9486
58270,179.7639,0.5307,6.18,1.257,K2IV,133.5365,,213.2196,-213.2086,0.8786,1.9748
58275,179.789,-10.4759,6.49,1.45,K2,160.3984,,269.5418,-265.0471,0.9759,-49.0086
58277,179.7945,-45.8322,6.36,-0.081,B8/B9V,36.9148,,121.8027,-84.8669,0.3043,-87.3694
58278,179.7953,-51.6968,6.04,1.277,K1/K2II,330.5217,,314.4654,-194.9118,0.6964,-246.774
58285,179.8231,33.167,5.95,1.153,K1III,187.5858,,227.2727,-190.2444,0.5875,124.3366
58294,179.8568,-62.8309,6.34,0.317,A9Ib-II,25351286.305,,100000.0,-45661.602,114.1507,-88966.3142
58309,179.9069,-78.2218,4.88,-0.054,B9Vn,119.5639,,110.8647,-22.63,0.0368,-108.5305
58334,179.9871,3.6552,5.36,-0.001,A1V,54.8025,,93.633,-93.4425,0.021,5.9693
58337,179.9891,34.0347,6.49,0.243,A9III,31.5937,,119.6172,-99.1266,0.0189,66.9492
58370,180.0784,80.8532,6.21,1.61,M2III,224.2849,,280.112,-44.5279,-0.0609,276.5502
58399,180.1759,-21.8375,6.28,1.22,K2III,83.0233,,176.0563,-163.4222,-0.5018,-65.4886
58401,180.1852,-10.446,5.54,0.76,K0IV,0.863,,12.7632,-12.5516,-0.0406,-2.3141
58412,180.2132,-19.659,5.28,-0.192,B2IV,6344.538,,970.8738,-914.2768,-3.4015,-326.6225
58415,180.2183,6.6143,4.65,0.122,A5V,166.7247,,117.7856,-117.0008,-0.4458,13.5672
58428,180.2572,-1.7682,6.32,1.204,G8III:,64.4466,,157.9779,-157.9011,-0.7089,-4.8745
58467,180.3718,-57.5038,6.16,-0.004,A1V,31.3617,,102.3541,-54.988,-0.3568,-86.3282
58479,180.4145,36.0421,5.59,1.019,K0III,53.4072,,102.7749,-83.1001,-0.6012,60.4706
58509,180.5286,43.0456,5.22,0.283,A7m,8.356,,34.27,-25.0438,-0.231,23.392
58522,180.586,-85.6318,6.05,1.29,K3III,42.8549,,113.7656,-8.6647,-0.0886,-113.4351
58531,180.619,-71.489,6.41,1.163,K1III,41.9179,,132.8021,-42.1605,-0.4555,-125.9313
58545,180.6572,-69.1923,5.89,-0.08,B9V,42.8943,,105.7082,-37.5485,-0.4307,-98.8137
58566,180.7153,-7.6836,6.24,1.492,K5,139.0593,,223.7136,-221.6877,-2.7676,-29.9112
58583,180.7567,-63.3129,4.32,0.28,Am,84.5668,,72.0461,-32.3543,-0.4273,-64.3712
58628,180.9146,-42.4341,5.15,0.417,F6V,4.8663,,25.3229,-18.6873,-0.2983,-17.0864
58634,180.9352,5.5578,6.39,0.476,F5,11.9015,,70.1262,-69.7872,-1.1392,6.7917
58635,180.9355,-74.2141,6.44,1.198,G6III,276.9491,,346.0208,-94.1202,-1.5369,-332.9706
58683,181.0692,21.4592,5.89,0.248,F0IV-V,39.1562,,101.0101,-93.9916,-1.7541,36.9533
58684,181.0696,-51.4725,6.48,-0.046,B9V,30.8461,,117.6471,-73.2684,-1.368,-92.0364
58693,181.0801,-63.1657,4.72,-0.081,B2IV,772.6806,,261.7801,-118.1496,-2.2276,-233.5905
58699,181.1187,85.5871,6.27,0.56,F6V,14.2955,,72.7273,-5.5948,-0.1093,72.5117
58709,181.1622,-68.3289,5.34,-0.012,A0V,72.2437,,106.4963,-39.3186,-0.7976,-98.969
58726,181.1886,-59.2533,6.3,-0.034,B9Vn,29.703,,106.2699,-54.3181,-1.127,-91.3322
58730,181.1942,-76.5191,5.04,1.491,K4III,179.4734,,146.1988,-34.0747,-0.7103,-142.1707
58746,181.2385,-60.9683,5.95,1.691,M2III,159.5144,,209.6436,-101.7151,-2.1989,-183.3021
58773,181.3023,8.733,4.12,0.967,G8III,49.0682,,50.0501,-49.4571,-1.1243,7.5991
58777,181.3118,76.9057,5.78,1.029,G9III,40.0313,Tonatiuh,97.0874,-21.9898,-0.5035,94.563
58814,181.4156,62.9331,6.14,1.178,K2III,42.3838,,117.9245,-53.6428,-1.3256,105.0089
58827,181.4734,-65.5469,6.3,0.152,B8Ia-Iab,26302679.919,,100000.0,-41381.171,-1064.4049,-91030.0265
58832,181.4861,-35.6939,6.23,-0.073,B7V,151.7749,,232.5581,-188.8075,-4.8983,-135.6872
58835,181.4992,-3.1316,6.37,0.997,G8III:,78.343,,178.2531,-177.926,-4.6567,-9.7379
58844,181.5217,-32.9612,6.49,0.623,G0V,5.8884,,51.6529,-43.3235,-1.1509,-28.1029
58869,181.583,-68.6514,6.23,1.237,G3Ib,28054336.3795,,100000.0,-36390.2366,-1005.6912,-93138.2804
58873,181.5961,-65.7095,5.95,0.613,G8/K0III,57.597,,125.9446,-51.789,-1.443,-114.7949
58895,181.7203,-64.6137,4.14,0.353,F2III,7.5024,,19.755,-8.4655,-0.2543,-17.8474
58973,181.9585,-75.367,5.17,1.278,K2II/III,126.2409,,130.2083,-32.8748,-1.1242,-125.9849
58994,182.0218,-50.6613,4.46,-0.163,B2IIIne,258.7021,,134.4086,-85.1491,-3.0059,-103.9532
59005,182.0613,-48.6925,5.34,-0.01,A1V,215.1791,,183.8235,-121.2634,-4.3646,-138.0841
59016,182.0897,-50.7224,2.58,-0.128,B2IVne,1309.785,,127.2265,-80.4907,-2.9369,-98.4845
59019,182.1031,-60.8471,6.22,1.733,K3/K4II,2104.7475,,862.069,-419.6667,-15.4109,-752.8647
59020,182.1034,-24.7289,4.02,0.334,F0IV/V,4.7907,Alchiba,14.9365,-13.5576,-0.4979,-6.2483
59049,182.2242,-44.326,5.75,0.24,A3III,47.3805,,104.1667,-74.4622,-2.8921,-72.7854
59052,182.2275,-41.2316,5.51,-0.097,B3IV,1295.3884,,487.8049,-366.5772,-14.2584,-321.5144
59104,182.4221,1.8979,5.95,1.12,K3III,19.3731,,73.046,-72.9407,-3.0853,2.4192
59110,182.4462,74.6614,6.34,0.511,F6IV,13.8931,,74.0192,-19.562,-0.8357,71.3826
59125,182.5106,-34.7047,6.16,0.03,A0V,29.2146,,98.8142,-81.1569,-3.5585,-56.2596
59127,182.5142,5.807,5.72,0.352,Am,8.7096,,44.0529,-43.7846,-1.9226,4.4572
59134,182.5312,-22.6198,3.02,1.326,K2III,512.3892,,97.4659,-89.8808,-3.9733,-37.4867
59170,182.6318,16.8093,6.4,0.07,A4V,120.5591,,224.2152,-214.4087,-9.8555,64.8401
59171,182.6409,-37.8703,6.07,0.19,A5V,17.0137,,72.3589,-57.0596,-2.6318,-44.4194
59182,182.6921,27.2815,6.01,0.123,A4Vn,27.2396,,89.0472,-79.0547,-3.7172,40.8159
59202,182.7503,81.7098,6.0,1.618,K5III:,393.0067,,336.7003,-48.4917,-2.3295,333.182
59207,182.7551,-68.261,6.48,1.352,K0/K1III,160.9904,,268.8172,-99.4493,-4.7857,-249.699
59212,182.766,-23.6024,5.45,0.055,A1V,19.9159,,58.8235,-53.8399,-2.6012,-23.5522
59213,182.7716,-61.2774,6.08,0.398,F0III,29.2685,,95.3289,-45.7585,-2.2152,-83.5993
59257,182.8815,-51.3593,6.23,0.816,G6III+...,7.7553,,52.5762,-32.7889,-1.6504,-41.0661
59267,182.913,-52.3685,3.97,-0.156,B3V,303.3891,,116.144,-70.8237,-3.6039,-91.9807
59276,182.9371,57.0544,6.34,1.505,K5III,187.2406,,271.7391,-147.5891,-7.5723,228.04
59286,182.9632,25.8703,5.66,1.401,K4III,350.2676,,271.7391,-244.1796,-12.6399,118.5693
59307,183.0042,28.5363,6.47,0.428,F5V,11.4078,,71.2251,-62.4863,-3.2794,34.0253
59319,183.0387,20.5421,5.6,0.961,K0II-III,85.1922,,130.3781,-121.9163,-6.472,45.749
59322,183.0497,77.6162,5.14,0.358,A5m,8.5271,,33.3778,-7.148,-0.3808,32.6012
59335,183.0916,-62.9508,5.91,0.253,B9Ia,37670379.8984,,100000.0,-45409.4008,-2452.6005,-89061.6139
59369,183.1959,-70.1518,6.05,1.78,F6Ib,836.373,,502.5126,-170.3525,-9.5121,-472.661
59406,183.3039,-34.1253,6.34,1.449,M4/M5Ib/II:,325.6867,,358.4229,-296.214,-17.1001,-201.0767
59425,183.3543,-38.9292,5.77,-0.144,B4III,817.3348,,436.6812,-339.1224,-19.8764,-274.3928
59426,183.3581,10.2623,5.85,0.262,A2m,10.0184,,50.1756,-49.2881,-2.8921,8.9391
59440,183.4033,-33.7929,6.34,0.071,A0V,41.7638,,128.3697,-106.4939,-6.3332,-71.3983
59465,183.4853,-78.5739,6.34,1.234,K2/K3IIICN.,31.798,,111.9821,-22.143,-1.3486,-109.7627
59472,183.5113,-45.7239,5.31,1.4,K3III,200.8168,,175.1313,-122.0325,-7.4879,-125.3912
59496,183.5705,-64.4085,6.2,0.075,B1.5Ia,28840315.0313,,100000.0,-43111.3186,-2690.0805,-90189.6761
59526,183.6809,53.4346,6.18,1.061,K0III:,63.7382,,147.2754,-87.5568,-5.6327,118.2883
59546,183.7483,-20.8442,5.82,1.052,K0IIICN...,28.0802,,82.85,-77.262,-5.0617,-29.4804
59564,183.7855,70.2,5.72,1.179,K2III,91.622,,142.8571,-48.2855,-3.1948,134.4115
59565,183.7864,-58.7489,2.79,-0.193,B2IV,746.7926,Imai,105.8201,-54.7785,-3.6253,-90.4658
59568,183.794,-10.3124,6.11,0.47,F5V,1.566,,22.3514,-21.9421,-1.4551,-4.0012
59584,183.8361,87.7001,6.27,0.346,F2V,5.9594,,46.9484,-1.8798,-0.126,46.9106
59592,183.8563,57.0326,3.32,0.077,A3Vvar,24.9345,Megrez,24.6853,-13.4024,-0.9034,20.7105
59603,183.8772,-41.9133,6.24,1.002,K0III,42.1502,,123.1527,-91.4352,-6.1968,-82.2666
59614,183.9229,72.5512,6.29,1.145,K0III +K0III,57.7564,,147.4926,-44.1225,-3.0257,140.7058
59621,183.9516,-17.5419,2.58,-0.107,B8III,179.4734,Gienah,47.1032,-44.806,-3.0951,-14.1971
59637,184.0008,14.8991,5.09,0.068,A3V,29.7303,,60.9013,-58.7104,-4.1062,15.6588
59649,184.0314,40.6602,5.69,1.586,M1III,257.7508,,236.4066,-178.8913,-12.608,154.0358
59665,184.0856,23.9454,4.93,0.957,K0III,54.3,,76.4526,-69.695,-4.9782,31.0295
59669,184.0994,-72.6145,6.21,-0.006,A0V,38.8329,,116.5501,-34.736,-2.4895,-111.2256
59674,184.1256,33.0615,4.99,1.14,K1III,82.718,,96.9932,-81.0779,-5.8482,52.9136
59698,184.2061,86.4358,6.33,0.437,F4V,3.9958,,39.5257,-2.4506,-0.1802,39.4492
59712,184.2639,-16.6937,6.05,0.113,A2V,60.3115,,134.9528,-128.9073,-9.6109,-38.766
59715,184.2764,-65.693,6.06,0.021,A0V,30.2273,,95.9693,-39.3935,-2.9457,-87.4619
59737,184.3733,53.1913,5.8,1.33,K6III,46.6015,,105.7082,-63.1501,-4.8295,84.6343
59740,184.3774,28.9372,5.71,0.16,A4m,13.6773,,54.9451,-47.945,-3.6701,26.5852
59746,184.3938,-67.9607,4.06,1.603,M5III,176.8479,,92.4214,-34.5785,-2.6569,-85.6679
59758,184.4344,15.1447,6.36,1.384,K4III,76.6302,,175.4386,-168.8385,-13.0934,45.8347
59767,184.447,-36.094,6.15,0.008,A0V,68.1083,,150.1502,-120.9639,-9.4074,-88.4552
59816,184.5872,-79.3122,4.24,-0.123,B5Vn,146.825,,91.4913,-16.9133,-1.357,-89.9041
59826,184.6095,-64.0031,4.06,-0.168,B2.5V,248.8857,,109.6491,-47.9063,-3.8624,-98.5545
59834,184.6317,30.249,6.23,0.31,A9.5III,9.8901,,59.3824,-51.1296,-4.1423,29.9145
59846,184.668,-0.7872,5.9,0.168,A5Vn,49.8884,,114.5475,-114.1568,-9.3212,-1.5737
59860,184.7085,75.1606,5.47,0.054,A1V,54.1003,,97.8474,-24.9752,-2.0571,94.5839
59875,184.7491,-55.143,5.01,1.6,M1III,198.0615,,151.5152,-86.2982,-7.1695,-124.3305
59882,184.7584,26.0083,6.44,0.18,Am,16.9824,,85.6898,-76.7466,-6.3885,37.5752
59903,184.83,23.0347,6.26,0.177,A8m,20.0447,,85.6898,-78.5776,-6.6397,33.5294
59914,184.8731,28.1569,6.38,0.523,F8Vs,7.251,,54.4662,-47.847,-4.0793,25.7019
59938,184.953,48.9841,5.28,1.623,M0III,219.9885,,180.8318,-118.2309,-10.2461,136.4427
59945,184.9765,-0.6668,3.89,0.026,A2IV,160.2507,Zaniah,81.367,-81.0548,-7.0579,-0.9469
59973,185.0449,-22.1757,5.94,0.824,K0III+...,51.3334,,118.3432,-109.1649,-9.6369,-44.6684
59984,185.074,26.0019,6.16,0.306,F0IV,12.4394,,64.4745,-57.7213,-5.1251,28.2657
59986,185.082,26.6195,5.52,1.091,K2III-IV,13.1462,,49.3583,-43.953,-3.9088,22.1156
59988,185.0874,3.3126,4.97,1.172,K1III,79.873,,94.4287,-93.8996,-8.3595,5.4564
59998,185.1177,-65.8427,6.2,-0.041,B9V,25.4214,,93.8967,-38.2735,-3.4278,-85.6737
60003,185.1402,-22.2159,5.2,-0.09,B8V,117.598,,127.3885,-117.4576,-10.5659,-48.1653
60013,185.1724,27.0545,6.32,0.394,F3V + F3V,21.7771,,91.8274,-81.4461,-7.3726,41.7666
60017,185.1793,17.7929,4.72,1.01,G8III,89.043,,88.8889,-84.2916,-7.6404,27.1624
60025,185.203,15.541,6.47,1.025,K0,32.719,,120.6273,-115.7382,-10.5391,32.3194
60027,185.2119,57.8641,5.54,1.452,K5III,201.187,,194.9318,-103.2612,-9.4192,165.0661
60036,185.2321,-13.5657,5.14,1.048,K0III,29.134,,61.6903,-59.7194,-5.4687,-14.4701
60075,185.3405,-60.4011,3.59,1.389,K3/K4III,158.4893,Ginan,70.4722,-34.6568,-3.2397,-61.2759
60120,185.4844,47.1822,6.33,1.115,K2III,24.3445,,97.561,-66.0057,-6.3375,71.5628
60123,185.4893,-56.3744,5.91,1.533,K4III + (F),1816.3519,,694.4444,-382.7947,-36.7868,-578.2456
60135,185.5307,-67.5221,5.15,0.195,Am,77.5532,,101.1122,-38.478,-3.7258,-93.4304
60142,185.5451,24.7739,6.21,-0.012,A0V,30.5633,,103.4126,-93.456,-9.0731,43.3338
60144,185.5501,-68.3073,5.73,1.038,K0III,44.6272,,100.2004,-36.8633,-3.5821,-93.1042
60166,185.6263,25.8462,4.78,0.515,F8:p...,87.0162,,90.3342,-80.9062,-7.9704,39.3818
60168,185.6335,5.3054,6.46,0.567,F8V,2.0324,,29.9222,-29.6501,-2.9247,2.7668
60194,185.706,-57.6761,5.38,-0.098,B9V,75.4397,,110.8647,-58.9861,-5.8939,-93.685
60232,185.8108,-67.6315,6.36,0.887,K0IV-V,6.1716,,49.8008,-18.8549,-1.9188,-46.0536
60233,185.814,-4.9745,6.47,1.189,K0,33.2966,,121.6545,-120.5728,-12.2772,-10.549
60236,185.8286,-11.8121,6.48,1.64,M3III,178.8134,,283.2861,-275.8537,-28.1594,-57.9895
60240,185.8399,-24.8407,5.66,1.153,K1III,48.8877,,101.5228,-91.6517,-9.3742,-42.6494
60264,185.8976,-35.4127,5.32,-0.066,B8/B9V,120.4481,,136.2398,-110.4477,-11.409,-78.9457
60268,185.9031,-39.3024,6.39,0.285,F2V,31.4775,,114.0251,-87.7663,-9.0746,-72.225
60277,185.9365,-38.9114,5.79,-0.064,B8/B9V,44.4222,,102.7749,-79.5422,-8.2711,-64.5547
60281,185.946,42.5427,6.03,0.366,F3IV,30.5351,,95.1475,-69.725,-7.2619,64.333
60282,185.9493,-30.3354,6.39,1.572,K5III,127.409,,229.3578,-196.8888,-20.5177,-115.8397
60299,186.0062,51.5623,4.76,0.877,G7III,152.4755,,118.4834,-73.2525,-7.7072,92.8062
60328,186.0772,26.0986,5.17,0.082,A3V,48.9779,,81.103,-72.4243,-7.7108,35.6786
60339,186.1117,25.5824,6.41,0.276,F0V,19.3553,,90.2527,-80.9421,-8.6669,38.9719
60363,186.1864,-41.3843,6.24,1.169,K2/K3III,100.4616,,190.1141,-141.8105,-15.3714,-125.6856
60398,186.2634,56.7778,5.82,1.622,M3III,283.4001,,263.1579,-143.3202,-15.73,220.1454
60403,186.2766,63.8028,6.31,0.919,G8III,81.358,,176.6784,-77.5293,-8.5272,158.53
60405,186.2856,-42.5143,6.1,0.652,G4IV,9.213,,53.9665,-39.54,-4.3552,-36.4692
60409,186.299,-11.6106,5.95,0.043,A1V,18.0634,,70.5219,-68.6618,-7.5792,-14.1932
60413,186.3129,23.9262,6.03,1.094,K0III,71.9118,,145.9854,-132.6315,-14.673,59.2058
60415,186.3233,-65.7699,6.29,0.965,G8/K0IV,6.2402,,48.4731,-19.7725,-2.191,-44.2028
60417,186.3267,-27.749,6.09,1.272,K3III,94.5366,,172.117,-151.3951,-16.7856,-80.1375
60423,186.3406,-35.1864,5.71,-0.066,B9IV/V,82.0352,,134.5895,-109.3247,-12.148,-77.5557
60451,186.4095,-86.1506,6.32,1.065,K0III,129.7777,,224.2152,-14.9584,-1.6804,-223.7094
60459,186.4623,39.0186,5.01,0.955,G8III-IV,55.5137,,80.1925,-61.909,-7.0124,50.487
60509,186.6003,27.2682,4.92,0.277,F0p,67.112,,84.6024,-74.7022,-8.6437,38.7612
60510,186.6016,71.9298,6.33,1.028,G8III:,38.9045,,123.3046,-37.9932,-4.397,117.2229
60522,186.6324,-51.4506,4.82,-0.141,B3Vn,193.9099,,137.3626,-85.0299,-9.887,-107.4274
60530,186.6497,-63.0991,0.77,-0.243,B0.5IV,4176.3799,Acrux,98.7167,-44.3638,-5.172,-88.0346
60541,186.7014,-48.9132,6.25,0.674,G5IV-V,1.9498,,26.6099,-17.3686,-2.0408,-20.0563
60547,186.7154,-32.8301,5.56,0.007,B9V,125.7766,,155.521,-129.7849,-15.2815,-84.3157
60554,186.7345,28.2684,4.35,1.128,K2IIICN+...,41.6869,,51.2821,-44.8545,-5.2966,24.2874
60558,186.7471,26.8257,4.98,0.088,A4V,64.3873,,85.1789,-75.4858,-8.9304,38.4394
60583,186.8535,-63.789,6.02,0.052,B8IV,140.6048,,203.252,-89.1305,-10.7126,-182.3523
60592,186.8701,-58.3164,6.35,1.612,K4III,175.8733,,264.5503,-137.9514,-16.621,-225.1222
60593,186.8703,-58.9918,5.38,1.543,M4/M5III,113.3444,,135.8696,-69.4922,-8.3729,-116.4529
60607,186.8963,55.7127,5.68,1.582,M2III,76.1377,,127.8772,-71.5175,-8.6499,105.6551
60616,186.9253,8.6103,6.36,0.935,G8III,60.9256,,156.4945,-153.6018,-18.6568,23.4294
60621,186.956,-16.6318,6.3,0.868,G5II,170.2943,,254.4529,-242.0129,-29.5269,-72.8297
60625,186.9648,-4.6153,6.23,0.43,F2III,15.332,,73.9098,-73.1265,-8.9332,-5.9471
60635,187.01,-50.2306,3.91,-0.192,B3V,378.7913,,126.2626,-80.1663,-9.8573,-97.0487
60663,187.0804,-64.341,6.05,0.022,A0Vn,31.7687,,97.9432,-42.0874,-5.2276,-88.2847
60667,187.0936,-39.0412,5.45,-0.073,B8/B9V,103.0861,,133.8688,-103.1792,-12.84,-84.3211
60673,187.1071,-61.7948,6.21,1.253,K2III,75.7879,,162.8664,-76.3841,-9.5237,-143.5278
60682,187.1404,-56.4078,6.15,0.92,K0/K1III,5.42,,42.3729,-23.2622,-2.9141,-35.2965
60715,187.2279,25.9129,5.29,-0.056,A0p,35.416,,72.8863,-65.0373,-8.2484,31.8516
60752,187.3627,24.1089,5.47,0.445,F5III,21.4388,,61.6143,-55.776,-7.2071,25.1678
60768,187.4302,20.8961,5.68,0.093,A3V,32.87,,84.0336,-77.8474,-10.1523,29.9726
60776,187.4661,-16.5154,2.94,-0.012,B9.5V,41.1908,Algorab,26.6312,-25.316,-3.3177,-7.5705
60780,187.4758,-56.5249,5.78,1.572,M1III,103.3713,,156.0062,-85.3175,-11.1956,-130.1288
60789,187.489,58.4057,5.37,0.205,A5e...,43.451,,83.7521,-43.5035,-5.7189,71.3383
60790,187.4912,-41.7359,6.0,1.515,M2II/III,177.5007,,226.2443,-167.3873,-22.0108,-150.6104
60799,187.5122,51.5356,6.21,0.536,F7V,5.728,,44.7628,-27.6047,-3.6402,35.0491
60804,187.5177,58.7678,6.07,0.988,G8III-IV,46.6445,,119.7605,-61.563,-8.1242,102.4039
60805,187.5199,-13.3932,6.37,0.591,G1/G2V,1.4983,,24.6488,-23.7722,-3.1381,-5.7095
60809,187.528,69.2011,5.01,1.621,M3IIIa,313.0401,,190.4762,-67.053,-8.8611,178.0634
60826,187.5727,-23.6964,5.63,1.67,M0III,442.1809,,301.2048,-273.4041,-36.3473,-121.0514
60864,187.7089,53.0766,6.2,0.568,F9V,1.3677,,21.777,-12.9642,-1.7549,17.4094
60879,187.7523,24.5672,5.47,0.056,A2pvar,38.6545,,82.713,-74.5378,-10.1473,34.3887
60893,187.7914,-57.1132,1.59,1.6,M4III,148.4568,Gacrux,27.1518,-14.6068,-1.9987,-22.8006
60912,187.8392,7.6043,6.05,1.523,K5,200.8168,,246.3054,-241.8577,-33.2992,32.5938
60943,187.9113,-5.0526,6.19,1.041,G9III:,44.792,,124.0695,-122.4111,-17.0107,-10.9268
60945,187.9181,-59.4239,5.49,0.622,F5III,1021.4098,,429.1845,-216.237,-30.0749,-369.5083
60967,187.9839,-63.5058,5.96,0.263,A8III,20.3049,,75.1315,-33.1918,-4.6553,-67.2412
60981,188.0183,-32.5338,6.46,0.172,A3V,78.7046,,186.2197,-155.4622,-21.8994,-100.1483
60983,188.0176,-16.196,4.3,0.388,F2V,5.5463,,18.2815,-17.3844,-2.4487,-5.0992
60989,188.0413,-73.0011,5.88,1.078,K1III,44.0149,,106.6098,-30.8613,-4.36,-101.952
61008,188.117,-72.133,3.84,-0.157,B5V,251.4201,,99.6016,-30.2525,-4.3147,-94.7979
61016,188.1367,-21.2121,6.41,1.11,K0III,31.5355,,115.2074,-106.3206,-15.2012,-41.6845
61020,188.15,-13.8591,5.74,0.376,F3IV/V,6.415,,38.1679,-36.6825,-5.2534,-9.1426
61053,188.262,10.2957,6.29,0.953,G8III,55.7699,,144.9275,-141.114,-20.4907,25.9026
61076,188.3427,-19.7925,6.26,0.304,F0IV/V,46.7735,,130.8901,-121.8545,-17.8694,-44.3214
61088,188.3709,69.7882,3.85,-0.116,B6IIIp,568.0676,,150.3759,-51.4,-7.5634,141.1161
61102,188.3926,24.283,6.28,0.114,A4V,21.2422,,89.0472,-80.2996,-11.847,36.6201
61103,188.3927,-12.8302,5.58,0.861,G8III/IV,12.4394,,49.3583,-47.6106,-7.0244,-10.9606
61116,188.4121,33.2476,5.42,1.011,K0IIICN...,47.2498,,89.3655,-73.9331,-10.9335,48.9953
61124,188.4362,41.3575,4.24,0.588,G0V,1.2497,Chara,8.4395,-6.2662,-0.9293,5.5764
61125,188.4448,-9.4521,5.48,-0.035,A0V,35.156,,79.2393,-77.316,-11.4788,-13.0129
61127,188.4475,33.3847,6.24,1.051,K0III,44.9987,,127.2265,-105.081,-15.6061,70.0073
61135,188.4965,-49.9098,6.38,0.428,F5IV-V,10.3657,,65.1466,-41.4935,-6.1986,-49.8392
61166,188.5968,-23.3968,2.65,0.893,G5II,151.3561,Kraz,44.6628,-40.53,-6.1273,-17.7354
61186,188.6767,-44.673,5.76,0.683,G4IV,3.4706,,28.3206,-19.9092,-3.0383,-19.9111
61191,188.6835,70.0218,4.95,1.312,K2III,310.456,,184.5018,-62.3149,-9.5172,173.3989
61202,188.7129,22.6293,4.8,0.012,A0IV,94.6237,Phyllon Kissinou,95.057,-86.7264,-13.2909,36.5748
61212,188.7269,-67.7569,6.11,1.514,M6II/III,355.1403,,336.7003,-125.978,-19.3379,-311.6451
61225,188.7823,18.3771,5.03,1.152,K2III,161.5846,,138.1215,-129.5408,-20.0131,43.5454
61227,188.784,21.8814,5.86,1.242,K1III,151.0776,,195.6947,-179.4664,-27.7316,72.9327
61250,188.8734,-61.8416,6.22,0.731,G4IV,6.298,,47.1698,-21.9935,-3.4337,-41.5871
61275,188.9398,-41.0219,5.12,0.224,A7III,9.8446,,35.524,-26.4758,-4.1648,-23.3161
61303,188.995,-20.5275,6.2,0.34,F0V,12.8706,,66.8003,-61.7894,-9.7809,-23.424
61305,189.0043,-39.8695,5.78,0.003,A0V,22.4905,,72.7802,-55.1709,-8.7425,-46.6551
61364,189.1942,-50.3354,6.4,0.026,A0V,24.9804,,102.0408,-64.2951,-10.4069,-78.5504
61365,189.1973,-5.8319,5.88,0.072,A3V,18.4502,,69.0131,-67.7733,-10.9736,-7.0124
61378,189.2431,17.0895,5.7,1.436,K5III,172.9816,,194.5525,-183.5478,-29.8698,57.1723
61392,189.2961,-69.1356,2.69,-0.176,B2IV-V,683.5968,,96.7118,-33.9923,-5.5641,-90.37
61428,189.4261,-27.1389,5.41,0.334,F0V,7.034,,34.3289,-30.1369,-5.0033,-15.6591
61429,189.4259,-48.5413,3.85,0.049,A2V,40.6631,,40.2414,-26.2833,-4.3634,-30.1582
61444,189.5184,3.2824,6.33,0.0,A1V,74.7481,,170.9402,-168.3102,-28.221,9.7877
61465,189.5934,1.8547,5.68,1.592,M3III,106.2674,,151.0574,-148.8669,-25.1612,4.8889
61495,189.6859,-18.2501,6.0,0.31,F0V,15.7036,,67.2948,-62.9987,-10.7526,-21.0744
61499,189.6928,40.8747,6.35,0.204,A7Vn,11.5664,,67.8426,-50.5664,-8.637,44.3966
61510,189.7182,-67.193,6.22,0.007,B1Ia,28313919.958,,100000.0,-38206.4962,-6543.2373,-92181.6125
61526,189.7591,22.6595,6.39,1.096,K1III,42.9339,,133.1558,-121.0995,-20.8285,51.2988
61527,189.7644,-30.4224,5.86,1.207,K2/K3III,144.8105,,191.5709,-162.8015,-28.0166,-97.0059
61531,189.7805,21.0626,5.49,0.978,G9III,38.9762,,83.8223,-77.0851,-13.2878,30.1247
61546,189.8109,-75.3706,6.46,0.098,B8Vn,69.1194,,174.5201,-43.4332,-7.5107,-168.8621
61547,189.8115,-7.9956,4.66,1.24,K2III,96.4717,,90.009,-87.8303,-15.1891,-12.5199
61555,189.8202,35.952,6.39,0.095,A0p SrCrEu,43.8531,,134.5895,-107.3551,-18.5825,79.0184
61596,189.9689,-39.9873,4.63,-0.082,B8II/III,153.1793,,111.8568,-84.4093,-14.8364,-71.8812
61603,189.9828,-66.5111,6.26,-0.05,B8V,35.6451,,114.2857,-44.8613,-7.8964,-104.8157
61717,190.3165,-13.0139,5.17,0.432,F3IV,46.3874,,78.9266,-75.6562,-13.7715,-17.7733
61723,190.3458,-46.1456,5.84,1.475,K3II,309.8846,,277.7778,-189.3234,-34.5624,-200.3063
61739,190.3796,-48.9599,2.2,-0.023,A1IV,182.81,,39.9042,-25.7718,-4.7205,-30.0977
61743,190.3914,62.713,6.02,0.051,A2III,87.1766,,160.0,-72.1485,-13.2305,142.1955
61744,190.3933,10.4263,6.22,0.192,A7Vn,11.1995,,62.8931,-60.8398,-11.1588,11.3818
61748,190.4152,-1.4494,2.74,0.368,F0V+...,9.5324,Porrima,11.685,-11.4888,-2.1117,-0.2956
61758,190.4558,-19.7591,6.02,0.397,F2V,13.0978,,62.0347,-57.4128,-10.5951,-20.9718
61767,190.4711,10.2356,4.88,0.076,A0V,12.7997,,36.2713,-35.0996,-6.487,6.4453
61773,190.4858,-59.6858,4.91,-0.044,B6IV,813.5795,,293.2551,-145.5461,-26.938,-253.1585
61775,190.488,6.8066,5.57,0.002,A2V,26.3512,,71.5308,-69.84,-12.9289,8.4777
61788,190.521,-69.4076,6.31,0.75,F7Ib,1017.6537,,625.0,-216.1282,-40.1388,-585.0662
61819,190.6479,-48.8131,4.66,1.075,K0III,40.7005,,58.4454,-37.8246,-7.1114,-43.984
61833,190.7074,-55.947,6.06,-0.023,B9V,38.5834,,108.4599,-59.6757,-11.2838,-89.8612
61834,190.7095,-63.0586,5.27,0.195,B2pe,945.366,,373.1343,-166.1145,-31.4161,-332.6382
61853,190.7673,61.1554,6.39,1.268,K0,65.283,,164.2036,-77.8229,-14.7995,143.8311
61865,190.7883,-56.1762,5.99,-0.074,B9Vn,47.9954,,117.096,-64.0283,-12.2005,-97.2779
61888,190.8594,-40.1778,6.43,0.242,A7III,10.9951,,68.6342,-51.5006,-9.8796,-44.2802
61891,190.8682,-58.9027,6.41,1.092,K0/K1III,68.7385,,170.068,-86.2633,-16.562,-145.6278
61910,190.9085,-1.577,5.91,0.85,G8IIIp,16.9044,,66.9792,-65.744,-12.6705,-1.8433
61935,190.9944,-36.3492,6.38,-0.06,B8/B9V,144.0124,,242.7184,-191.9022,-37.2827,-143.8603
61938,191.0022,-28.324,5.46,1.346,K3III,91.1171,,126.4223,-109.2414,-21.2388,-59.9819
61977,191.108,80.621,6.33,0.16,A5m,52.8202,,143.6782,-22.9757,-4.511,141.7575
61979,191.1129,44.103,6.34,0.469,F6IV,24.5697,,98.4252,-69.3529,-13.6228,68.4991
62014,191.2478,39.2789,5.95,0.557,G0V,1.0965,,17.3762,-13.1921,-2.6235,11.0008
62018,191.2586,-68.8308,6.16,0.688,F6Ia,1183.5865,,628.9308,-222.7514,-44.3427,-586.4891
62030,191.2826,45.4403,5.42,2.994,C7Iab,607.5751,La Superba,320.5128,-220.5425,-43.9991,228.3715
62074,191.4044,7.6733,5.22,0.322,A8m,42.658,,77.4593,-75.25,-15.1791,10.3427
62075,191.4083,-60.9813,4.69,1.049,K1III,15.7036,,36.8053,-17.5013,-3.5315,-32.1848
62127,191.5702,-68.1081,3.04,-0.178,B2V,580.7644,,104.712,-38.2492,-7.8307,-97.1611
62130,191.5939,9.5397,5.65,0.989,K1III-IV,9.7544,,45.1467,-43.614,-8.9478,7.4822
62132,191.5947,-56.4888,4.62,-0.15,B3V,171.87,,117.9245,-63.7775,-13.0855,-98.3229
62161,191.6615,16.5777,5.12,1.346,K3III,84.6447,,104.1667,-97.7761,-20.1799,29.7203
62165,191.6926,-33.3155,5.87,1.326,K3III,46.3874,,108.9325,-89.1414,-18.4483,-59.831
62181,191.7596,5.9504,6.31,-0.013,A0spe...,184.3317,,265.9574,-258.9724,-53.9117,27.571
62199,191.8068,11.9581,6.11,0.122,A3V,21.717,,83.2639,-79.7336,-16.6672,17.252
62207,191.8289,62.7812,5.88,0.215,A9V,14.0734,,60.2773,-26.9848,-5.6516,53.6026
62226,191.8893,-6.3018,6.27,0.538,F7V,13.2556,,70.028,-68.1117,-14.3401,-7.6866
62228,191.8931,66.7903,5.43,1.567,K5III,302.8308,Tianyi,227.2727,-87.6449,-18.4586,208.8792
62239,191.9304,-59.6888,1.25,-0.238,B0.5III,2008.1678,Mimosa,85.3971,-42.1687,-8.9097,-73.723
62248,191.9642,3.5727,6.42,1.596,M4III,75.3703,,178.8909,-174.6648,-37.0121,11.1476
62253,191.9735,-24.8517,6.43,-0.058,B8V,120.0052,,226.7574,-201.2828,-42.6868,-95.2994
62283,192.0597,13.553,6.47,0.015,A1V,35.5795,,125.7862,-119.5847,-25.5488,29.4774
62305,192.1095,-27.5974,5.65,0.947,G8III,46.1743,,98.2318,-85.1183,-18.2625,-45.5064
62317,192.1642,60.3198,5.83,0.467,F5V,2.3442,,24.0442,-11.6384,-2.5087,20.8897
62320,192.1743,48.4668,6.25,0.195,A6m,52.0955,,137.5516,-89.1529,-19.2336,102.9673
62328,192.1961,24.8402,6.29,0.703,G7V,0.7614,,16.9319,-15.0186,-3.2461,7.1129
62346,192.2259,14.1226,5.71,0.024,A1V,67.8578,,122.399,-116.0075,-25.1366,29.865
62366,192.2783,83.4178,5.92,0.015,A0V,56.4937,,123.0012,-13.7769,-2.9984,122.1904
62377,192.3074,83.4129,5.38,0.033,A1IIIsh,196.4265,,178.8909,-20.0496,-4.3742,177.71
62381,192.3227,27.5524,5.76,0.051,A2V,37.3594,,92.9368,-80.4983,-17.5849,42.9888
62413,192.4373,-71.9863,5.55,1.154,G8Ib/II,107.7457,,143.2665,-43.2647,-9.5419,-136.2439
62445,192.5448,37.5169,5.87,0.17,A3V,47.076,,109.7695,-84.9877,-18.9111,66.8492
62457,192.572,22.8634,6.43,1.002,K0III,27.441,,108.4599,-97.5424,-21.7533,42.1405
62459,192.5812,-48.4595,6.26,0.046,A0V,96.0285,,187.6173,-121.4307,-27.1012,-140.4292
62487,192.6715,-33.9993,4.9,-0.031,B9V,143.7474,,122.6994,-99.2456,-22.3142,-68.6114
62507,192.7412,-52.7874,5.7,0.127,A5V,47.3805,,101.833,-60.0695,-13.5826,-81.0995
62535,192.8249,-60.3298,5.71,0.344,A2Iab,45289757.9904,,100000.0,-48265.8018,-10987.7906,-86888.8994
62546,192.8455,-10.3382,6.48,1.03,G8III,54.25,,156.0062,-149.6325,-34.1208,-27.9966
62560,192.9037,3.0568,6.02,1.288,K4III:,114.6041,,183.4862,-178.5981,-40.9166,9.7845
62566,192.9247,27.5407,4.93,0.681,G0III,73.7904,,89.1266,-77.0248,-17.676,41.2102
62589,192.9872,-39.6804,5.99,-0.098,B7/B8V,71.4496,,142.8571,-107.133,-24.7084,-91.215
62591,192.9913,-26.7383,6.14,0.232,A0III,13.6773,,66.9792,-58.2861,-13.447,-30.135
62602,193.0227,-48.0943,6.31,0.04,A0IV,67.1738,,160.5136,-104.4508,-24.1579,-119.4614
62611,193.0511,17.0739,6.32,1.622,M0III,925.5502,,598.8024,-557.6253,-129.2615,175.8117
62624,193.1025,-53.8299,6.26,1.106,G8Ib/II,824.1381,,549.4505,-315.8347,-73.5115,-443.5542
62628,193.1146,16.1225,6.29,0.173,A7V,32.4788,,110.6195,-103.4972,-24.1123,30.7181
62664,193.2675,-54.9525,5.91,1.309,K3III,60.5341,,126.7427,-70.8401,-16.7035,-103.7612
62670,193.2789,-48.9433,4.33,1.344,K3/K4III,131.4619,,90.2527,-57.6936,-13.6157,-68.056
62678,193.2965,-3.5531,6.11,0.493,F5V,3.3574,,32.7332,-31.7945,-7.5138,-2.0286
62689,193.3239,21.2449,4.89,0.904,G8III,72.644,,86.8056,-78.7285,-18.6454,31.4545
62697,193.3412,-60.3285,5.75,0.295,B9Ia,43651583.224,,100000.0,-48166.7433,-11422.7483,-86887.7762
62699,193.3591,-40.1789,4.25,0.224,A4IV,36.0745,,45.5581,-33.8661,-8.0425,-29.393
62707,193.3838,19.4811,6.42,0.805,G5IV,4.7293,,44.8029,-41.0909,-9.777,14.9416
62717,193.4088,-4.2247,6.45,1.094,K0,22.4078,,98.912,-95.9542,-22.8752,-7.2866
62734,193.4538,-60.3762,5.89,0.2,B5Ia,38370724.5492,,100000.0,-48073.7521,-11500.5364,-86929.0056
62736,193.4571,12.4184,6.25,0.282,A7III,10.2141,,60.9013,-57.8434,-13.8412,13.0968
62757,193.5071,55.9598,1.76,-0.022,A0p,110.2554,Alioth,25.31,-13.776,-3.3091,20.973
62771,193.5546,33.5345,6.25,0.207,A7IV,16.5044,,77.3994,-62.7196,-15.1208,42.7584
62783,193.5778,-11.6486,6.0,0.068,A2V,16.263,,68.4932,-65.2077,-15.7486,-13.8293
62785,193.5882,-9.539,4.77,1.59,M3IIIvar,300.0544,,166.9449,-160.0283,-38.68,-27.6659
62803,193.6485,-57.1779,4.03,-0.18,B2IV-V,343.5579,,127.0648,-66.9283,-16.2516,-106.7799
62805,193.6538,-57.1687,5.08,-0.089,B5Vne,126.1247,,124.8439,-65.7735,-15.9776,-104.9026
62807,193.6633,-59.1467,4.62,-0.153,B4Vn,171.0803,,117.6471,-58.6269,-14.252,-100.9981
62824,193.7355,47.1967,5.75,1.451,M5III,198.4266,,213.2196,-140.7359,-34.4002,156.4373
62831,193.7433,-85.1234,5.45,0.991,K0III,66.9885,,107.8749,-8.908,-2.1787,-107.4844
62833,193.744,-44.152,5.89,0.633,G2IV,6.1716,,40.0962,-27.9451,-6.835,-27.9296
62866,193.831,-42.9157,5.46,1.668,M0III,234.6389,,202.8398,-144.2437,-35.5124,-138.1181
62876,193.869,65.4385,5.23,0.303,A5n,6.0478,Taiyi,29.2912,-11.8205,-2.9185,26.6408
62890,193.9009,3.3975,3.39,1.571,M3III,141.9058,Minelauva,60.8273,-58.9421,-14.5876,3.6048
62909,193.9719,-15.327,6.18,-0.001,A0V,112.9276,,196.0784,-183.5097,-45.6584,-51.829
62918,193.9881,-56.8358,5.34,0.01,O9Ib,63679552.0908,,100000.0,-53081.8308,-13223.0478,-83710.634
62921,194.002,38.3149,5.61,0.337,F0V,6.7608,Cor Caroli B,36.9004,-28.0923,-7.0053,22.8776
62925,194.0071,38.3184,2.89,-0.115,A0spe...,75.3703,Cor Caroli,35.1989,-26.7951,-6.6843,21.8244
62943,194.0733,54.0995,5.84,0.204,A5m,30.1717,,86.6551,-49.2877,-12.3558,70.1938
62963,194.1321,-72.1852,5.93,1.115,G8III,115.0271,,176.3668,-52.3248,-13.1743,-167.9101
63002,194.2426,-54.5873,6.48,-0.042,A0p,31.2752,,118.4834,-66.5462,-16.8915,-96.564
63008,194.2682,-51.1988,5.17,-0.066,B8V,95.0605,,112.9944,-68.6205,-17.4506,-88.0593
63009,194.2825,46.1768,6.11,1.012,K0III-IV,34.135,,104.3841,-70.0452,-17.8315,75.311
63018,194.3028,-12.0669,6.33,1.491,K5,152.1949,,243.9024,-231.1201,-58.9238,-50.9889
63041,194.388,-22.7535,6.31,1.069,K0III,36.8468,,118.9061,-106.2133,-27.2473,-45.989
63095,194.5786,64.9255,6.44,1.15,K0,256.8029,,333.3333,-136.717,-35.5576,301.9192
63138,194.6971,75.4725,6.0,1.03,K0III,95.6753,,166.113,-40.3052,-10.5717,160.8019
63153,194.731,17.4094,4.76,1.568,M0III,107.3495,,99.4036,-91.7323,-24.1186,29.7414
63212,194.9146,-3.8119,5.79,0.203,A3V,25.5623,,77.9423,-75.1498,-20.0164,-5.1817
63230,194.98,66.5973,5.37,1.282,K2III,227.405,,191.5709,-73.5045,-19.6679,175.8115
63259,195.0686,30.785,4.88,1.165,K1IIIp,398.474,,202.4291,-167.9258,-45.2113,103.6069
63287,195.1361,-33.5053,6.01,0.386,F3V,5.9265,,41.5282,-33.4264,-9.0417,-22.9241
63291,195.1498,-3.3685,5.99,1.119,K2III,35.2209,,100.3009,-96.6478,-26.1677,-5.8934
63294,195.1613,18.373,6.2,0.466,F6Vs,4.4545,,39.2927,-35.9918,-9.7527,12.3851
63300,195.1819,56.3663,4.93,0.368,F2V,6.0145,,25.4453,-13.6018,-3.6909,21.1857
63330,195.2901,17.1231,5.97,0.971,K0III,55.4115,,124.6883,-114.9435,-31.4235,36.7115
63381,195.4461,63.6102,6.01,0.427,F6V,4.673,,36.8868,-15.8031,-4.3666,33.0429
63405,195.5442,10.9591,2.85,0.934,G8IIIvar,71.2525,Vindemiatrix,33.6022,-31.7828,-8.8405,6.3881
63411,195.5664,-71.5489,3.61,1.19,K2III,24.3445,,27.8707,-8.4974,-2.3671,-26.438
63485,195.7723,-71.4757,5.93,0.002,B1.5IIIne,348.0166,,306.7485,-93.7867,-26.49,-290.8556
63521,195.8888,-49.5273,4.83,0.029,A0V,46.5586,,67.6133,-42.2101,-12.015,-51.4344
63535,195.9421,-20.5835,5.58,0.554,F7V,4.0626,,28.2087,-25.3922,-7.2534,-9.9174
63617,196.201,-41.1963,6.24,1.649,M3/M4III,370.169,,364.9635,-263.714,-76.6209,-240.38
63619,196.2074,73.025,6.43,0.218,F0V,33.6977,,120.1923,-33.6961,-9.7943,114.9558
63646,196.2778,-47.1169,6.44,0.414,F5III,23.5939,,101.0101,-65.9824,-19.2668,-74.0145
63680,196.3783,-52.1157,6.43,1.69,M1III,225.1127,,310.559,-182.9662,-53.7746,-245.1093
63698,196.4352,35.7989,5.2,-0.059,B9V,78.9223,,104.3841,-81.204,-23.9538,61.0587
63713,196.4678,45.2685,5.64,1.135,K1III,84.9572,,132.626,-89.5113,-26.4597,94.2193
63742,196.5696,-48.4633,4.71,-0.148,B5V,162.7796,,119.6172,-76.0244,-22.62,-89.5372
63745,196.5885,21.1534,6.0,0.393,F4V,8.5585,,49.6771,-44.4015,-13.227,17.9268
63747,196.5942,22.6162,5.53,1.461,M5III,272.3955,,225.7336,-199.6966,-59.51,86.8072
63749,196.5953,62.0419,6.15,0.997,G7III,40.8507,,116.2791,-52.2439,-15.5699,102.7082
63769,196.6461,-41.5884,5.59,1.05,K0II/III,56.3897,,105.5966,-75.6692,-22.6244,-70.0924
63800,196.726,-35.862,5.63,0.05,A0V,28.7607,,76.8049,-59.6115,-17.9138,-44.995
63801,196.7277,-49.9062,4.27,-0.182,B1.5V,350.2676,,143.2665,-88.3649,-26.5573,-109.5977
63819,196.7947,27.6247,4.8,1.482,K5III,108.1434,,101.626,-86.2004,-26.0167,47.1218
63830,196.8513,-59.8605,5.98,0.435,B9IV+...,102.141,,170.068,-81.7256,-24.7542,-147.0758
63851,196.9096,-53.4598,5.7,-0.061,B8V,45.7931,,100.1001,-57.0216,-17.3349,-80.4243
63874,196.9735,27.556,6.2,1.363,K4III,50.7224,,132.626,-112.459,-34.3253,61.3547
63875,196.9742,-10.7404,5.15,1.138,K2III,67.3597,,94.2507,-88.5656,-27.0336,-17.5645
63891,197.0298,-65.306,5.44,-0.033,WC6 + O9.5I,58076441.7521,,100000.0,-39945.3323,-12235.2466,-90855.2099
63905,197.0854,-78.446,6.43,0.008,A0V,35.5795,,123.4568,-23.636,-7.2648,-120.9551
63914,197.116,-67.7968,6.34,1.71,M1III,201.187,,281.6901,-101.7342,-31.3286,-260.8026
63919,197.1353,-8.9844,5.57,1.178,K3III,48.5736,,97.0874,-91.6396,-28.2538,-15.1617
63963,197.2636,-23.1181,4.94,1.048,K0III,46.3447,,70.9723,-62.3325,-19.371,-27.8657
63976,197.3018,10.0225,5.79,1.025,K0III,37.6011,,94.518,-88.8641,-27.6812,16.4494
63978,197.3093,-9.5381,6.32,1.017,K0,42.228,,127.8772,-120.3982,-37.5214,-21.1897
64009,197.4111,37.4231,6.01,1.169,K3III,38.9762,,106.4963,-80.701,-25.3073,64.7175
64014,197.4251,38.5339,6.25,-0.098,B7III,377.7461,,370.3704,-276.423,-86.7589,230.7324
64021,197.4387,-10.3293,5.95,1.49,K5III,164.4372,,212.766,-199.6972,-62.7293,-38.1502
64023,197.4494,16.8486,5.91,1.45,K5III,160.1032,,206.1856,-188.254,-59.1734,59.7616
64034,197.4875,-5.539,4.38,-0.008,A1V,144.4109,,96.8054,-91.9002,-28.9539,-9.344
64037,197.497,17.5294,4.32,0.455,F5V,5.1761,Diadem,17.8253,-16.2111,-5.1104,5.3689
64042,197.5134,38.499,5.91,0.294,A9III-IV,15.0938,,63.2911,-47.2368,-14.9059,39.3988
64116,197.7435,-52.5669,6.05,-0.079,Ap,44.3404,,115.7407,-67.0046,-21.44,-91.9055
64128,197.7871,-42.2329,5.78,0.521,F7IV,30.5914,,84.8896,-59.8493,-19.2006,-57.0582
64144,197.8468,-43.3686,5.24,1.049,K1/K2III,32.4489,,68.1663,-47.169,-15.1869,-46.809
64170,197.9133,-26.5517,6.49,0.193,A5V,27.0147,,110.6195,-94.1556,-30.4357,-49.4475
64185,197.9642,-69.942,5.92,0.415,F3IV/V,6.6191,,42.1053,-13.7369,-4.4539,-39.5514
64189,197.9686,27.8782,4.23,0.572,G0V,1.475,,9.1291,-7.676,-2.4894,4.2687
64190,197.9711,-63.303,6.32,0.426,F0II,25822601.9063,,100000.0,-42735.3268,-13861.7549,-89339.4851
64202,198.0135,-37.803,4.85,0.693,G3V,4.2737,,20.6697,-15.5311,-5.0504,-12.6695
64203,198.0148,-16.1986,5.04,0.46,F6V,9.6561,,33.9098,-30.9672,-10.0707,-9.4597
64212,198.035,24.258,6.31,1.006,K1III,45.2481,,131.7523,-114.2174,-37.1887,54.13
64220,198.0734,-59.9206,4.58,-0.073,B8V,172.9816,,116.144,-55.3392,-18.0592,-100.5031
64232,198.1061,80.4713,6.25,0.955,K0Ib,119.0145,,207.9002,-32.7119,-10.6957,205.0318
64240,198.1372,11.5561,5.76,1.499,M0III,285.7591,,257.0694,-239.3445,-78.4018,51.498
64261,198.2032,-66.2267,5.91,0.048,A0V(n),31.017,,90.7441,-34.7499,-11.4274,-83.0443
64267,198.2118,-42.6997,6.19,1.057,K0III,90.5316,,176.3668,-123.1224,-40.5088,-119.6042
64273,198.2321,-59.8166,6.18,0.592,G0V,5.2192,,42.1585,-20.1319,-6.6315,-36.4427
64291,198.3017,18.727,6.1,1.201,G8III,35.7108,,106.2699,-95.5529,-31.6043,34.119
64310,198.3473,-50.6998,5.9,-0.011,B9V,47.9071,,112.2334,-67.4731,-22.3765,-86.8505
64315,198.3618,-18.8264,6.26,0.088,A0V,102.8964,,194.1748,-174.4293,-57.8958,-62.6606
64335,198.429,40.1529,4.94,1.061,K0III,182.6417,,140.8451,-102.1309,-34.0318,90.8211
64352,198.4905,-43.1391,6.16,1.366,K5II,33.8532,,106.383,-73.6198,-24.6192,-72.7417
64372,198.5454,-19.9309,5.31,0.862,G8III/IV,9.9449,,38.9712,-34.7345,-11.6526,-13.2848
64375,198.5505,-58.6839,5.91,1.084,K0/K1III,44.9159,,109.1703,-53.7941,-18.052,-93.2656
64378,198.5637,-59.1032,4.9,0.489,F7IV,3.1623,,18.1984,-8.8585,-2.975,-15.6159
64383,198.5723,-78.4475,5.84,1.04,F8Ib,563.3782,,374.5318,-71.1001,-23.8895,-366.9443
64402,198.6303,11.3317,5.64,1.514,M0III,103.8484,,146.6276,-136.2357,-45.9287,28.8105
64418,198.6804,-48.957,5.84,1.061,K0IV,20.9122,,72.1501,-44.8798,-15.1739,-54.4169
64446,198.7894,-36.3714,6.17,0.968,K1III,41.7254,,118.624,-90.4247,-30.7645,-70.3461
64456,198.8124,-67.8946,4.79,-0.078,B8V,145.6129,,117.3709,-41.8086,-14.2429,-108.7433
64477,198.8571,-69.6793,6.37,1.21,K2/K3III,19.5884,,89.1266,-29.2902,-10.0038,-83.5797
64486,198.8832,40.8552,5.77,0.198,A7V,23.5072,,74.0741,-53.0117,-18.1326,48.4555
64520,198.9948,-19.9431,5.21,1.011,K1III,10.6267,,38.4763,-34.1995,-11.7724,-13.1238
64546,199.0595,19.0517,6.46,0.972,G8III,23.3561,,101.4199,-90.6092,-31.3046,33.1057
64569,199.1194,68.408,6.2,-0.052,B9.5V,49.5222,,131.0616,-45.5695,-15.7971,121.8647
64574,199.1344,19.7853,6.43,0.274,F0V,17.0137,,85.3971,-75.9164,-26.3395,28.9066
64585,199.1874,-65.1383,6.06,0.431,F5V,4.9204,,38.7297,-15.3786,-5.3516,-35.1404
64587,199.1938,9.4242,5.19,0.585,G0Vs,2.2553,,17.5593,-16.3594,-5.695,2.8752
64592,199.2126,17.0172,6.49,0.926,K2V,0.2706,,11.0717,-9.9973,-3.4839,3.2402
64598,199.2214,-31.5062,5.1,0.959,K0III,49.5678,,78.9889,-63.5904,-22.1711,-41.2789
64615,199.3043,-66.7834,4.86,1.48,K2Ib/II,1329.2296,,366.3004,-136.2798,-47.7359,-336.6379
64617,199.308,-43.9795,5.82,0.187,Am,17.2346,,64.8929,-44.0698,-15.4399,-45.0617
64618,199.3151,13.6758,5.33,1.304,K3III,63.6209,,99.5025,-91.2397,-31.9787,23.5251
64633,199.3744,-0.6761,6.36,0.26,F0V,16.5044,,81.4332,-76.8164,-27.0127,-0.9609
64639,199.3857,40.5726,4.72,0.306,F3III,73.9946,,81.0373,-58.0647,-20.4315,52.7076
64647,199.4012,5.4699,4.78,1.638,M2III,457.0882,,207.0393,-194.3935,-68.4613,19.7355
64701,199.5605,49.6821,5.14,-0.049,A0V,54.3501,,84.246,-51.3637,-18.2499,64.2347
64720,199.6014,-18.3112,4.74,0.709,G5V,0.8098,,8.5551,-7.6512,-2.7247,-2.6878
64722,199.6155,34.0983,5.81,1.366,K4.5III,97.4541,,153.6098,-119.8188,-42.7021,86.1159
64728,199.6453,-51.2858,6.18,-0.001,A0V,102.6124,,186.9159,-110.0992,-39.3027,-145.8458
64746,199.7014,-79.976,6.34,-0.027,B9.5/A0V,54.8025,,147.0588,-24.0987,-8.6292,-144.8139
64758,199.7304,-23.1715,2.99,0.92,G8III,93.4114,,41.0341,-35.5092,-12.7354,-16.1463
64773,199.7677,35.128,6.01,0.277,F0IV,13.6395,,63.012,-48.4986,-17.4297,36.2574
64789,199.8291,-72.0356,6.04,1.341,K3III,96.6496,,170.068,-49.3433,-17.793,-161.7769
64867,200.079,40.1505,5.6,1.204,K1III,122.0113,,156.0062,-111.9962,-40.9382,100.5925
64903,200.146,-59.7728,6.2,0.41,F3/F5II,51.6654,,133.8688,-63.2704,-23.2113,-115.6674
64904,200.1494,-36.7123,2.75,0.068,A2V,22.4698,Kulou,18.0213,-13.5626,-4.9765,-10.7731
64907,200.1576,-52.7478,5.47,-0.125,B6V,88.7156,,125.3133,-71.2089,-26.14,-99.7468
64914,200.1732,2.9423,6.26,0.102,A3V,50.1187,,135.5014,-127.0213,-46.6673,6.9553
64924,200.2014,-55.8007,6.0,0.236,B0.5Ia,34673685.0453,,100000.0,-52749.7214,-19409.5976,-82708.7324
64939,200.2405,-46.88,5.76,1.106,K1III,69.5024,,126.7427,-81.2826,-29.9714,-92.5125
64978,200.374,-19.4893,6.21,0.098,A2/A3V,22.532,,88.8099,-78.4838,-29.1474,-29.6297
64993,200.4235,2.0872,5.69,0.045,A2V,21.1446,,67.7048,-63.4067,-23.6104,2.4659
65025,200.5164,43.9034,6.34,0.255,A7m,35.8426,,118.9061,-80.239,-30.0263,82.4548
65036,200.5404,5.1548,5.89,0.109,A2m,16.6725,,65.9196,-61.4791,-23.0355,5.9226
65042,200.5679,-52.183,5.81,0.072,B2.5Ib,41304750.199,,100000.0,-57405.8392,-21540.6986,-78997.2654
65066,200.6582,-60.9884,4.52,-0.141,B3V,160.1032,,108.6957,-49.3264,-18.5978,-95.0567
65083,200.7188,-47.9432,6.18,0.181,A4V,269.6497,,303.0303,-189.8622,-71.8141,-224.9944
65084,200.7192,-72.1467,6.06,0.049,B6V,258.9405,,280.8989,-80.5485,-30.4676,-267.3721
65096,200.7546,-17.7353,5.36,0.987,K0III,55.0047,,93.8086,-83.552,-31.6628,-28.5759
65098,200.7608,-48.5628,6.37,-0.077,B6IV,1039.4414,,649.3506,-401.8357,-152.3289,-486.8061
65106,200.786,-33.1899,6.17,1.653,M2III,186.2087,,250.6266,-196.0882,-74.432,-137.1969
65118,200.8287,-4.9244,5.88,1.431,K3III,563.8973,,381.6794,-355.4189,-135.215,-32.764
65166,200.9673,-49.8228,6.48,0.959,G8III,32.5087,,120.7729,-72.7578,-27.8814,-92.2769
65171,200.9747,37.0339,6.1,1.637,M3III,400.3133,,355.8719,-265.2612,-101.6898,214.3373
65173,200.9812,54.9254,2.23,0.057,A2V,77.3393,Mizar,26.3089,-14.1159,-5.4133,21.5313
65176,200.9879,-20.9246,6.44,1.101,K1/K2III/IV,56.2859,,156.0062,-136.0504,-52.1917,-55.7159
65182,201.0019,-64.5357,4.52,0.822,G5III-IV,86.2979,,79.8085,-32.0341,-12.298,-72.0554
65212,201.1272,12.4318,6.44,1.062,K0III,84.1783,,190.8397,-173.838,-67.1734,41.0836
65215,201.1385,-5.164,5.76,0.415,F3V,3.8833,,29.967,-27.8371,-10.7629,-2.6972
65261,201.2778,23.8544,5.75,0.09,A3IV,33.4195,,87.4891,-74.5609,-29.0369,35.3818
65263,201.2804,-74.8878,5.04,1.11,K0III,38.5834,,67.7966,-16.4701,-6.4149,-65.452
65269,201.2982,-11.1613,0.98,-0.235,B1V,2070.1413,Spica,76.5697,-69.9908,-27.2858,-14.8218
65272,201.3062,54.988,3.99,0.169,A5V SB,13.8676,Alcor,25.0564,-13.3935,-5.2236,20.522
65274,201.3085,-64.4851,5.32,0.411,F2III,9.9632,,39.2003,-15.731,-6.136,-35.3772
65317,201.4599,-70.6272,5.65,-0.018,Ap,88.6339,,136.0544,-42.0022,-16.5111,-128.3511
65330,201.5322,-39.7551,5.11,1.181,Kp...,30.5914,,62.3441,-44.5843,-17.5912,-39.8695
65332,201.5335,72.3915,5.82,1.652,M1III,529.6634,,359.7122,-101.2221,-39.9408,342.8581
65340,201.5476,-1.1925,5.97,0.183,A7III,21.8575,,78.3085,-72.82,-28.7544,-1.6297
65345,201.5691,46.0281,5.88,0.985,K0III:,61.7163,,126.2626,-81.5261,-32.2277,90.8686
65375,201.6799,-12.7077,5.27,1.477,K5III,123.7086,,134.9528,-122.3347,-48.6331,-29.6865
65387,201.7338,-41.4976,5.69,1.477,K3III,1653.484,,598.8024,-416.6118,-166.075,-396.7594
65389,201.7381,78.6439,5.74,0.769,G2.5IIIb,33.8532,,87.6424,-16.0301,-6.3915,85.9266
65400,201.7766,-49.1437,6.31,0.003,A0III/IV,497.0499,,436.6812,-265.2756,-105.9771,-330.285
65415,201.8111,-40.1627,6.4,0.974,G8/K0III,36.7451,,123.7624,-87.8106,-35.1414,-79.8218
65424,201.8361,-49.3813,6.27,-0.123,B3IV,1729.8164,,800.0,-483.45,-193.7193,-607.247
65433,201.8632,-15.9736,4.76,1.096,K1IIICN...,80.1678,,85.9107,-76.6531,-30.7572,-23.6421
65472,201.9986,52.7456,6.34,0.259,F0,24.1213,,97.561,-54.7591,-22.1226,77.6542
65476,202.0078,-26.4022,6.49,1.608,K5III,406.6305,,429.1845,-356.4066,-144.0543,-190.8455
65515,202.1076,13.7788,4.97,0.714,G5V,2.8973,,17.9856,-16.1838,-6.574,4.2837
65517,202.1093,40.7296,6.49,0.927,G8III,30.4229,,117.3709,-82.4031,-33.476,76.5834
65522,202.113,59.9458,5.4,-0.01,A1Vn,30.7044,,71.3776,-33.1178,-13.4565,61.781
65548,202.1909,50.7186,6.42,0.404,F0IV,14.696,,78.9889,-46.306,-18.8886,61.141
65549,202.1951,-69.6272,6.17,-0.014,B8V,104.3278,,187.6173,-60.4752,-24.6734,-175.8813
65577,202.2831,-64.6758,6.09,0.117,A2m,23.9662,,86.6551,-34.2978,-14.0548,-78.3277
65584,202.3042,10.8183,5.65,1.052,K0III,46.1743,,98.2318,-89.2671,-36.6187,18.4376
65590,202.3122,-1.3644,6.42,1.122,K0III,55.9242,,154.0832,-142.5065,-58.4815,-3.669
65604,202.3552,-51.1651,5.04,0.059,A0V,203.0486,,155.521,-90.1942,-37.0929,-121.1441
65629,202.4283,-23.2813,6.4,1.317,M6/M7e,37.0169,,124.2236,-105.4773,-43.5355,-49.0989
65656,202.5003,7.1789,6.18,1.471,K5,311.6018,,325.7329,-298.5782,-123.6771,40.7059
65685,202.6072,-6.4703,6.1,0.341,F2V,8.9536,,53.2198,-48.8176,-20.328,-5.9972
65729,202.7611,-39.4073,3.9,1.186,G8II/III,1850.1204,,277.7778,-197.912,-83.0364,-176.3414
65743,202.8158,42.1062,6.07,1.075,K2III,21.0087,,80.3859,-54.9723,-23.126,53.8993
65761,202.8882,-28.1127,6.48,0.09,A1V,22.0597,,99.5025,-80.8534,-34.1342,-46.8864
65798,202.9912,-6.2558,4.68,1.606,M3III,175.7114,,122.549,-112.1425,-47.5813,-13.3539
65807,203.0117,-18.7289,6.01,0.196,A7IV/V,20.1372,,76.5697,-66.7448,-28.3476,-24.5858
65811,203.0225,-38.3988,6.14,1.031,K1III,29.2415,,97.9432,-70.6449,-30.0198,-60.8357
65852,203.1436,-29.5653,6.45,0.438,F5IV,5.8506,,50.5306,-40.4141,-17.2745,-24.9325
65857,203.1496,-28.6928,5.69,0.037,A0/A1V,23.6374,,71.582,-57.7363,-24.6857,-34.3674
65878,203.2009,24.3467,6.11,0.969,G8III,56.7545,,134.5895,-112.7037,-48.3069,55.4856
65883,203.2152,-15.363,5.52,1.228,K1III,134.2765,,157.7287,-139.7777,-59.9527,-41.7876
65890,203.242,-10.165,5.21,0.964,K0III,37.325,,72.0981,-65.2072,-28.0044,-12.7241
65944,203.3996,-65.6327,6.36,-0.014,A0V,30.9314,,111.4827,-42.2132,-18.2669,-101.5517
65989,203.5305,55.3484,5.6,-0.014,A0V,42.0339,,91.5751,-47.7386,-20.7875,75.332
65991,203.5331,3.659,4.92,0.029,A1p SrCrEu,30.0885,,56.6572,-51.8391,-22.5759,3.6157
66014,203.5911,38.7893,6.37,0.241,F0IV,12.0226,,69.8324,-49.8821,-21.7837,43.7471
66025,203.6137,49.016,4.68,0.132,A5V,35.7437,,55.2792,-33.2191,-14.5225,41.7299
66027,203.6207,-48.2722,6.32,-0.052,B8III,238.5613,,303.9514,-185.3582,-81.0608,-226.8435
66038,203.6685,-13.2143,5.92,0.02,A0V,81.8842,,148.1481,-132.0936,-57.8986,-33.8658
66040,203.6733,-0.5958,3.38,0.114,A3V,19.971,Heze,22.7118,-20.7995,-9.1188,-0.2362
66042,203.6783,76.5467,6.46,1.573,K5III:,119.4538,,229.3578,-48.8685,-21.4297,223.0642
66045,203.6816,-33.3109,6.46,1.25,K2III,77.5532,,184.8429,-141.4658,-62.045,-101.5122
66048,203.6991,37.1824,4.91,0.404,F2IV SB,19.7333,,45.6621,-33.3117,-14.6222,27.5961
66111,203.8804,-5.3962,5.7,0.95,G6III,43.1718,,97.1817,-88.4684,-39.1676,-9.1392
66117,203.8893,10.205,6.48,1.043,K1III+...,32.3594,,120.4819,-108.4175,-48.0197,21.3458
66176,204.1662,49.4866,6.48,1.175,K1III,54.4001,,156.25,-92.6083,-41.5542,118.7898
66191,204.2019,-26.4952,5.73,0.22,A7V+...,29.5937,,81.5661,-66.5832,-29.9263,-36.3885
66196,204.2107,-34.4678,6.48,1.026,K0III,38.7972,,131.9261,-99.199,-44.6041,-74.6627
66208,204.2462,24.6133,5.72,1.593,M2III,88.7973,,140.647,-116.5885,-52.5099,58.5783
66218,204.2751,-44.1432,5.96,0.936,G8/K0III,58.2371,,127.2265,-83.2255,-37.5342,-88.6074
66226,204.296,71.2423,5.5,1.219,K2III,87.4178,,126.1034,-36.9593,-16.6846,119.4056
66229,204.3012,-61.6919,5.63,0.493,F6V,6.223,,35.727,-15.441,-6.9723,-31.4544
66245,204.3478,-46.4279,5.91,-0.11,B8V,60.2005,,126.4223,-79.3886,-35.9251,-91.5939
66249,204.3652,36.2949,4.82,0.239,A7III,38.1241,,60.9013,-44.7135,-20.2502,36.05
66311,204.5318,-58.4146,6.41,1.113,K1III,59.7035,,158.4786,-75.5132,-34.4639,-135.0017
66312,204.5329,14.3019,6.49,0.274,A9Vs,11.8468,,73.2601,-64.5809,-29.4759,18.0976
66353,204.6753,-29.5609,5.81,0.431,F3V,8.8471,,46.2749,-36.576,-16.804,-22.8296
66364,204.6908,-70.4448,6.11,1.415,K3III,52.9663,,130.039,-39.5466,-18.1817,-122.5383
66365,204.704,-57.6227,6.0,1.138,G5Ib,34673685.0453,,100000.0,-48648.3247,-22379.8391,-84454.0307
66384,204.7595,18.2653,6.46,1.217,K3III,62.4022,,165.8375,-143.0051,-65.9551,51.9764
66397,204.8001,-75.6838,6.32,-0.003,B8IV,144.278,,236.4066,-53.0659,-24.52,-229.0652
66403,204.8121,51.8042,6.49,1.378,K2,152.8974,,263.1579,-147.7026,-68.2862,206.8164
66424,204.8771,52.9212,5.46,0.113,A3Vn,16.3682,,53.5906,-29.3124,-13.5921,42.755
66430,204.8942,10.7463,5.57,0.348,F0V,18.5353,,59.988,-53.46,-24.8088,11.1854
66435,204.9202,-39.7476,6.29,1.597,M3/M4III,249.8044,,306.7485,-213.8907,-99.3764,-196.137
66446,204.9523,-40.0517,5.61,1.301,K2/K3III,115.0271,,152.207,-105.6339,-49.1509,-97.942
66447,204.9719,-53.4664,2.29,-0.171,B1III,1814.6798,,131.0616,-70.7265,-32.9381,-105.309
66456,204.9993,-49.95,5.74,1.496,M8III,109.2446,,157.4803,-91.8382,-42.8236,-120.5484
66470,205.0448,-64.5766,5.79,0.401,F3III-IV,20.2862,,69.4444,-27.0097,-12.6206,-62.7194
66479,205.0649,31.012,6.21,0.963,G5II:,78.343,,165.5629,-128.5345,-60.1141,85.301
66489,205.0892,57.2076,6.28,0.111,A4p SrCrEu,22.2229,,91.0747,-44.6718,-20.9155,76.5609
66493,205.097,50.5194,6.31,0.537,F7.7V,1.6719,,25.3293,-14.5844,-6.8309,19.5502
66514,205.1628,28.0652,6.22,1.311,K3III,78.6321,,166.6667,-133.1125,-62.5326,78.4126
66516,205.1686,19.9557,5.73,0.017,A1V,44.9987,,100.6036,-85.5852,-40.2161,34.3354
66527,205.1845,54.6816,4.63,1.63,M2IIIvar,315.6458,,160.5136,-83.975,-39.4879,130.9714
66541,205.2339,-85.786,5.56,0.183,A2m...,36.4754,,83.7521,-5.5669,-2.6236,-83.5257
66551,205.2598,22.4958,5.63,1.009,G9III,51.713,,102.9866,-86.0521,-40.6028,39.4042
66586,205.3744,64.8224,5.85,0.073,A2V,18.5183,,68.2128,-26.2199,-12.4357,61.7321
66591,205.4032,-8.703,5.03,1.623,M2III,206.8236,,156.25,-139.5172,-66.2573,-23.6425
66609,205.4366,-54.5594,4.99,-0.055,B8Vn+...,60.8135,,83.1947,-43.5647,-20.7202,-67.7802
66637,205.5046,-58.7871,5.38,-0.029,B9IV,352.858,,239.8082,-112.163,-53.5101,-205.0953
66648,205.5532,8.3884,6.16,0.418,F3Vp,3.9737,,36.4431,-32.5267,-15.5515,5.3164
66666,205.5957,82.7524,5.92,0.993,G9III,56.079,,122.549,-13.9432,-6.6792,121.5699
66680,205.6201,41.6743,6.3,0.879,G6III,205.3052,,279.3296,-188.1281,-90.217,185.7249
66691,205.6639,78.0644,5.91,1.0,G7III:,38.1944,,100.7049,-18.7723,-9.02,98.5277
66695,205.6809,34.989,5.98,0.857,G5III,76.1377,,146.8429,-108.4194,-52.1343,84.2026
66711,205.7277,-50.7902,6.43,1.671,M0III,157.4708,,259.7403,-147.9205,-71.2773,-201.2563
66712,205.7293,-41.401,5.96,1.019,K0III,43.8127,,110.3753,-74.584,-35.9418,-72.994
66713,205.7338,-56.768,6.0,-0.096,B0.5III,2716.4393,,884.9558,-436.883,-210.5751,-740.2284
66724,205.7655,3.5379,5.35,1.091,K1III,33.7287,,73.0994,-65.7065,-31.7149,4.5109
66772,205.917,-42.0675,5.96,-0.075,B8III,1353.9418,,613.4969,-409.6291,-199.0557,-411.0465
66780,205.9382,22.7004,6.12,1.447,K4III,90.1156,,170.3578,-141.3297,-68.7424,65.7433
66793,205.9783,52.0644,6.02,0.017,A1V,31.4196,,96.0615,-53.0892,-25.8684,75.7639
66824,206.0667,-51.0125,6.44,-0.106,A0p,32.7793,,119.0476,-67.2805,-32.9119,-92.5336
66845,206.1243,-16.1791,5.55,0.805,G1IV/V,334.8112,,252.5253,-217.7482,-106.7881,-70.3637
66859,206.1903,-25.5009,6.21,1.374,K3III,71.978,,158.7302,-128.5577,-63.2312,-68.3374
66890,206.3049,55.8793,6.47,0.486,F7IV-V,2.6915,,34.5901,-17.3937,-8.5983,28.6357
66891,206.306,10.3253,6.42,1.226,K2,39.1201,,128.866,-113.6499,-56.184,23.0975
66927,206.3961,-15.7675,6.18,0.046,A0V,33.0217,,106.0445,-91.4143,-45.3707,-28.8159
66931,206.4037,-26.116,5.81,0.023,A0V,31.2752,,87.0322,-69.9946,-34.7513,-38.3107
66941,206.4221,-33.0437,4.23,0.39,F3V,6.6619,,19.4024,-14.5652,-7.2372,-10.5797
66960,206.4847,-12.4265,5.5,0.898,G8III,85.428,,124.6883,-108.9882,-54.3031,-26.8314
66982,206.5565,41.0887,5.88,0.211,A5V,10.6955,,52.5486,-35.4269,-17.7068,34.5364
66985,206.5605,-54.6834,6.42,0.116,A1V,25.9418,,104.9318,-54.2585,-27.1239,-85.6212
66998,206.5795,38.5036,5.92,0.948,G9III,63.797,,130.719,-91.4854,-45.7714,81.381
67019,206.6486,54.4327,5.68,-0.039,B9p EuCr,36.9148,,89.0472,-46.2931,-23.231,72.4339
67023,206.6641,-51.4328,4.64,0.955,G8/K0III,78.6321,,80.5153,-44.8577,-22.5258,-62.9531
67027,206.6805,25.7022,5.97,0.523,F6IV-V,28.6814,,89.6861,-72.208,-36.2861,38.8963
67032,206.7348,-36.2519,5.15,-0.007,A0V,135.8939,,133.8688,-96.4145,-48.5648,-79.1616
67034,206.738,6.3504,6.33,0.63,G0V,2.5657,,31.6656,-28.1062,-14.1593,3.5025
67038,206.7492,38.5427,5.51,1.036,K0III+...,51.428,,97.1817,-67.8759,-34.211,60.5537
67050,206.7953,-62.5897,6.4,0.0,A7V,1315.8307,,740.7407,-304.3905,-153.7272,-657.5798
67059,206.8059,-9.7095,6.04,1.418,K5III,116.3054,,186.5672,-164.1334,-82.9308,-31.4649
67063,206.8157,17.4569,4.5,0.508,F7V,3.3667,,15.6177,-13.2963,-6.721,4.6851
67076,206.8558,-17.8598,5.41,1.623,M2III,257.0396,,207.4689,-176.1729,-89.2068,-63.6285
67079,206.8651,-50.2493,5.92,0.279,A3m...,15.7036,,64.8508,-36.9932,-18.7394,-49.8595
67088,206.8853,49.3133,1.85,-0.099,B3V SB,160.9904,Alkaid,31.8674,-18.5296,-9.3946,24.1646
67091,206.9108,-50.3207,5.46,1.351,K2III,132.923,,152.6718,-86.9236,-44.1194,-117.5008
67171,207.1614,31.1902,5.61,1.032,K0III,37.7398,,87.184,-66.3572,-34.0465,45.1509
67244,207.3614,-34.4508,4.19,1.52,M5III,57.8096,,56.1167,-41.0976,-21.2678,-31.7451
67246,207.3693,15.7979,4.05,1.52,K5IIIvar,136.2699,,80.7754,-69.024,-35.7318,21.9907
67251,207.3762,-41.6877,3.41,-0.225,B2IV,674.8387,Heng,133.8688,-88.7746,-45.9696,-89.0321
67259,207.4041,-42.4737,3.47,-0.17,B2IV-Ve,856.6433,,155.0388,-101.522,-52.6333,-104.6903
67267,207.4285,21.2641,4.92,1.432,K4III,141.9058,,123.0012,-101.7415,-52.8019,44.6085
67270,207.4372,36.6328,6.43,0.256,A7IV-V,9.1033,,62.461,-44.4854,-23.0957,37.2695
67272,207.4394,61.4893,5.97,0.974,G3V,56.3897,,125.7862,-53.2859,-27.6674,110.5319
67281,207.4679,-18.1342,4.96,1.059,K0III,50.7224,,74.9064,-63.161,-32.8345,-23.3141
67310,207.5271,-29.0813,6.19,-0.009,A0V,40.1051,,117.3709,-90.9618,-47.4065,-57.0482
67324,207.5808,-39.9009,6.43,0.992,K1III,29.5937,,112.6126,-76.5738,-39.9991,-72.2366
67332,207.6028,5.4972,6.0,0.899,K0,83.0998,,154.7988,-136.5488,-71.3946,14.8293
67335,207.6156,58.5395,6.45,0.094,A3V,13.5394,,76.864,-35.546,-18.5954,65.565
67376,207.7471,68.3153,6.39,1.179,K2IV,25.3746,,102.3541,-33.4709,-17.6077,95.1106
67392,207.7884,34.6644,5.89,1.635,M2III,165.8059,,207.9002,-151.2772,-79.7203,118.2471
67406,207.8348,-24.3904,6.43,0.703,G5V,0.8847,,19.4742,-15.6841,-8.2815,-8.0419
67414,207.8581,64.7233,4.58,1.572,M3III,166.4179,,113.8952,-42.9961,-22.725,102.9904
67434,207.9021,-36.4333,6.34,0.484,F6V,8.5192,,57.971,-41.2185,-21.826,-34.4282
67449,207.9468,-46.8987,5.77,-0.153,B2Vp,1019.53,,487.8049,-294.4428,-156.2072,-356.169
67450,207.9476,-69.4013,5.73,1.704,K5/M0III,221.6154,,223.2143,-69.3729,-36.8049,-208.9436
67451,207.9478,34.4442,4.76,1.611,K5III,368.4682,,184.1621,-134.1619,-71.1785,104.1628
67455,207.9567,-32.9941,4.32,-0.146,B5,180.9673,,105.3741,-78.0663,-41.4329,-57.3817
67482,208.0041,-31.6192,6.11,0.478,F5/F6V,8.7016,,52.687,-39.6125,-21.066,-27.6223
67489,208.0203,-52.8115,5.26,-0.084,B9Vn,43.5311,,79.6813,-42.5169,-22.626,-63.4782
67500,208.0767,12.1651,6.1,0.042,A1V,34.1665,,103.9501,-89.6575,-47.8258,21.9054
67564,208.2852,40.338,6.48,1.55,K5,282.098,,355.8719,-238.8712,-128.5391,230.3542
67568,208.2929,28.6481,5.91,0.202,A7V,16.278,,65.7462,-50.8048,-27.3474,31.5207
67572,208.3023,-31.9276,4.75,-0.111,B4IV,418.408,,195.3125,-145.9493,-78.593,-103.2905
67573,208.3039,17.9329,5.71,0.845,G5III,202.4883,,211.4165,-177.0976,-95.3727,65.0957
67605,208.3866,-35.6642,5.53,0.444,F3V,14.6016,,52.2739,-37.3632,-20.1909,-30.4775
67622,208.4296,-53.3733,5.87,0.009,B5III,298.1261,,276.2431,-144.9311,-78.4607,-221.6961
67634,208.4626,53.7287,5.7,-0.032,A0V,98.5372,,146.8429,-76.3731,-41.4027,118.3883
67637,208.4671,-35.3144,6.17,1.009,K0III,12.9062,,65.9631,-47.3174,-25.6561,-38.1308
67647,208.4885,-47.1282,5.83,-0.053,B2IIIe,40550853.5448,,100000.0,-59797.7718,-32452.0158,-73287.7422
67676,208.5694,-28.5696,6.05,1.129,K2III,13.9316,,64.8508,-50.0195,-27.2369,-31.0133
67711,208.6712,18.3977,2.68,0.58,G0IV,9.5852,Muphrid,11.396,-9.4877,-5.1881,3.5967
67713,208.6756,-1.5031,5.16,1.093,K2III,42.9339,,75.5858,-66.2924,-36.2574,-1.9827
67726,208.7047,-67.6521,5.74,1.49,K2III,368.129,,289.0173,-96.3878,-52.781,-267.3098
67737,208.7425,-8.0589,6.19,0.53,F8V+...,3.1857,,33.0797,-28.7175,-15.7501,-4.6374
67757,208.8006,-52.1608,5.66,-0.072,B8V,55.5648,,108.2251,-58.178,-31.9845,-85.4692
67786,208.885,-47.2884,2.55,-0.176,B2.5IV,1140.775,Leepwal,117.096,-69.5458,-38.3676,-86.0394
67794,208.9124,-82.6662,5.95,1.411,K2/K3III:p,219.1795,,245.7002,-27.4544,-15.1634,-243.6902
67814,208.9583,14.0565,6.16,0.518,F6V,1.8501,,24.8633,-21.1033,-11.6777,6.0388
67848,209.0436,32.0326,6.31,0.401,F4IV-V,11.8141,,67.3401,-49.9086,-27.7145,35.7173
67862,209.0826,-46.5929,5.82,1.14,K0IV,38.9404,,97.561,-58.5891,-32.5869,-70.8771
67863,209.0832,-54.1324,6.14,0.071,A1V,59.5937,,139.8601,-71.6138,-39.8323,-113.3389
67875,209.1162,1.0506,5.9,0.217,A8V,30.9599,,90.2527,-78.8347,-43.9079,1.6548
67883,209.1373,-54.7047,6.0,0.78,G8V,5.1952,,38.6997,-19.5308,-10.8874,-31.5861
67885,209.1424,27.4921,5.02,1.441,K3IIIvar,271.6439,,178.2531,-138.1072,-77.0034,82.2863
67959,209.3655,-23.0226,6.14,1.426,K2/K3III,94.1022,,175.7469,-140.9655,-79.3183,-68.7337
67966,209.3837,61.4929,6.49,1.04,K3V,0.2237,,10.0644,-4.1855,-2.3568,8.8442
67973,209.4121,-63.6867,4.71,1.075,K4III,46.9894,,64.2674,-24.8165,-13.9903,-57.6082
68006,209.4953,-25.9981,6.42,1.274,K1III,90.8657,,196.4637,-153.6974,-86.9412,-86.1181
68027,209.5678,-42.1008,3.83,-0.224,B2IV,663.7431,,161.0306,-103.9199,-58.9575,-107.9608
68051,209.6298,-24.9722,5.2,-0.086,B8V,75.4397,,102.0408,-80.4056,-45.732,-43.0795
68052,209.6303,-65.8007,6.2,1.043,K0III,71.0559,,156.9859,-55.9356,-31.815,-143.1907
68058,209.6622,21.6962,5.76,-0.002,A0Vs,90.615,,144.7178,-116.845,-66.545,53.5001
68061,209.6663,14.6493,6.01,1.43,K5III,100.3691,,170.9402,-143.7053,-81.856,43.231
68064,209.6698,-44.8036,3.87,-0.208,B2IV-V,423.4479,,131.0616,-80.7998,-46.031,-92.3563
68115,209.8228,-50.3696,5.92,0.957,G8/K0III,42.0727,,106.1571,-58.7434,-33.6737,-81.7596
68162,209.9553,-3.5498,6.36,0.486,F8V,14.9555,,77.5194,-67.0351,-38.6331,-4.7997
68172,210.0006,-25.0104,5.77,0.48,F6V,13.44,,55.991,-43.9426,-25.3708,-23.672
68195,210.0726,-61.481,6.49,0.333,F1III-IV,7.7696,,59.312,-24.5066,-14.1903,-52.115
68213,210.1369,-78.59,6.09,0.007,B9III,183.4848,,239.8082,-41.0283,-23.8185,-235.0688
68238,210.2189,-66.2689,5.96,0.352,F0V,20.8353,,76.1035,-26.4654,-15.415,-69.6685
68260,210.2937,27.3866,6.23,0.193,A7III,23.2274,,90.9918,-69.7614,-40.755,41.8555
68275,210.3294,-40.2219,6.12,1.265,K1III,128.825,,203.666,-134.2254,-78.5275,-131.5174
68280,210.3351,8.8949,5.98,0.089,A2V,24.2326,,82.85,-70.6467,-41.3407,12.8105
68298,210.4034,17.6684,6.36,1.215,G5,373.9383,,387.5969,-318.527,-186.9039,117.6385
68302,210.4116,1.5445,4.23,0.121,A3V,84.1783,,68.9655,-59.455,-34.8983,1.8589
68305,210.4312,-45.6034,4.34,0.598,F6II,2421.029,,389.1051,-234.7235,-137.8835,-278.0212
68319,210.4612,68.6787,6.34,1.412,K5,134.648,,230.4147,-72.2146,-42.4718,214.6442
68349,210.5508,45.7535,6.28,1.353,K2III,77.4819,,170.068,-102.1914,-60.3173,121.8272
68363,210.5949,-27.4298,5.47,1.331,K2/K3III,102.6124,,134.7709,-102.9669,-60.8821,-62.0837
68375,210.6327,9.6861,6.18,0.853,F8IV,164.8922,,236.9668,-200.9917,-119.021,39.8697
68418,210.749,50.9718,6.16,0.026,A2V,30.1717,,100.4016,-54.3349,-32.3246,77.9956
68422,210.7572,-31.684,6.18,0.48,F6V,4.2776,,38.1679,-27.9108,-16.6099,-20.0471
68424,210.767,-17.367,6.32,1.38,K2/K3III,32.2998,,111.8568,-91.7319,-54.6116,-33.3883
68450,210.8606,-56.2134,5.93,1.207,K2III,103.3713,,167.2241,-79.8273,-47.701,-138.9824
68454,210.8645,-41.4233,6.08,-0.112,B8 Si,155.5966,,219.7802,-141.4618,-84.5441,-145.4104
68463,210.8848,10.7868,6.27,0.733,G8V,0.7798,,16.9837,-14.3179,-8.5639,3.1786
68468,210.9032,7.5462,6.25,0.927,G9III,55.5648,,142.0455,-120.8246,-72.3212,18.6541
68483,210.9559,-60.373,0.61,-0.231,B1III,7171.3348,Hadar,120.1923,-50.954,-30.5629,-104.4786
68486,210.9712,-22.4216,6.3,0.452,F3IV,19.2132,,85.4701,-67.7442,-40.6585,-32.5999
68488,210.9823,4.901,6.24,0.406,F4V,9.9083,,59.7015,-50.9965,-30.6204,5.1005
68520,211.0607,-5.3814,6.39,1.321,K0,24.6604,,100.9082,-86.0591,-51.8336,-9.4637
68537,211.0975,64.3758,3.67,-0.049,A0III SB,256.0944,Thuban,92.9368,-34.416,-20.759,83.7965
68544,211.1124,-14.9717,6.35,1.081,K1III+...,39.8474,,125.9446,-104.1677,-62.8688,-32.5368
68557,211.1559,2.2975,6.28,1.022,K0,38.6901,,120.1923,-102.7734,-62.1338,4.8184
68596,211.3335,-76.7968,5.69,1.239,M6.5III,59.0473,,113.1222,-22.0695,-13.4362,-110.1319
68622,211.4437,-54.6694,6.2,0.225,A5III/IV,70.4044,,156.25,-77.0895,-47.1365,-127.4732
68642,211.5115,-41.1796,4.36,-0.198,B2V,384.4147,,156.4945,-100.4162,-61.563,-103.0394
68652,211.5455,-43.0917,6.18,0.986,G8III,50.5825,,131.2336,-81.6729,-50.1384,-89.6546
68675,211.5929,-26.6824,3.25,1.091,K2III,41.8408,,30.9598,-23.563,-14.492,-13.9023
68682,211.6048,-59.7159,6.39,0.079,B0Ia,24210290.4674,,100000.0,-42949.3313,-26427.6013,-86353.5571
68714,211.6709,-36.37,2.06,1.011,K0IIIb,42.462,Menkent,18.0343,-12.3588,-7.6243,-10.6943
68720,211.6784,-9.3135,5.46,0.347,F2IV,19.2132,,58.0383,-48.74,-30.0771,-9.3927
68736,211.7352,74.5938,6.43,0.16,A7V,39.9945,,130.8901,-29.5735,-18.2901,126.1868
68791,211.9201,-48.704,6.43,0.001,B9V,20.455,,93.633,-52.4491,-32.6722,-70.3475
68792,211.9231,-49.8676,6.45,0.66,G3V,4.9614,,46.5333,-25.4571,-15.8599,-35.5774
68818,211.9823,43.8545,5.13,1.493,M4.2III,191.0733,,157.2327,-96.1709,-60.053,108.9353
68845,212.0595,-63.2079,6.39,1.013,G8/K0III,30.6196,,112.4859,-42.971,-26.9134,-100.4104
68848,212.0722,49.4582,5.26,1.637,M2III,194.2674,,168.3502,-92.7272,-58.1049,127.9346
68870,212.1149,-74.8503,6.02,0.581,G1V,2.7644,,28.4981,-6.3081,-3.9594,-27.5077
68887,212.1921,59.3376,6.47,1.023,K0III,32.2701,,119.7605,-51.6859,-32.5384,103.0165
68892,212.2125,77.5475,4.8,1.368,K3III,205.4944,,140.056,-25.5518,-16.0986,136.7612
68893,212.2162,-43.4708,6.19,-0.056,B9V,75.5092,,161.0306,-98.8719,-62.302,-110.7866
68902,212.2344,-59.2767,6.34,0.031,B5IV,369.1476,,381.6794,-164.9428,-104.0084,-328.1087
68907,212.2525,-10.3345,6.45,1.003,G8III,37.0851,,127.2265,-105.8505,-66.7931,-22.8238
68954,212.396,-51.5047,5.96,-0.053,B9IV,227.1956,,251.2563,-132.0542,-83.7913,-196.648
68971,212.4786,-53.4389,4.74,0.938,G8III,34.6099,,55.9284,-28.1046,-17.8899,-44.923
69004,212.5997,25.0917,4.82,0.541,F9IVw,14.4012,,37.4251,-28.5536,-18.2606,15.8708
69019,212.6288,-70.3055,6.07,1.718,K4II,32508729.7385,,100000.0,-28381.983,-18171.1291,-94150.2688
69047,212.7104,-16.302,4.93,1.684,M1III,185.3532,,141.2429,-114.0656,-73.2579,-39.647
69076,212.758,-69.7193,6.07,0.19,A6IV,15.7036,,69.4927,-20.2567,-13.0336,-65.1846
69094,212.813,32.2959,6.14,1.258,K4III,37.3938,,110.742,-78.6741,-50.7273,59.1685
69118,212.88,1.3624,6.42,0.479,F7V,4.6516,,44.4444,-37.3143,-24.1212,1.0567
69151,213.0168,69.4325,5.18,1.595,M2III,127.0574,,131.2336,-38.6584,-25.1212,122.8687
69167,213.0659,2.4094,4.99,-0.118,B9p Si,55.1061,,79.1766,-66.2948,-43.1608,3.3286
69176,213.1024,-24.3634,6.35,1.351,K2III,73.6546,,171.2329,-130.6674,-85.1887,-70.6373
69193,213.1918,-27.2612,5.07,1.13,K2III,36.3413,,66.7111,-49.6259,-32.4641,-30.5569
69205,213.2239,-10.2737,4.18,1.323,K3III,113.1358,Kang,78.125,-64.3065,-42.1194,-13.9336
69236,213.3052,-26.6123,6.23,1.071,K0III,74.1993,,162.6016,-121.4984,-79.8254,-72.8376
69240,213.3184,-53.6657,5.53,1.438,K5III+...,2284.5465,,653.5948,-323.6,-212.7142,-526.5186
69261,213.3708,51.79,4.53,0.233,A8IV,33.6977,,50.1002,-25.88,-17.0458,39.3662
69269,213.416,-54.6256,6.09,0.051,B5V,317.6874,,315.4574,-152.4348,-100.5732,-257.2198
69271,213.42,-0.8455,5.89,0.489,F7Vw,13.527,,59.3824,-49.5585,-32.7026,-0.8762
69313,213.5216,12.9594,5.53,0.537,F6IV,6.1489,,33.9213,-27.5591,-18.2559,7.6072
69342,213.5888,-5.9477,6.36,0.593,F9V,4.5709,,42.8633,-35.5142,-23.5856,-4.4415
69347,213.5981,41.5188,6.23,1.071,K3III:,5.8776,,45.7666,-28.5425,-18.9623,30.3371
69363,213.6484,13.9755,6.45,1.348,K2,47.5554,,144.0922,-116.3995,-77.4773,34.7992
69370,213.6707,21.8734,6.38,0.194,A7V,8.7579,,59.8802,-46.247,-30.8087,22.3088
69376,213.6779,-41.8375,5.61,0.929,G8III,92.6403,,136.612,-84.6992,-56.4401,-91.123
69390,213.7119,10.1006,5.29,1.007,K1III,44.0149,,81.2348,-66.527,-44.3879,14.2467
69392,213.7209,3.3359,6.41,1.6,M4III,145.6129,,247.5248,-205.5303,-137.1801,14.4033
69396,213.7381,-57.0861,5.03,-0.074,B4Vne,184.8417,,147.7105,-66.7452,-44.5777,-124.0012
69401,213.7552,-29.2819,6.1,0.04,A1V,90.5316,,169.2047,-122.7044,-82.0047,-82.7592
69433,213.8388,-53.5099,6.4,1.576,K3III,238.7811,,315.4574,-155.8197,-104.4651,-253.6151
69436,213.8504,-18.2007,5.53,0.001,A0V,30.5914,,75.643,-59.6781,-40.027,-23.6268
69449,213.9111,-45.0008,6.31,0.596,F9V,1.1738,,21.2179,-12.4512,-8.3703,-15.0035
69451,213.9154,19.1824,-0.05,1.239,K2IIIp,115.558,Arcturus,11.2575,-8.8235,-5.9326,3.699
69479,214.0036,-6.0005,4.07,0.511,F7V,10.1391,Syrma,22.237,-18.3335,-12.3678,-2.3246
69491,214.0416,51.3672,4.75,0.236,A9V,9.264,,29.0698,-15.0389,-10.1597,22.7083
69505,214.0891,-6.6215,6.44,0.275,A9III,9.5499,,64.2674,-52.8691,-35.7804,-7.4107
69510,214.0961,46.0883,4.18,0.087,A0sh,17.0765,Xuange,30.3582,-17.4355,-11.803,21.8703
69513,214.1012,39.7447,6.38,0.376,F2IV,6.1094,,50.0,-31.8343,-21.5545,31.9684
69525,214.1257,-3.1963,6.15,-0.007,A1V,59.4292,,140.2525,-115.9217,-78.5607,-7.8201
69529,214.1369,20.1218,6.25,0.504,F8V,2.9322,,32.6264,-25.3566,-17.1915,11.2241
69541,214.1613,-66.5879,5.72,-0.095,B1.5III,717.7943,,400.0,-131.5137,-89.247,-367.0683
69551,214.2031,-8.8845,6.47,1.212,K0,71.1869,,177.9359,-145.3963,-98.8226,-27.4809
69556,214.2298,-77.6642,6.48,1.375,K2IIp,848.7895,,617.284,-109.0342,-74.1826,-603.0324
69569,214.2658,-18.5857,6.22,0.985,K0III,44.6684,,125.6281,-98.4088,-67.0439,-40.0405
69596,214.3381,51.3074,6.19,0.07,A2IV,23.7465,,90.3342,-46.63,-31.8543,70.5068
69606,214.3686,15.2634,5.84,1.678,M3III,219.3815,,233.6449,-186.0532,-127.2433,61.5085
69639,214.455,48.002,6.32,0.466,F5,12.8469,,70.5219,-38.9086,-26.6962,52.4096
69656,214.4993,35.5095,4.8,1.057,K1III,53.6537,,71.582,-48.0215,-33.0034,41.5775
69658,214.503,-7.5424,6.47,0.723,F9V,2.3812,,32.5415,-26.5853,-18.2736,-4.2714
69673,214.5582,-81.0078,4.89,0.243,A2m...,17.2822,,42.337,-5.4497,-3.7536,-41.8167
69706,214.6594,-18.716,5.86,0.013,Ap Si(Cr),41.0771,,102.0408,-79.495,-54.9617,-32.7425
69735,214.733,54.8638,6.47,0.183,A5Vn,23.142,,101.4199,-47.969,-33.2562,82.9398
69742,214.7538,-25.8154,5.87,0.518,F7Vw,1.2706,,18.0343,-13.3384,-9.2545,-7.8535
69751,214.7775,-13.3711,4.52,0.128,A1V,44.2996,Khambalia,57.1755,-45.6894,-31.7283,-13.2222
69754,214.7798,-27.1411,6.35,1.591,K5III,192.6637,,277.0083,-202.4674,-140.6128,-126.3668
69766,214.8178,13.0043,5.41,0.385,F5IV,4.0663,,26.096,-20.8746,-14.5179,5.8722
69772,214.8495,-37.0029,5.93,0.082,A1V,19.971,,73.4754,-48.1543,-33.5299,-44.2216
69773,214.8509,-46.0581,3.55,-0.184,B2.5IV,355.4676,,103.6269,-59.0121,-41.0923,-74.6159
69789,214.8853,-2.2655,5.14,1.023,G9III,49.2493,,80.1925,-65.7304,-45.8291,-3.17
69799,214.9206,0.3843,6.18,0.201,A7V,11.749,,63.2511,-51.8613,-36.2067,0.4243
69804,214.9385,16.3069,4.84,1.228,K3III,33.1742,,57.3394,-45.114,-31.5171,16.0999
69806,214.9489,38.7941,6.33,0.053,A2V,44.7507,,132.2751,-84.5037,-59.0579,82.8734
69813,214.965,-61.273,5.22,0.281,Am,16.6265,,48.3559,-19.0466,-13.3192,-42.4042
69815,214.9717,-6.7462,6.42,0.915,G5,24.322,,101.626,-82.6994,-57.8458,-11.9381
69828,215.0361,30.4291,6.45,0.156,A5III,19.7879,,92.9368,-65.614,-46.0051,47.0699
69831,215.0404,-43.0588,5.55,0.907,G8III,67.1738,,113.1222,-67.672,-47.4556,-77.2341
69846,215.0814,-56.3865,4.3,0.082,B6Ib,2346.3889,,375.9398,-170.3085,-119.6125,-313.0792
69867,215.1393,-37.8853,4.05,-0.03,A0IV,131.5831,,79.3651,-51.2227,-36.0525,-48.7367
69881,215.1774,-45.1871,4.78,0.31,F0IV,20.2302,,43.554,-25.0906,-17.6846,-30.8977
70020,215.5822,-34.7868,5.57,-0.088,B8V,909.4943,,420.1681,-280.644,-200.7893,-239.7161
70025,215.5966,-80.1089,5.06,-0.108,B4V,321.8103,,197.6285,-27.6041,-19.7601,-194.691
70041,215.6546,-58.4591,4.76,0.795,G8/K1 + F/G,149.9685,,117.5088,-49.9469,-35.8305,-100.1489
70048,215.6613,-48.3199,6.1,-0.13,B1III,1424.2952,,671.1409,-362.6002,-260.1836,-501.2541
70077,215.7593,-39.5118,4.41,-0.185,B2V,295.1209,,140.2525,-87.8051,-63.2324,-89.2339
70083,215.7741,-27.754,4.78,1.3,K3III,24.8428,,48.2625,-34.6519,-24.968,-22.4747
70087,215.7785,25.3382,6.22,0.411,F5V,3.7809,,36.5364,-26.7898,-19.3061,15.6361
70096,215.8137,1.2416,6.25,0.639,G1V,0.8143,,17.191,-13.9373,-10.057,0.3725
70097,215.814,-47.417,6.41,1.257,G5Ib,544.0014,,478.4689,-262.5437,-189.4499,-352.2954
70102,215.8344,-50.7723,6.03,1.36,K2III,327.19,,311.5265,-159.7191,-115.3389,-241.3204
70104,215.8446,8.4466,4.86,0.01,A0V,43.0527,,65.9196,-52.8554,-38.183,9.6828
70113,215.8568,-11.714,6.22,0.99,G7III,29.8401,,102.6694,-81.4788,-58.8872,-20.8447
70140,215.9525,-53.1762,5.99,1.099,K1III,44.6684,,112.9944,-54.8227,-39.7616,-90.4501
70161,216.0036,8.244,5.94,0.066,A3V,67.2977,,135.5014,-108.4851,-78.8296,19.4293
70162,216.0083,27.4132,6.39,1.609,K4III,900.3264,,609.7561,-437.864,-318.2232,280.7341
70177,216.0473,5.8201,5.1,0.124,A5V,18.8799,,48.7567,-39.2181,-28.5431,4.9442
70191,216.0761,8.0846,6.19,1.208,K4III,35.2209,,110.011,-88.0311,-64.1372,15.4714
70195,216.0924,-82.8482,6.42,-0.001,B8V,207.3958,,296.7359,-29.8524,-21.7627,-294.4273
70228,216.1701,-44.3111,6.43,1.047,K0/K1III,59.3745,,159.4896,-92.1286,-67.3541,-111.4122
70229,216.1702,-11.6697,6.49,0.417,F4III,18.0801,,90.4977,-71.5458,-52.3065,-18.3049
70246,216.2026,-24.8063,5.34,0.962,K0III,126.0085,,140.647,-103.0209,-75.4071,-59.0087
70269,216.2764,-68.1953,5.56,0.435,A3Ib,2006.3191,,621.118,-185.9922,-136.5069,-576.6805
70274,216.2995,51.8507,4.04,0.497,F7V,4.4504,,14.5307,-7.2339,-5.3137,11.427
70278,216.3233,-13.3532,6.49,1.223,K2III,52.4324,,154.0832,-120.7867,-88.8023,-35.5859
70294,216.3715,38.3931,6.28,1.225,K2III:,79.6526,,172.4138,-108.8073,-80.136,107.0781
70305,216.4157,-66.1729,6.36,0.128,A1V,43.7724,,132.626,-43.1158,-31.806,-121.3221
70315,216.449,-26.8522,6.48,0.941,K0III,11.4815,,71.7875,-51.5185,-38.0508,-32.4258
70351,216.5343,-45.2214,4.56,-0.147,B2IV,1461.504,,334.4482,-189.2846,-140.2386,-237.4028
70353,216.545,-45.3793,4.33,0.434,A7:+...,154.5966,,97.8474,-55.2162,-40.925,-69.645
70357,216.5561,-42.3186,6.33,1.215,K3III,24.6377,,98.1354,-58.2876,-43.219,-66.0699
70380,216.614,19.2269,5.4,0.231,F0m,47.863,,89.1266,-67.549,-50.192,29.3503
70403,216.7078,-39.874,6.36,-0.088,B9V,54.0008,,147.2754,-90.6134,-67.5604,-94.4184
70415,216.732,-83.6679,4.31,1.3,K2III,138.1656,,91.659,-8.1019,-6.046,-91.0998
70434,216.7796,-65.8216,5.87,1.502,K3III,299.7782,,277.0083,-90.8725,-67.9308,-252.7077
70440,216.8009,-46.1343,5.83,0.311,Am,18.6724,,67.8426,-37.6443,-28.1624,-48.9122
70457,216.8516,-6.1203,6.18,0.093,A2IV,18.2642,,78.8644,-62.7469,-47.0289,-8.4083
70470,216.8814,75.696,4.25,1.431,K4III,210.281,,110.011,-21.7408,-16.3124,106.6005
70530,217.0435,-29.4916,4.97,-0.074,B7/B8V,130.2567,,120.6273,-83.8066,-63.2526,-59.3844
70532,217.0506,-2.228,4.81,0.693,G2III,13.6395,Elgafar,36.2582,-28.9159,-21.8298,-1.4096
70539,217.0685,36.197,6.22,1.174,K0III,191.0733,,259.7403,-167.2495,-126.3454,153.3932
70568,217.158,49.8449,5.58,0.864,G3IV,51.0505,,100.0,-51.3936,-38.9505,76.4301
70572,217.1738,-6.9005,5.42,1.49,K5III,217.1701,,191.5709,-151.5391,-114.9154,-23.0165
70575,217.1813,-59.1975,6.46,0.111,A0II/III,22698648.5188,,100000.0,-40798.8036,-30946.939,-85893.7983
70586,217.2163,-47.9921,6.4,-0.112,Ap...,41.5336,,131.5789,-70.1249,-53.2591,-97.77
70650,217.4032,41.7959,6.36,0.702,G5V,1.4035,,23.7417,-14.0605,-10.7513,15.8234
70651,217.4044,-76.7291,6.06,1.18,K0/K1III,74.6105,,150.8296,-27.504,-21.0318,-146.8018
70668,217.457,31.7912,6.06,-0.013,A0Vs,39.8107,,110.1322,-74.3082,-56.93,58.0204
70670,217.4605,0.8289,5.96,0.159,A5IV,22.6152,,79.3021,-62.9413,-48.2276,1.1473
70691,217.536,-45.3214,5.51,-0.087,B8Vn,116.4126,,146.1988,-81.5148,-62.6299,-103.9564
70707,217.5873,-49.519,5.38,0.056,A1V,23.8561,,62.3441,-32.0722,-24.6876,-47.4203
70726,217.6891,4.7723,6.01,1.421,K4III,155.5966,,212.766,-167.7865,-129.6292,17.7012
70728,217.6925,63.1858,6.1,0.428,F4IV,3.1945,,31.7864,-11.3464,-8.7671,28.3685
70741,217.7359,-40.8451,6.39,1.441,K3III,193.1968,,282.4859,-168.9986,-130.7862,-184.7505
70762,217.7952,-38.8697,5.99,1.06,K1III,32.6588,,96.6184,-59.443,-46.1007,-60.633
70777,217.8184,-67.7172,5.84,1.006,K1III,23.2274,,76.0456,-22.7783,-17.6804,-70.3668
70815,217.9285,60.2256,6.26,0.243,F0III,37.4283,,117.096,-45.866,-35.7424,101.6379
70828,217.9575,30.3714,3.57,1.298,K3III,78.343,,49.0918,-33.3953,-26.0514,24.821
70851,218.0195,38.3083,3.04,0.191,A7IIIvar,37.4973,Seginus,26.6099,-16.4496,-12.8609,16.4953
70869,218.0843,26.6773,6.0,0.23,A7Vn,18.8105,,73.6377,-51.7906,-40.5861,33.0607
70885,218.1289,55.398,5.74,1.529,K5III,159.2209,,190.1141,-84.9243,-66.6584,156.4861
70889,218.1356,22.2601,5.91,0.391,F2IV,10.9951,,54.0249,-39.3265,-30.8754,20.4652
70895,218.1544,-50.4572,4.44,-0.177,B2III,453.7326,,176.3668,-88.295,-69.3677,-136.005
70929,218.2902,-30.7151,6.07,1.03,K0III,33.2966,,101.2146,-68.2973,-53.919,-51.6973
70943,218.3345,36.959,6.39,0.521,F8IVw,13.627,,75.0188,-47.021,-37.1809,45.1046
70958,218.3749,-52.6795,5.86,1.085,K0III,39.7009,,100.3009,-47.6727,-37.7509,-79.765
70959,218.3851,-54.9986,5.86,0.482,F6IV-V,23.0569,,76.4526,-34.3743,-27.2302,-62.6253
70971,218.4107,79.6604,6.27,1.315,K3III,51.428,,137.931,-19.3983,-15.3808,135.6912
71018,218.5487,32.5345,6.32,0.45,F5V,4.2501,,40.568,-26.7483,-21.3137,21.8178
71025,218.5659,57.0653,6.46,0.526,F7V,1.948,,29.2997,-12.4553,-9.9309,24.591
71051,218.6604,36.6261,6.02,1.379,K5III,82.3379,,155.521,-97.4616,-77.971,92.7823
71054,218.6651,49.3684,5.74,1.56,M1III,303.3891,,262.4672,-133.4538,-106.7834,199.1894
71058,218.67,29.7451,4.47,0.364,F3Vwvar,3.558,,15.8328,-10.7328,-8.5894,7.8553
71069,218.7114,-20.4394,6.49,0.139,A3V,49.4766,,149.7006,-109.4581,-87.7281,-52.2779
71107,218.8211,-60.0156,6.39,1.256,K2III,71.2525,,171.5266,-66.7872,-53.7388,-148.5698
71125,218.8768,-42.1578,2.33,-0.157,B1Vn + A,894.5405,,93.7207,-54.0861,-43.6059,-62.903
71127,218.8812,-41.5174,5.88,-0.085,B6V,48.9779,,112.4859,-65.5643,-52.8682,-74.561
71180,219.0286,23.2504,6.39,1.063,K0,32.961,,116.6861,-83.284,-67.511,46.0618
71193,219.0793,-46.2455,5.55,1.489,K3III,241.6573,,214.5923,-115.2035,-93.5543,-155.002
71202,219.1005,-39.5974,6.13,1.048,K1III,59.8136,,139.47,-83.3992,-67.7778,-88.8967
71227,219.1839,-40.2116,5.74,-0.112,B8V,95.8517,,147.4926,-87.3059,-71.1641,-95.223
71243,219.2491,-12.3053,6.2,0.464,F5V,2.9868,,32.175,-24.344,-19.8892,-6.8572
71268,219.3018,-53.0608,6.49,1.447,K2/K3III,163.9834,,272.4796,-126.7142,-103.7209,-217.7857
71274,219.334,-46.1334,5.39,0.927,K0III,1064.6332,,418.41,-224.2662,-183.782,-301.6551
71284,219.3686,2.2772,6.45,0.56,F8,12.8115,,74.7943,-57.7764,-47.4051,2.9719
71304,219.4441,-67.932,6.03,0.506,F7V,2.6254,,27.894,-8.0931,-6.6582,-25.8504
71310,219.4718,-49.4258,4.05,-0.152,B5V,196.2456,,96.8992,-48.6524,-40.0657,-73.6012
71342,219.5526,43.6421,5.74,1.481,K2III,336.047,,276.2431,-154.1367,-127.2981,190.6497
71345,219.5583,18.2984,5.9,1.099,K2III:,37.2563,,99.0099,-72.4745,-59.8673,31.0857
71347,219.5634,54.0233,5.83,0.007,A1V,49.2947,,110.2536,-49.9318,-41.2535,89.2234
71355,219.5807,-38.7942,6.04,1.422,K3III,163.531,,221.2389,-132.8997,-109.8687,-138.6116
71392,219.7093,44.4045,5.39,0.03,A1V,19.7697,,57.0125,-31.334,-26.0226,39.8928
71412,219.7954,-46.5845,6.06,0.508,F7V,4.0179,,35.0018,-18.4832,-15.3971,-25.4249
71431,219.8522,-49.0553,6.37,0.44,F3IV,7.5093,,55.1876,-27.7647,-23.1756,-41.6855
71453,219.9052,-60.8383,1.35,0.9,K1V,0.441,Toliman,1.3248,-0.4952,-0.4141,-1.1569
71456,219.9115,-60.834,-0.01,0.71,G2V,1.5431,Rigil Kentaurus,1.3248,-0.4952,-0.4142,-1.1568
71503,220.0911,21.9759,6.13,0.434,G0V,41.6102,,116.2791,-82.4925,-69.4434,43.5135
71520,220.1365,-56.4408,6.3,1.173,K0/K1II,319.4479,,348.4321,-147.2546,-124.1604,-290.3536
71533,220.1766,13.5343,5.93,0.238,F0V,9.5499,,50.813,-37.746,-31.8715,11.8917
71536,220.1815,16.4183,4.49,-0.002,B9p MnHg,122.3489,,93.7207,-68.6833,-58.0039,26.49
71557,220.2558,-36.1349,5.67,-0.081,Ap Si,169.1999,,189.7533,-116.9559,-99.0308,-111.8952
71569,220.2873,13.7283,3.78,0.044,A3IVn,77.7678,,53.8793,-39.9256,-33.8442,12.7865
71606,220.4115,8.1618,4.86,0.992,G8IIIvar,268.9057,,164.7446,-124.1674,-105.7176,23.3885
71611,220.4313,11.6607,5.55,0.941,G8III,80.1678,,123.6094,-92.1476,-78.5107,24.9833
71627,220.4635,-30.9332,6.38,-0.083,Asp...,305.0703,,353.3569,-230.603,-196.6996,-181.6388
71630,220.476,21.1236,6.4,0.928,G8III,48.5289,,142.2475,-100.9338,-86.1324,51.2632
71634,220.4823,-47.3882,2.3,-0.154,B1.5III,2124.2225,Uridim,142.4501,-73.3549,-62.6119,-104.8372
71635,220.4832,-58.6158,6.21,0.454,F4V,5.2048,,42.6803,-16.9056,-14.4302,-36.4359
71639,220.49,-37.7935,4.01,-0.157,B2.5V,234.2071,,103.9501,-62.4721,-53.3373,-63.7024
71644,220.499,-77.0115,6.34,-0.027,B9III,82.0352,,179.8561,-30.739,-26.2526,-175.2545
71650,220.5133,61.2619,6.24,0.409,F2V,4.5962,,40.6669,-14.8652,-12.7021,35.6578
71682,220.6274,-64.9751,3.18,0.256,F1Vp,12.7879,Xami,16.57,-5.3198,-4.564,-15.0145
71731,220.7651,-5.6582,3.87,0.385,F2III,8.2338,,18.2715,-13.7713,-11.8724,-1.8015
71748,220.8065,-24.9978,5.7,0.006,B9.5V,106.1696,,152.439,-104.5756,-90.2879,-64.4181
71769,220.8557,26.5279,4.8,1.672,M3III,488.4274,,215.9827,-146.1616,-126.4114,96.465
71774,220.8673,-62.9667,6.39,-0.086,B3V:,24210290.4674,,100000.0,-34371.1985,-29738.9055,-89074.2287
71783,220.9144,-35.1737,4.06,1.356,K3III,85.428,,64.2261,-39.673,-34.3832,-36.9979
71786,220.9352,40.4593,5.72,1.398,K4III,197.1515,,209.6436,-120.5029,-104.5123,136.0392
71870,221.2313,-58.4775,6.1,1.013,K0III,33.5429,,102.9866,-40.4943,-35.4892,-87.7894
71878,221.2467,-35.1918,4.92,0.013,A0V,40.4762,,65.703,-40.3716,-35.4007,-37.8657
71879,221.2468,27.0742,2.35,0.966,A0,385.8336,Izar,62.1118,-41.5829,-36.4631,28.2698
71895,221.2957,-55.6016,6.1,-0.066,B2III,391.9223,,352.1127,-149.4542,-131.2787,-290.5386
71896,221.2988,-1.4175,6.06,1.608,M1III,274.1574,,289.0173,-217.0659,-190.6889,-7.1497
71898,221.3071,32.7883,6.27,1.61,M1III,166.4179,,248.139,-156.7001,-137.6989,134.3765
71899,221.3103,16.9643,4.6,0.972,K0III,69.8876,,74.5156,-53.5366,-47.05,21.7418
71905,221.322,-62.8756,5.36,0.308,A7Vn,14.669,,48.4496,-16.5893,-14.5854,-43.1211
71909,221.3285,-51.3149,6.44,1.591,K4III,355.4676,,392.1569,-184.0645,-161.8668,-306.115
71913,221.3358,18.885,6.15,0.841,K0,95.9401,,178.2531,-126.6371,-111.3935,57.695
71928,221.3759,0.7173,5.68,-0.021,B9.5V,106.5614,,151.2859,-113.5145,-99.9915,1.8939
71968,221.4907,-15.4595,6.33,1.194,K2III,505.359,,444.4444,-320.8719,-283.7902,-118.4701
71971,221.5004,-25.4432,5.15,0.315,F0V + G/K,6.9566,,30.2847,-20.4819,-18.1211,-13.0108
71982,221.5248,15.1318,5.78,1.335,M5III,260.1357,,247.5248,-178.8889,-158.4056,64.6139
71984,221.5282,-23.153,5.8,0.98,K0III,44.8745,,103.7344,-71.4038,-63.2355,-40.7871
71991,221.5454,-21.176,6.43,0.603,G2V,3.9701,,41.2541,-28.791,-25.5128,-14.9024
71994,221.5622,1.8929,3.73,-0.005,A0V,47.687,,41.2371,-30.8383,-27.3431,1.3621
72024,221.6209,-47.4411,5.74,0.066,A1V,38.6901,,93.7207,-47.3859,-42.1021,-69.033
72064,221.7554,-52.3835,5.22,0.984,G6III,45.1648,,79.6813,-36.2817,-32.3888,-63.1167
72070,221.7712,-38.2906,5.9,1.336,K3III,89.7016,,153.6098,-89.9186,-80.3152,-95.1844
72082,221.8024,-52.2053,6.07,0.084,A1III/IV,2416.5735,,862.069,-393.8241,-352.1497,-681.2166
72084,221.8069,-21.3249,6.05,1.649,K4/K5III,844.8897,,505.0505,-350.6875,-313.6266,-183.6645
72097,221.844,-25.6243,5.61,-0.043,B9IV/V,257.7508,,227.7904,-153.006,-137.0147,-98.512
72112,221.8837,-43.5568,6.3,1.068,K1III,140.9938,,231.4815,-124.892,-111.9953,-159.5077
72131,221.9367,-26.0875,5.23,0.938,G8/K0III,84.879,,109.7695,-73.337,-65.8863,-48.2704
72144,221.9655,-79.0448,3.83,1.433,K5III,479.9544,Paradys,136.9863,-19.3569,-17.408,-134.4899
72147,221.979,-12.84,6.34,1.097,K0III,32.2107,,112.7396,-81.7138,-73.5211,-25.054
72152,221.9898,-26.6462,5.76,-0.007,B9.5V,81.358,,137.1742,-91.1281,-82.0228,-61.5198
72186,222.0973,24.3669,6.15,0.506,F2V,21.6571,,84.674,-57.2321,-51.7083,34.9346
72206,222.1585,-36.6347,5.89,1.369,M5III,95.4993,,157.7287,-93.8254,-84.9521,-94.1184
72212,222.1857,-66.5936,5.91,-0.106,B2.5V,700.1644,,431.0345,-126.8759,-114.9862,-395.5647
72223,222.2254,-0.8477,6.15,-0.025,B9Vsvar...,54.7016,,134.5895,-99.6535,-90.4408,-1.9911
72243,222.2783,37.8112,6.15,0.389,F2V,4.998,,40.6835,-23.781,-21.6225,24.9415
72245,222.2796,-56.6678,6.21,1.107,K3III,19.5164,,82.6446,-33.5994,-30.5513,-69.0495
72261,222.3278,46.1162,5.76,0.482,F7IVw,10.3848,Merga,48.9956,-25.1095,-22.8701,35.3134
72262,222.3281,-24.2515,5.68,1.275,K3III+...,449.1589,,310.559,-209.335,-190.668,-127.5597
72263,222.3294,-14.149,5.32,0.066,Ap,34.5144,,72.9395,-52.2873,-47.6268,-17.8297
72282,222.3849,51.3745,6.49,0.401,F5IV,7.2044,,57.1102,-26.3321,-24.0318,44.6169
72298,222.4221,48.7208,5.68,0.501,F6V+...,21.8978,,68.5871,-33.4025,-30.5243,51.5435
72326,222.4933,28.6158,5.8,0.046,A4V,40.4017,,98.4252,-63.7095,-58.3653,47.1392
72341,222.5658,23.9118,5.86,0.576,G2V,1.3026,,18.1719,-12.2349,-11.2371,7.3656
72345,222.5722,-27.9604,4.42,1.366,K3III,153.1793,Solitaire,101.5228,-66.0369,-60.665,-47.6001
72347,222.5822,82.5119,5.63,0.671,F9V,9.1369,,43.29,-4.1539,-3.8173,42.9208
72356,222.6237,37.272,5.47,1.03,K0III-IV,23.3991,,64.3501,-37.6796,-34.6769,38.9704
72377,222.6716,-15.9972,5.15,0.401,F3V,4.0068,,22.9779,-16.2403,-14.9712,-6.3325
72380,222.6766,74.1555,2.07,1.465,K4IIIvar,208.5451,Kochab,40.1445,-8.0581,-7.4297,38.6193
72396,222.7197,-16.0418,2.75,0.147,A3IV,37.3594,Zubenelgenubi,23.2396,-16.4089,-15.1521,-6.422
72402,222.7504,-0.2575,6.18,1.397,K3III,57.8096,,140.2525,-102.9889,-95.2032,-0.6303
72404,222.7545,-2.2992,4.93,0.988,G8...,41.7254,,67.0241,-49.1741,-45.4632,-2.6888
72432,222.8474,19.1005,4.54,0.72,G8V + K4V,0.5992,,6.7123,-4.6503,-4.3134,2.1964
72437,222.8604,59.294,5.48,1.369,K4III,107.9444,,138.8889,-51.9862,-48.2417,119.4165
72443,222.8753,-77.176,6.44,-0.024,Ap...,150.522,,255.102,-41.4945,-38.5257,-248.7388
72456,222.9096,-43.5754,4.32,-0.154,B5IV,250.2649,,123.9157,-65.7523,-61.1214,-85.4161
72474,222.9638,-18.3553,6.27,1.094,K0II/III,135.2695,,223.7136,-155.3809,-144.7115,-70.4494
72545,223.1381,-30.5773,6.3,0.605,G0/G1V,4.029,,39.1389,-24.5885,-23.0402,-19.9099
72546,223.1469,-63.8098,5.91,0.66,F8II + A/F,961.1695,,505.0505,-162.632,-152.4384,-453.199
72573,223.2128,-37.8032,5.02,-0.155,B7II/III,194.4464,,150.8296,-86.8556,-81.5994,-92.4511
72606,223.3065,-73.1901,5.59,0.82,G5III,51.6179,,101.0101,-21.2574,-20.0364,-96.6939
72620,223.3473,15.7052,6.41,0.569,F6III,5.3951,,47.6417,-33.352,-31.4813,12.896
72622,223.3491,19.1528,6.0,0.841,K2V,0.4592,,11.5101,-7.9067,-7.4637,3.7763
72702,223.5839,-24.6422,5.27,1.336,K2/K3III,111.0708,,127.8772,-84.194,-80.1317,-53.3184
72707,223.5953,-11.8983,5.78,0.982,G7III,45.3315,,103.3058,-73.2095,-69.7051,-21.2992
72732,223.658,-33.3006,5.85,1.429,K2III,408.8839,,320.5128,-193.8079,-184.9351,-175.9715
72738,223.6774,-65.9911,6.09,-0.061,B3Vn,487.0797,,390.625,-114.9494,-109.7615,-356.829
72756,223.7252,-69.861,6.38,-0.059,B5V,160.6941,,256.4103,-63.7981,-61.0205,-240.7333
72809,223.8943,-60.1142,5.18,1.161,K1III,18.0302,,49.4315,-17.7492,-17.077,-42.8581
72822,223.9363,-33.8558,5.32,0.046,A0V,39.2645,,77.821,-46.5379,-44.8412,-43.3544
72841,223.9942,32.3001,6.12,0.109,A2V,28.4708,,95.7854,-58.2461,-56.2362,51.1832
72860,224.0551,14.4463,5.9,-0.031,A0V,127.5264,,183.1502,-127.4631,-123.3268,45.6908
72868,224.0718,-52.8095,5.38,0.142,A2III,23.206,,61.5006,-26.7091,-25.8575,-48.9933
72873,224.0959,49.6284,5.63,0.533,F7V,3.0733,,25.1067,-11.6795,-11.3165,19.1278
72881,224.1286,-32.6368,6.06,1.413,K3III,125.1988,,195.3125,-118.0559,-114.5184,-105.3343
72884,224.1336,-47.8792,5.62,-0.035,B+...,140.864,,169.2047,-81.4502,-79.0234,-125.5046
72889,224.149,-39.416,6.36,0.061,A0/A1V,32.5687,,114.4165,-63.4248,-61.5682,-72.6484
72891,224.1598,-62.3644,6.39,-0.055,B5V,764.1876,,561.7978,-186.9457,-181.5415,-497.7055
72901,224.1833,-62.781,5.08,-0.023,B4Vnp,1734.6026,,462.963,-151.853,-147.5846,-411.6967
72906,224.1921,-11.4097,5.48,1.491,K4III,158.6354,,168.3502,-118.3227,-115.0322,-33.3036
72938,224.2958,-4.3465,4.47,0.318,F0V,10.2707,,26.9034,-19.2006,-18.7343,-2.0389
72939,224.2987,16.3881,5.72,0.951,G5III:,119.4538,,163.1321,-112.0116,-109.3025,46.0265
72944,224.3071,-29.1577,6.28,-0.011,B8/B9V,61.4894,,151.5152,-94.6858,-92.423,-73.8204
72957,224.3665,-21.4155,5.72,1.024,K4V,0.153,,5.8404,-3.8869,-3.8019,-2.1325
72966,224.3885,-0.1676,5.51,1.131,K1III,43.4911,,89.3655,-63.8614,-62.5127,-0.2614
72972,224.3961,65.9325,4.63,1.59,M5III,242.9965,,140.8451,-41.0409,-40.1848,128.6008
72996,224.4713,-76.6627,5.37,1.442,K4III,81.6582,,114.8106,-18.8997,-18.5541,-111.714
73014,224.5367,-48.863,6.34,0.708,G5V,1.4415,,23.8493,-11.1835,-11.0041,-17.9618
73046,224.6331,-43.134,2.68,-0.184,B2III,1016.7168,,117.3709,-60.9519,-60.1762,-80.2472
73052,224.6523,-39.9072,6.17,1.216,K1III,31.304,,102.7749,-56.0835,-55.4069,-65.9348
73056,224.6636,-27.6573,5.65,0.262,A6IV,61.2632,,113.1222,-71.2646,-70.4326,-52.5093
73082,224.7199,-4.9893,6.08,0.509,F8V,3.6745,,33.7724,-23.9062,-23.6736,-2.9371
73083,224.7233,-11.144,5.88,1.274,K3III-IV,34.9945,,95.057,-66.2658,-65.6288,-18.3722
73107,224.7904,-42.1042,3.13,-0.208,B2IV,672.9767,,117.5088,-61.8728,-61.4217,-78.7874
73114,224.808,-37.8812,6.45,-0.08,B8V,60.5899,,162.6016,-91.053,-90.4448,-99.8417
73123,224.8463,4.5678,5.91,1.615,M1III,174.2609,,215.0538,-151.9891,-151.1759,17.1265
73127,224.8633,-43.1598,6.1,0.597,F5III,206.8236,,255.7545,-132.2319,-131.6026,-174.9453
73142,224.904,39.2653,5.64,0.336,F1III-IV,12.8115,,51.4933,-28.2377,-28.1432,32.5908
73167,224.9824,-75.0327,6.2,-0.038,B9V,66.1912,,151.5152,-27.6787,-27.6617,-146.3748
73188,225.0472,-77.1606,5.92,1.052,G8II,203.798,,233.6449,-36.6831,-36.7436,-227.803
73227,225.1613,47.2774,6.35,-0.099,B9p SiSrCr,72.3769,,169.7793,-81.2195,-81.6783,124.7279
73237,225.2178,22.0456,6.29,1.179,K0,154.17,,240.9639,-157.3279,-158.5287,90.4444
73246,225.2431,-8.5189,4.91,0.0,B9.5V,76.6302,,90.009,-62.6761,-63.2103,-13.3336
73265,225.3045,-38.0584,5.88,1.246,K2/K3III,55.5648,,119.7605,-66.3229,-67.0318,-73.8281
73270,225.3326,-2.7549,5.52,1.692,M0III,280.0271,,227.7904,-159.9493,-161.8172,-10.9485
73280,225.3629,60.2045,5.91,0.107,A4V,42.1114,,105.7082,-36.9063,-37.3768,91.734
73308,225.4538,-0.1403,5.71,1.509,M2III,2246.9841,,704.2254,-494.0013,-501.8896,-1.7244
73312,225.4613,-83.2276,5.65,0.962,G8/K0III,69.8232,,120.7729,-9.9893,-10.1515,-119.9302
73327,225.4865,40.3906,3.49,0.956,G8III,166.8784,Nekkar,69.0608,-36.8765,-37.5082,44.751
73331,225.492,-34.3589,6.21,0.242,A8/A9III/IV,46.8598,,128.041,-74.0968,-75.3804,-72.2631
73338,225.5268,-28.0606,5.83,0.164,A4IV,41.9566,,101.7294,-62.8915,-64.0587,-47.8541
73340,225.5271,25.0081,4.8,1.506,K4III,135.8939,,113.8952,-72.3111,-73.654,48.1489
73343,225.5357,-7.5753,6.38,0.18,A3,101.3911,,203.666,-141.4157,-144.0853,-26.8491
73392,225.7252,2.0913,4.39,1.026,K0III,54.853,,59.9161,-41.7996,-42.8713,2.1865
73396,225.747,-32.6433,5.45,-0.127,B3V,81.358,,118.9061,-69.8696,-71.7155,-64.1388
73406,225.7752,35.2058,5.52,1.023,G8III:,39.7375,,85.8369,-48.9182,-50.2602,49.4863
73467,225.9476,47.6541,4.83,0.647,G2V + G2V,1.5937,Quadrans,12.5078,-5.8583,-6.0553,9.2444
73478,225.9906,65.9197,6.22,0.055,A2Vs,64.6249,,151.0574,-42.8218,-44.3287,137.9116
73486,226.0176,-25.282,3.25,1.674,M3/M4III,341.3501,Brachium,88.4173,-55.5192,-57.5271,-37.7607
73517,226.1115,26.9476,4.52,1.24,K2III,77.0549,,75.4148,-46.6052,-48.4493,34.1762
73536,226.1787,-40.8613,6.29,1.389,M6III,91.0332,,185.1852,-96.9754,-101.0499,-121.1538
73544,226.1957,-83.0383,5.65,1.273,G8Ib,1715.5366,,598.8024,-50.2385,-52.3803,-594.3877
73548,226.2005,-64.0314,5.16,0.935,G8III,53.8022,,84.6024,-25.6407,-26.7383,-76.0604
73579,226.2795,-47.0512,3.91,-0.144,B5,438.9348,,135.8696,-63.9816,-66.9051,-99.4516
73598,226.3298,-41.0672,5.13,1.011,G8III,90.5316,,108.2251,-56.3419,-59.02,-71.0979
73613,226.3577,48.151,5.59,-0.005,A1V,35.7767,,84.1043,-38.7258,-40.6061,62.6497
73622,226.3913,-30.5509,6.48,0.489,F6V,2.7466,,35.1124,-20.8561,-21.8944,-17.8477
73653,226.5101,-48.8834,6.48,-0.137,B3V,177.8279,,282.4859,-127.8457,-134.7687,-212.8172
73674,226.5581,-36.2646,6.27,1.658,K5III,224.4916,,288.1844,-159.7761,-168.711,-170.4654
73681,226.5696,54.5563,5.24,0.958,G8III,43.4911,,78.9266,-31.4655,-33.2384,64.3004
73699,226.6131,-22.0318,6.13,1.04,K0III,10.3753,,58.072,-36.9779,-39.1209,-21.7841
73709,226.6383,-30.9185,5.97,-0.076,Ap Si,52.4807,,121.3592,-71.4848,-75.6944,-62.3565
73713,226.6465,36.4561,6.35,0.537,F8V,2.2346,,29.8329,-16.4725,-17.4475,17.7269
73717,226.6567,-16.2568,5.19,1.589,K5III,332.3533,,213.2196,-140.4958,-148.8647,-59.6894
73725,226.7044,-16.4844,6.41,0.162,A1V,31.1028,,114.4165,-75.2375,-79.8524,-32.4661
73738,226.7332,-52.0298,6.4,-0.109,B3III,491.134,,452.4887,-190.8106,-202.7186,-356.7107
73768,226.8252,24.8692,4.93,0.429,F5V,3.5514,,19.5542,-12.1388,-12.9379,8.2235
73772,226.8349,18.4418,6.03,0.073,A3V,17.5873,,72.2022,-46.8572,-49.9587,22.8406
73778,226.8581,-49.0886,5.77,0.92,G8III,45.9198,,103.5197,-46.3581,-49.4668,-78.2323
73798,226.918,5.498,6.16,0.921,K0III,84.2558,,167.7852,-114.0774,-121.9827,16.0758
73816,226.984,-61.1287,6.49,0.432,F2III,32.2107,,120.7729,-39.7823,-42.6374,-105.7616
73818,226.9865,-65.2754,6.18,1.47,K3III,118.4677,,200.8032,-57.2936,-61.4108,-182.3954
73838,227.0505,-40.5839,5.75,-0.113,B8IV Si,53.555,,110.742,-57.3041,-61.5599,-72.0445
73855,227.0814,50.055,6.33,1.05,K0III,49.4766,,139.0821,-60.8082,-65.3949,106.6288
73859,227.0991,26.3012,5.67,1.24,K2III,118.3586,,158.7302,-96.8669,-104.2379,70.3316
73868,227.1482,25.1086,5.82,1.233,K1III,83.7915,,143.0615,-88.1027,-94.9698,60.7061
73872,227.1633,-42.8679,5.85,-0.123,B7V,56.1306,,118.7648,-59.1832,-63.8301,-80.797
73889,227.2109,-45.2799,4.07,-0.162,B3V,1163.0543,,238.0952,-113.8064,-122.9467,-169.1791
73893,227.223,13.2352,6.16,0.967,G6V:,55.6673,,136.4256,-90.192,-97.4769,31.2346
73953,227.3564,-63.6429,6.25,0.059,A0p,90.6985,,181.4882,-54.5839,-59.2689,-162.6215
73956,227.3747,-67.0841,5.76,0.675,F8Iab-Ib,43251383.1035,,100000.0,-26368.8102,-28650.4139,-92107.761
73996,227.5305,-38.7925,5.98,0.867,G6III,60.9818,,131.406,-69.154,-75.5491,-82.3261
74011,227.5776,-26.3326,5.75,1.045,K0III,74.1993,,130.3781,-78.8254,-86.2572,-57.8333
74044,227.685,67.781,6.18,0.143,A8Vn,68.2339,,152.439,-38.8065,-42.6254,141.1197
74045,227.6869,-61.4223,6.29,0.623,G3IV,1.5545,,24.2014,-7.7932,-8.5607,-21.2529
74068,227.7867,-84.7878,5.88,-0.031,B9.5V,36.5763,,97.1817,-5.9318,-6.5387,-96.7799
74078,227.8166,-55.346,5.45,1.118,G2Ib/II,2523.4808,,662.2517,-252.8682,-279.0371,-544.769
74108,227.895,-45.2775,6.44,1.039,K1III,56.5979,,156.4945,-73.8352,-81.7008,-111.1929
74148,227.9838,-48.7378,3.88,-0.029,B9V,74.4046,,55.1876,-24.3617,-27.041,-41.4845
74153,227.9904,-48.7437,5.7,0.144,A3IV,27.6439,,77.7605,-34.3177,-38.1009,-58.4578
74158,228.0178,18.976,5.9,1.414,M4III,186.896,,221.7295,-140.2547,-155.8657,72.1004
74163,228.0501,-19.1065,6.49,1.507,K4III,56.9115,,160.5136,-101.3893,-112.8023,-52.5401
74164,228.0554,-19.7917,4.54,-0.071,Asp...,180.3018,,116.4144,-73.2164,-81.4732,-39.4181
74167,228.0714,-52.0992,3.41,0.918,G8III,48.7528,,35.9712,-14.7653,-16.4396,-28.384
74190,228.13,-48.219,6.32,1.115,K2III,43.451,,129.7017,-57.6792,-64.3524,-96.7182
74193,228.1417,-72.7706,6.02,-0.002,B8/B9III,307.0436,,300.3003,-59.3545,-66.2485,-286.8248
74221,228.2066,-44.5004,4.83,-0.177,B3IV,243.2204,,154.5595,-73.4682,-82.1889,-108.333
74241,228.2543,-61.7438,6.27,1.901,K4Ib,27039583.6411,,100000.0,-31521.2272,-35321.8436,-88083.935
74251,228.2819,-36.0914,6.09,-0.081,B8V,46.5586,,120.7729,-64.9454,-72.8469,-71.1443
74262,228.3225,-24.0083,6.47,-0.026,B8III,51.6179,,151.5152,-92.0319,-103.3762,-61.6469
74265,228.33,-19.6476,6.07,0.124,A2V,15.8782,,69.8812,-43.7549,-49.1611,-23.4964
74272,228.3696,-25.3093,6.47,0.691,G5V,1.5445,,26.2055,-15.7379,-17.7071,-11.203
74277,228.3828,22.9834,6.31,0.064,A2V,19.9159,,87.4126,-53.4466,-60.162,34.1315
74286,228.3983,38.2647,6.19,1.218,K2III:,46.302,,126.1034,-65.7383,-74.0383,78.0953
74311,228.4721,-26.1936,5.84,1.139,G8/K0II,375.6644,,305.8104,-181.9269,-205.4296,-134.9863
74324,228.4966,-61.343,6.36,-0.041,B5V,168.733,,260.4167,-82.758,-93.5298,-228.5173
74333,228.5252,31.7878,5.98,1.552,K5,145.8814,,203.252,-114.4208,-129.4437,107.0682
74343,228.5429,42.1714,6.12,1.635,M2III,422.6686,,369.0037,-181.062,-204.9626,247.7309
74354,228.5799,-70.0795,5.75,3.271,N0v,564.937,,359.7122,-81.0826,-91.905,-338.1892
74368,228.6215,29.1643,5.28,0.062,A2V,40.3274,,77.3994,-44.6771,-50.7147,37.7179
74372,228.6407,-17.7686,6.18,-0.015,B9III,176.5225,,245.098,-154.2299,-175.19,-74.7973
74376,228.6555,-31.5191,4.91,0.374,F3III,3391.5639,,598.8024,-337.2012,-383.2274,-313.0438
74377,228.6589,67.3467,5.15,0.55,F9IV,4.8708,,25.3421,-6.4473,-7.3282,23.387
74395,228.7108,-5.5026,6.28,1.473,K2,362.0762,,367.6471,-241.4776,-274.9729,-35.2537
74421,228.7973,4.9394,5.32,1.092,K0III,84.879,,114.4165,-75.0891,-85.7655,9.8514
74438,228.8756,33.3148,3.46,0.961,G8III,50.1649,,37.3413,-20.5233,-23.5061,20.5093
74461,228.9545,0.3721,5.62,0.181,A4V,10.4809,,46.1467,-30.302,-34.8026,0.2997
74462,228.9612,50.9385,6.47,0.854,G5,8.5981,,61.8429,-25.5869,-29.3942,48.0191
74467,228.9732,6.4648,6.47,1.308,K0,214.1904,,308.642,-201.3081,-231.3597,34.7511
74468,228.9736,-48.0737,5.96,0.21,A3m,8.9454,,49.8753,-21.875,-25.1409,-37.1074
74479,229.0168,-41.4912,5.15,0.564,F:+...,2216.1543,,540.5405,-265.5463,-305.6568,-358.1105
74488,229.0436,-43.485,6.05,-0.128,B3IV,1326.7833,,632.9114,-301.0062,-346.8007,-435.5472
74503,229.0959,-22.3994,5.52,1.357,K2III,113.0316,,144.7178,-87.6108,-101.126,-55.1463
74521,229.1529,-60.904,5.74,-0.057,B0.5V,1170.577,,515.4639,-163.9404,-189.6113,-450.4155
74540,229.2159,-47.8645,6.46,0.927,G8III,71.5814,,177.6199,-77.8383,-90.2271,-131.716
74546,229.2292,-46.2024,6.44,0.514,F6V,7.4131,,56.6251,-25.5931,-29.6804,-40.8714
74549,229.2371,-60.9573,5.04,-0.077,O8.5V,83945998.6519,,100000.0,-31697.3066,-36769.7453,-87425.7776
74556,229.2517,-9.3829,2.61,-0.071,B8V,253.5129,Zubeneschamali,56.7537,-36.5496,-42.4205,-9.2527
74564,229.2745,71.8239,5.02,1.369,K4III,127.5264,,122.1001,-24.8498,-28.8646,116.0076
74595,229.3788,-58.8012,4.07,0.088,A3V,19.1426,,30.553,-10.3041,-12.013,-26.1343
74608,229.412,-63.6105,4.85,1.26,K2.5III,156.3148,,125.0,-36.1475,-42.1919,-111.9741
74628,229.4577,-30.1487,4.35,1.1,K1II/III,158.1976,,99.9001,-56.1518,-65.6471,-50.1744
74646,229.5392,-41.0612,6.3,0.176,Am,16.233,,78.5546,-38.4365,-45.0658,-51.5997
74667,229.6021,20.5728,5.68,0.972,G5IV,55.616,,109.2896,-66.3127,-77.9229,38.404
74672,229.6089,-0.4612,5.88,1.507,K5III,192.1321,,222.7171,-144.3165,-169.6244,-1.7929
74682,229.6335,-47.8753,4.27,-0.086,B8V,180.6342,,102.8807,-44.6941,-52.5775,-76.3052
74700,229.6721,-31.2093,6.18,1.205,G6/G8III,224.0784,,276.2431,-152.9016,-180.1175,-143.1399
74712,229.7048,-60.4963,5.43,-0.089,O7Iab:,58613816.4514,,100000.0,-31849.9306,-37562.4815,-87032.4187
74717,229.7277,-68.6795,2.87,0.014,A1V,196.7886,,56.3698,-13.2485,-15.6374,-52.5119
74721,229.7349,-40.7882,5.59,-0.099,B9V,142.4295,,167.7852,-82.1059,-96.9357,-109.6082
74746,229.8283,1.7654,5.04,0.54,F8III-IV,5.41,,25.3807,-16.3648,-19.3846,0.7819
74771,229.8752,32.5149,6.33,0.234,A2m,19.3553,,86.9565,-47.2554,-56.0683,46.7408
74774,229.8822,-37.0972,6.19,0.959,G8III/IV,42.2669,,120.4819,-61.9218,-73.4882,-72.6709
74814,230.0214,51.9585,5.65,0.122,A4V,21.918,,67.659,-26.7882,-31.9492,53.2858
74820,230.0357,29.6162,5.51,1.015,K0III,37.325,,82.7815,-46.2248,-55.1584,40.9096
74862,230.169,-67.4815,6.27,-0.09,B3V,254.4486,,306.7485,-75.2483,-90.2164,-283.3608
74864,230.1736,44.4344,6.14,0.369,F4IVs,8.9043,,54.0541,-24.7203,-29.6424,37.8428
74868,230.1822,71.834,3.0,0.058,A3II-III,1224.6162,Pherkad,149.2537,-29.7973,-35.7413,141.8145
74872,230.1959,-2.4133,6.34,1.062,K0V,3.1131,,35.0508,-22.4184,-26.9035,-1.4759
74881,230.2237,-18.1587,6.16,1.024,G8II/III,100.7395,,183.4862,-111.5466,-133.9948,-57.1834
74889,230.2557,-15.5483,6.14,0.393,F2V,9.7814,,56.6572,-34.8988,-41.9698,-15.187
74890,230.2583,0.7153,5.35,1.191,K3III,33.9782,,73.3676,-46.9023,-56.4105,0.916
74896,230.2787,24.958,6.36,1.257,K0,82.8705,,182.4818,-105.7259,-127.251,76.9989
74898,230.2817,-5.8249,5.54,1.047,K1III,45.4988,,92.6784,-58.917,-70.9197,-9.4057
74912,230.343,-40.6475,3.22,-0.227,B1.5IV,3296.0971,,271.0027,-131.2235,-158.3011,-176.5322
74935,230.3971,-40.7495,6.21,0.068,A1V,34.0722,,109.1703,-52.7209,-63.722,-71.2612
74948,230.4516,-36.2614,3.57,1.534,K5III,231.2065,,84.317,-43.2894,-52.424,-49.871
74949,230.4524,32.9337,5.38,-0.051,B9Vn,39.5913,,80.3213,-42.9236,-51.9824,43.6681
74952,230.4526,-48.3176,5.65,0.639,G2V,1.05,,14.8126,-6.2719,-7.5956,-11.0627
74977,230.5346,-47.9278,4.99,0.515,F8V,11.3032,,35.8551,-15.2708,-18.5477,-26.6153
75001,230.5968,12.5675,6.29,-0.008,A0V,50.2111,,137.5516,-85.2221,-103.7393,29.9299
75027,230.6552,62.0471,5.99,-0.033,A0sp...,65.6448,,136.9863,-40.7093,-49.6578,121.0045
75028,230.6557,39.5815,5.56,1.626,K4III,1841.6199,,595.2381,-290.8451,-354.7835,379.2706
75031,230.6601,63.3414,5.72,1.315,K4III,57.1742,,112.8668,-32.1018,-39.1651,100.8686
75035,230.6703,-44.6896,3.37,-0.191,B2IV-V,962.9417,,156.9859,-70.7335,-86.3282,-110.4028
75065,230.7574,-15.134,6.46,1.603,K4III,199.8941,,296.7359,-181.2061,-221.844,-77.4712
75075,230.789,-36.8585,4.54,-0.155,B4V,337.2873,,159.2357,-80.5443,-98.7183,-95.5161
75079,230.794,-60.6572,5.65,0.489,F7V,7.7911,,40.3388,-12.4952,-15.3173,-35.1635
75083,230.8012,30.2878,4.99,0.577,G2V,2.8054,,17.8635,-9.7489,-11.9539,9.0093
75094,230.8444,-59.3208,4.48,0.169,B5III + F8,265.95,,137.5516,-44.3156,-54.4223,-118.2995
75095,230.8541,-46.1404,6.49,0.945,G8III,52.4324,,154.0832,-67.3993,-82.7993,-111.1002
75113,230.9321,-1.0224,6.11,0.264,F0V,8.1884,,51.1247,-32.2157,-39.6869,-0.9122
75123,230.9677,-12.3695,5.72,1.039,G8III,133.4136,,172.4138,-106.0586,-130.8204,-36.9337
75140,231.0213,45.271,6.07,1.212,K2III,73.5191,,150.3759,-66.5689,-82.2683,106.8336
75150,231.0495,-10.3223,4.92,0.453,F5IV,9.1453,,31.2305,-19.3152,-23.8946,-5.596
75182,231.1227,37.3772,4.31,0.309,F0V,19.7879,Alkalurops,34.6861,-17.3004,-21.458,21.0565
75209,231.1876,-39.7103,5.36,-0.093,Ap...,97.1852,,124.6883,-60.1206,-74.7417,-79.6641
75229,231.2324,58.9661,3.29,1.166,K2III,40.5135,Edasich,31.027,-10.016,-12.4718,26.5859
75272,231.3343,-38.7336,4.6,0.0,A0V,182.3056,,120.3369,-58.6479,-73.2944,-75.2949
75301,231.4475,15.428,5.16,1.65,M1III,336.047,,211.4165,-127.0135,-159.3778,56.2427
75306,231.472,19.4807,6.26,0.618,G0V,4.643,,41.2541,-24.226,-30.4257,13.7578
75336,231.5608,-68.3092,5.89,1.0,K0III,42.3448,,105.042,-24.1358,-30.4091,-97.6042
75343,231.5725,34.336,5.46,1.41,K4III,142.2984,,157.9779,-81.0774,-102.1934,89.1066
75358,231.6341,54.0203,6.44,0.079,A2IV,34.9945,,123.0012,-44.8523,-56.6588,99.5357
75418,231.8256,-36.7676,5.46,-0.15,B5V,98.1748,,131.2336,-64.9748,-82.644,-78.5525
75436,231.8879,-64.5315,5.71,1.646,K5/M0III,198.244,,209.205,-55.5243,-70.7819,-188.8748
75445,231.912,25.1016,6.01,1.654,M1III,205.3052,,244.4988,-136.58,-174.2619,103.7225
75466,231.9573,29.1057,3.66,0.319,F0p,35.156,Nusakan,34.2818,-18.4584,-23.5894,16.6754
75467,231.9643,60.6702,5.9,1.441,K5III,145.6129,,195.6947,-59.0633,-75.5006,170.6095
75501,232.0642,-16.7165,5.64,1.545,K4III,279.2544,,240.3846,-141.5378,-181.5792,-69.1433
75507,232.086,-88.133,6.49,0.303,Am,9.3498,,65.0618,-1.3025,-1.6723,-65.0273
75514,232.1134,-51.5979,6.1,1.067,G2Ib,723.769,,478.4689,-182.5191,-234.569,-374.9622
75532,232.1593,1.8421,5.15,0.245,A8IV,11.9784,,39.7456,-24.37,-31.3717,1.2776
75541,232.185,47.2015,6.15,0.1,Amvar...,74.4046,,156.9859,-65.3945,-84.2605,115.1881
75559,232.2368,55.1949,6.45,0.079,A3m,20.193,,93.8967,-32.8215,-42.3694,77.0985
75561,232.2444,-28.8669,6.43,0.608,G0V,8.0168,,58.6166,-31.431,-40.5855,-28.2987
75581,232.3005,16.3956,6.38,0.955,G8III-IV,41.2287,,129.8701,-76.1887,-98.5784,36.6582
75590,232.3303,-38.635,6.44,0.351,F2V,8.4723,,60.5327,-28.8959,-37.4279,-37.794
75593,232.338,62.0995,6.32,1.369,K5,119.8947,,215.5172,-61.6187,-79.8346,190.4659
75599,232.3511,-46.7327,5.26,1.731,K4III,771.9692,,335.5705,-140.4894,-182.1076,-244.3504
75684,232.5887,-41.919,6.23,-0.005,B9V,44.6272,,126.1034,-57.0061,-74.5305,-84.2471
75688,232.5949,31.2859,6.45,0.205,A4IV,65.1628,,168.6341,-87.5406,-114.4772,87.5733
75708,232.651,-20.7286,6.2,0.192,A3V,18.6037,,80.3213,-45.5741,-59.7186,-28.429
75713,232.6683,-16.6095,5.82,1.056,K0III,99.2659,,155.7632,-90.5179,-118.6856,-44.5244
75728,232.705,-71.6541,6.39,-0.112,B3V,378.0942,,395.2569,-75.3813,-98.9698,-375.1675
75742,232.7323,40.833,5.04,1.589,K5III,554.6257,,257.0694,-117.7795,-154.7887,168.0867
75743,232.7327,64.2087,5.74,0.976,K0III-IV,39.4457,,94.6074,-24.9257,-32.7584,85.1831
75775,232.8429,36.6166,6.39,0.529,F6III,13.5394,,74.7943,-36.2602,-47.8455,44.6116
75777,232.8543,77.3494,5.0,1.545,K5III,599.7911,,262.4672,-34.7101,-45.8189,256.0954
75782,232.8784,-73.3896,5.4,-0.146,B1npe,870.9636,,380.2281,-65.5971,-86.667,-364.3614
75802,232.9309,-20.1649,6.28,0.22,A5V,20.3236,,87.108,-49.2884,-65.2439,-30.0282
75811,232.9458,40.8993,4.98,0.086,A5V,125.7766,,119.0476,-54.2214,-71.8127,77.9443
75817,232.9593,-32.8811,6.49,0.065,B6/B7V,36.6775,,128.866,-65.1907,-86.3833,-69.961
75831,233.0175,-38.6225,6.23,0.212,A3III,8.0761,,53.6481,-25.2142,-33.4816,-33.4864
75837,233.0403,16.0562,6.22,-0.038,B9V,58.6138,,143.8849,-83.1365,-110.4875,39.7956
75874,233.1529,-19.6705,5.5,0.197,A2IV,26.9898,,70.0771,-39.5716,-52.8059,-23.5886
75894,233.2301,-16.8528,5.53,-0.148,B3V,216.3715,,201.2072,-115.2705,-154.2541,-58.3329
75895,233.2324,31.3591,4.14,-0.127,B6Vnn,254.683,,115.0748,-58.8185,-78.7171,59.885
75901,233.2414,-1.1864,5.5,1.092,K0III,40.5509,,85.9107,-51.4018,-68.8138,-1.7788
75912,233.2897,-24.4904,6.26,0.33,A3/5V +A9/F2,25.5153,,96.7118,-52.6101,-70.5553,-40.091
75933,233.3513,-40.4909,6.4,1.016,K0III,58.023,,155.521,-70.5993,-94.8935,-100.9839
75966,233.4696,17.1374,6.49,0.341,F3III,9.1285,,64.3087,-36.5801,-49.3804,18.9494
75975,233.5071,-40.0664,5.82,1.695,M2III,507.2242,,352.1127,-160.2607,-216.6364,-226.6463
75987,233.5446,-10.0645,4.61,1.0,K1IV,10.4424,,28.9268,-16.9237,-22.9084,-5.0552
76002,233.5869,-39.3492,6.36,-0.017,B9V,28.8403,,107.6426,-49.4113,-66.9877,-68.2503
76011,233.6105,-9.1834,5.16,-0.09,B6IV,112.616,,122.399,-71.6851,-97.2686,-19.5343
76027,233.6555,-28.047,5.13,1.306,K2/K3III,73.5191,,97.561,-51.0284,-69.3538,-45.8727
76035,233.6719,26.7147,2.22,0.032,A0V,59.7035,Alphecca,23.0097,-12.1761,-16.5587,10.344
76044,233.7006,10.5389,3.8,0.268,F0IV,128.5879,,69.9301,-40.7006,-55.4084,12.7904
76065,233.7852,-41.1668,2.8,-0.216,B2IV,1099.5121,,129.0323,-57.3888,-78.3694,-84.9359
76075,233.8121,39.0101,5.14,1.65,M2III,275.6767,,189.7533,-87.0567,-119.0007,119.4415
76079,233.8175,53.9221,5.97,1.184,K4III:,49.705,,118.0638,-41.0452,-56.1172,95.4212
76100,233.8816,-14.7895,3.91,1.007,K0III,59.484,Zubenelhakrabi,50.025,-28.5106,-39.0714,-12.7698
76104,233.8885,17.6556,6.1,0.975,G8III:,42.776,,116.2791,-65.3021,-89.5138,35.2668
76133,233.955,38.3739,6.3,1.306,K2,186.0373,,265.9574,-122.6882,-168.5871,165.104
76137,233.9719,-44.9584,4.55,-0.175,B3IVp,226.9865,,131.2336,-54.6207,-75.1014,-92.7288
76138,233.9724,11.2657,6.04,1.125,K0III:,163.531,,221.2389,-127.62,-175.4758,43.2209
76142,233.9877,54.6306,5.77,0.051,A2V,26.2785,,78.3085,-26.6513,-36.6659,63.8556
76161,234.0474,-33.0928,6.26,-0.07,B8/B9V,30.9599,,106.4963,-52.3833,-72.2248,-58.1466
76163,234.0505,-44.3968,5.44,1.497,M0III,161.8825,,166.9449,-70.0284,-96.5645,-116.7986
76190,234.1218,16.1191,5.93,0.354,F3V,10.0184,,52.0562,-29.3089,-40.5211,14.4526
76191,234.1232,10.0102,5.26,0.925,K0p,34.4191,,70.8717,-40.9016,-56.5517,12.3191
76206,234.18,-66.317,4.11,1.161,K0III,75.5788,,61.8429,-14.5378,-20.1424,-56.6346
76222,234.2226,29.9912,6.46,0.433,F5V:,3.0704,,36.7782,-18.6229,-25.8427,18.3842
76235,234.256,-28.1351,3.6,1.361,K3III,148.7305,,68.5871,-35.3318,-49.0899,-32.3424
76268,234.3687,-26.2799,6.19,-0.013,B9IV,105.5845,,190.4762,-99.4959,-138.8144,-84.3345
76274,234.3834,54.5087,5.85,1.098,K1III:,47.4679,,109.1703,-36.911,-51.5253,88.8869
76284,234.4133,69.2833,5.65,1.371,M0III,264.972,,235.2941,-48.4371,-67.6893,220.0803
76297,234.4502,-23.1417,5.79,1.074,K0III,29.8676,,84.246,-45.0403,-63.0281,-33.1092
76299,234.4566,40.3534,5.25,0.886,G8III-IV,18.7241,,52.0291,-23.049,-32.2619,33.6889
76317,234.5135,-42.5673,4.34,1.412,K4.5III,71.8456,,67.0241,-28.6553,-40.1932,-45.3389
76332,234.5659,-28.2067,6.32,1.176,K1III,108.8429,,205.3388,-104.9114,-147.4386,-97.0541
76333,234.5675,46.7978,5.76,0.353,F2V,5.5106,,35.7015,-14.1692,-19.914,26.0243
76334,234.5678,-21.0163,5.82,1.077,K0III,31.2176,,87.3362,-47.264,-66.4279,-31.3217
76359,234.6425,50.4233,5.84,0.847,G8III,53.555,,115.4734,-42.5729,-60.0,89.0037
76365,234.6641,-29.7778,3.66,-0.177,B2.5V,378.4426,,112.4859,-56.468,-79.6466,-55.8647
76368,234.667,-8.7915,6.45,0.505,F6V,1.6233,,26.6241,-15.2165,-21.4649,-4.0692
76373,234.6757,-39.1277,6.05,0.204,A4:m...,71.3839,,146.8429,-65.8643,-92.94,-92.6654
76382,234.7036,34.675,6.12,1.039,K0,65.9478,,145.7726,-69.2688,-97.8447,82.9331
76383,234.7062,-52.3727,5.43,0.005,B9V,92.045,,125.3133,-44.2032,-62.4447,-99.248
76392,234.7273,-19.3019,5.36,0.883,G8III/IV,56.9115,,95.4198,-52.0046,-73.5231,-31.5406
76415,234.7897,57.9244,6.45,1.102,K1III,45.4569,,140.8451,-43.1247,-61.1098,119.3449
76428,234.8274,-77.918,6.19,1.207,K2II,28.6022,,99.108,-11.9497,-16.9569,-96.9127
76430,234.8391,-23.1502,6.33,0.023,B9.5V,25.4918,,99.8004,-52.8447,-75.0207,-39.2359
76433,234.8445,36.6358,4.64,-0.103,B7V+...,255.623,,145.1379,-67.0604,-95.221,86.6076
76469,234.9416,-34.4119,4.66,0.964,G8/K0III,54.0008,,67.3401,-31.9116,-45.4757,-38.0565
76480,234.9859,-59.9083,5.95,0.505,F6V,3.4738,,30.931,-8.8983,-12.7015,-26.7623
76497,235.0431,12.0529,6.22,0.968,G8II,232.4877,,286.533,-160.5528,-229.6607,59.8325
76500,235.0483,-70.2279,6.45,0.077,A5V,14.1124,,78.4929,-15.2116,-21.7634,-73.8654
76503,235.0647,-31.2138,6.35,1.418,K3III,161.8825,,253.8071,-124.303,-177.9505,-131.5311
76506,235.0704,-23.8181,4.97,1.302,K3III,123.0269,,117.2333,-61.4074,-87.9286,-47.3428
76514,235.089,-73.4467,5.64,-0.04,B8IV,276.4394,,239.2344,-39.008,-55.8938,-229.3193
76573,235.2427,-47.7361,6.21,1.621,K5/M0III,204.3619,,267.3797,-102.5188,-147.7398,-197.8757
76574,235.2462,16.0246,6.0,0.908,G8III,119.7843,,185.8736,-101.8402,-146.7815,51.3104
76593,235.2976,-44.6612,4.64,0.413,F5IV-V,3.6881,,17.4368,-7.0608,-10.1962,-12.2566
76616,235.3877,19.6704,4.51,0.062,A1V,46.4301,,58.2751,-31.1698,-45.1625,19.6159
76630,235.4476,12.8475,5.34,0.033,A0p Sr,28.9201,,67.3854,-37.2615,-54.1097,14.9836
76641,235.4779,-76.082,5.95,-0.034,B9V,60.5899,,129.199,-17.6119,-25.6043,-125.4058
76642,235.478,18.464,5.8,0.207,A2m,11.749,,53.0786,-28.5324,-41.4807,16.8105
76644,235.4867,-19.6788,4.75,1.574,K5III,98.1748,,94.6074,-50.4736,-73.4029,-31.8588
76699,235.6551,-49.4896,6.02,1.315,K2III,121.2272,,188.6792,-69.147,-101.1954,-143.4504
76702,235.6597,-37.4249,5.23,0.987,G8/K0III,45.0402,,79.9361,-35.8102,-52.4166,-48.5789
76709,235.6709,-34.7104,4.75,-0.151,B5V,136.2699,,111.4827,-51.6818,-75.6802,-63.4815
76716,235.6857,26.2956,3.81,0.02,A1Vs,52.2878,,44.7828,-22.6331,-33.1611,19.8389
76721,235.7116,52.3609,5.48,-0.042,B9p...,46.9462,,91.5751,-31.505,-46.2048,72.5159
76749,235.7939,13.6677,6.48,0.873,G5III,66.9268,,173.3102,-94.6711,-139.2723,40.9514
76760,235.8174,-84.4653,5.57,0.118,A2V,22.532,,66.1376,-3.5839,-5.277,-65.8293
76771,235.8536,-15.0432,6.3,1.124,K0III,39.5185,,122.549,-66.4306,-97.9466,-31.8073
76806,235.9803,-60.2872,6.46,1.02,G0Ib,524.8075,,480.7692,-133.3204,-197.5093,-417.5581
76812,235.9971,32.5158,5.57,1.076,G9III:,28.6814,,74.6269,-35.1919,-52.1684,40.1144
76816,236.0076,2.5152,5.86,0.684,G5V,0.8472,,14.6585,-8.1874,-12.1418,0.6433
76819,236.0145,77.7945,4.29,0.038,A3Vn,214.3878,,113.1222,-13.3687,-19.8308,110.5651
76824,236.0183,-15.6728,5.41,0.238,A6IV,12.4968,,45.7457,-24.6179,-36.5227,-12.3579
76835,236.067,6.4256,2.63,1.167,K2III,39.7375,Unukalhai,22.6757,-12.5786,-18.6956,2.5377
76850,236.0945,-41.8191,5.93,-0.007,A0V + B,76.5597,,143.8849,-59.816,-88.9971,-95.9397
76875,236.1756,17.2642,6.15,0.002,A0V,39.0122,,113.6364,-60.4058,-90.1499,33.7249
76902,236.2483,-50.7855,6.41,0.163,A3V,35.2533,,121.8027,-42.7846,-64.0275,-94.3708
76927,236.3478,5.4473,5.57,0.035,A1V,66.2522,,113.3787,-62.545,-93.9522,10.7631
76950,236.4146,0.891,6.32,1.195,K0III,97.3644,,194.1748,-107.4005,-161.7401,3.0196
76991,236.5235,-1.8042,5.39,-0.035,B8III,115.6645,,137.931,-76.0443,-114.9929,-4.3426
76997,236.5469,15.4218,3.65,0.073,A3V,68.2967,Zhou,47.5511,-25.2689,-38.2452,12.6449
76999,236.5536,-28.0615,6.49,0.332,F0V,11.1686,,71.1238,-34.5921,-52.3693,-33.458
77022,236.6109,7.3531,4.42,0.604,G0Vvar,2.1837,,12.1242,-6.6173,-10.0399,1.5517
77036,236.6451,55.4748,5.94,1.404,K3III,266.1951,,269.5418,-83.9955,-127.604,222.0693
77041,236.6666,62.5996,5.19,0.062,A2IV,56.2341,,87.7193,-22.1832,-33.7278,77.8782
77050,236.6842,-34.6825,5.61,-0.117,B8V,69.0558,,117.9245,-53.2618,-81.0348,-67.1023
77051,236.6893,-6.1204,6.24,1.169,K0,145.6129,,228.833,-124.954,-190.1468,-24.3976
77100,236.8222,14.1153,5.71,0.094,A3V,26.644,,76.6871,-40.6991,-62.2473,18.7021
77114,236.8564,-40.1942,6.41,0.88,G8III/IVp..,24.8428,,102.2495,-42.7027,-65.3971,-65.9898
77121,236.8715,-37.9163,6.01,0.715,G6IV,0.8098,,15.3539,-6.6199,-10.1439,-9.4351
77135,236.908,55.3766,5.85,0.249,A3m,21.677,,73.8007,-22.8943,-35.1305,60.7309
77154,236.9712,-65.4423,5.54,0.231,A5,66.4355,,111.9821,-25.3676,-39.0197,-101.8525
77161,237.0075,31.7356,6.41,1.517,K5,235.0715,,314.4654,-145.6333,-224.3197,165.4089
77176,237.0554,13.7891,5.98,1.272,K2III,73.9946,,144.7178,-76.4333,-117.9466,34.4932
77206,237.1434,28.1567,5.89,0.608,C00 (F8pe),38370724.5492,,100000.0,-47833.4277,-74062.1717,47188.5359
77214,237.1849,18.1416,4.09,1.616,M1III,276.1849,Gudja,117.096,-60.3033,-93.5183,36.4597
77218,237.2101,-52.4383,6.05,1.385,K2/K3III,132.923,,200.4008,-66.1611,-102.7016,-158.8571
77228,237.2367,-3.8185,5.53,0.12,A5IV,15.6027,,54.0249,-29.1718,-45.3294,-3.5979
77276,237.3986,26.0684,4.59,0.794,G5III-IV,34.5462,,52.1376,-25.2336,-39.4545,22.9115
77280,237.405,-3.4302,3.54,-0.036,A0V,90.3649,,52.0021,-27.9632,-43.7333,-3.1114
77305,237.4896,-48.9124,5.86,0.068,A2IV,14.0088,,59.5948,-21.0501,-33.0288,-44.9169
77326,237.5296,-53.2098,5.78,-0.076,B8V,37.949,,94.518,-30.3895,-47.7564,-75.6932
77338,237.5679,-45.4017,6.11,0.299,F0V,6.421,,45.2694,-17.0463,-26.8275,-32.2339
77342,237.5731,2.1965,5.21,1.019,G8III,50.4429,,83.8223,-44.9144,-70.7004,3.2127
77386,237.704,4.4777,3.71,0.147,A2m,13.3291,,21.5983,-11.5046,-18.2013,1.6862
77398,237.7397,-33.6272,3.97,-0.045,B9.5III-IV,80.5378,,59.8444,-26.5975,-42.1378,-33.141
77399,237.7448,-25.7513,4.63,-0.072,B1.5Vn,282.098,,151.7451,-72.9423,-115.5833,-65.928
77409,237.7784,-55.0555,5.74,0.017,B2II,1931.9683,,662.2517,-202.255,-320.9067,-542.8527
77420,237.8081,35.6574,4.79,0.996,K0III-IV,9.8265,,30.4971,-13.2014,-20.97,17.7779
77424,237.815,-3.0905,5.09,0.135,A3Vn,19.8427,,49.7512,-26.4617,-42.0448,-2.6822
77426,237.8163,20.9779,4.74,1.534,K5III,146.1504,,114.9425,-57.1645,-90.833,41.1503
77442,237.881,-47.0608,6.0,1.152,K1IV,65.7658,,137.741,-49.8886,-79.4708,-100.837
77453,237.91,-14.1336,6.2,1.01,G8III,84.5668,,171.2329,-88.214,-140.6796,-41.8122
77493,238.0534,-29.8866,6.39,0.991,K0III,14.5211,,77.4593,-35.5354,-56.9866,-38.5967
77502,238.069,55.8267,5.81,0.972,G8III:,43.7321,,102.8807,-30.5638,-49.0437,85.1176
77524,238.1685,42.4515,4.6,0.563,F9V,3.1798,,15.8932,-6.185,-9.9631,10.7274
77546,238.2338,17.4032,6.29,1.238,K0,97.0063,,191.2046,-96.0526,-155.1214,57.188
77565,238.3004,13.1966,6.07,0.598,G0IV,0.9781,,17.3491,-8.8756,-14.3711,3.9607
77575,238.3336,-20.167,5.04,-0.014,B3V,75.5788,,94.8767,-46.7541,-75.8006,-32.7095
77581,238.3456,-62.6066,6.22,1.467,K3III,106.3653,,193.7984,-46.794,-75.9008,-172.0674
77599,238.3953,16.0749,6.21,0.413,F5II-III,25.6803,,94.7867,-47.7313,-77.5719,26.2459
77604,238.403,-25.3271,4.59,-0.073,B2.5Vn,301.7172,,154.0832,-72.9707,-118.6261,-65.9147
77617,238.4564,-16.7293,4.13,1.003,K0III,51.7607,,51.6529,-25.8784,-42.1576,-14.8683
77622,238.4746,-24.5332,5.38,-0.011,B5V,101.953,,128.866,-61.2978,-99.9297,-53.5077
77623,238.4828,-23.9781,5.41,-0.033,B2V,102.3293,,130.8901,-62.5186,-101.9522,-53.1921
77664,238.6255,-27.3386,6.15,-0.069,B7V,75.5788,,158.2278,-73.1772,-120.0033,-72.6659
77666,238.6442,20.311,5.45,1.588,M0III,140.864,,156.4945,-76.3688,-125.3296,54.3216
77671,238.6577,43.1386,5.35,1.645,M3III,253.2795,,200.4008,-76.0629,-124.8939,137.0271
77673,238.6647,-25.2437,5.87,-0.065,B8III/IV,97.5439,,157.9779,-74.3099,-122.049,-67.3728
77674,238.6678,8.5803,6.28,0.171,A7Vn,16.6571,,78.8644,-40.5504,-66.6094,11.7663
77691,238.7193,-60.7437,6.14,0.121,B9II,542.5003,,421.9409,-107.0707,-176.2341,-368.1189
77703,238.7515,-19.3829,5.95,-0.013,B2/B3V,202.8617,,236.4066,-115.6852,-190.6548,-78.4586
77716,238.7862,-63.4307,2.83,0.315,F2III,9.8446,,12.3778,-2.8691,-4.7349,-11.0706
77746,238.8734,-68.603,5.11,1.108,G6VII,1079.4437,,370.3704,-69.8485,-115.6676,-344.8426
77748,238.8753,-26.266,5.63,0.141,A3V,76.3484,,125.1564,-58.0139,-96.0772,-55.3866
77749,238.8772,-31.0836,6.21,1.371,K4III,55.8727,,139.8601,-61.9102,-102.5375,-72.2082
77750,238.8775,42.5662,5.73,-0.102,B9p,120.2264,,164.4737,-62.6106,-103.6987,111.2568
77754,238.885,-60.1776,5.78,0.355,Amvar,11.1584,,51.2558,-13.1722,-21.8229,-44.4681
77759,238.9161,18.6207,6.26,-0.089,B8III,655.8432,,490.1961,-239.8367,-397.8339,156.5208
77776,238.9483,37.947,5.43,0.352,F0IV,10.1298,,41.5628,-16.906,-28.0789,25.5583
77781,238.9568,58.9118,6.31,-0.028,A0V,54.9035,,145.1379,-38.6469,-64.2096,124.2922
77808,239.0247,-60.4825,5.76,0.087,A3V,18.8452,,66.0066,-16.7374,-27.883,-57.4393
77810,239.0285,-39.8644,6.04,0.13,B9V,100.3691,,173.3102,-68.4571,-114.0602,-111.087
77822,239.0584,-31.7859,6.29,0.462,F3/F5V,7.1318,,51.8403,-22.6568,-37.7946,-27.3067
77823,239.0601,-14.3994,6.32,0.485,F6V,9.8628,,61.8047,-30.7779,-51.3451,-15.3696
77836,239.1132,15.6616,3.85,0.478,F6V,3.1798,,11.2537,-5.5625,-9.2992,3.038
77842,239.1391,-14.8294,6.11,0.243,A2Ib/II,8.1809,,51.0986,-25.3383,-42.4028,-13.0783
77868,239.2212,-29.2141,3.87,-0.199,B2IV/V,516.6542,Iklil,144.7178,-64.6361,-108.5191,-70.633
77869,239.2229,-33.9661,5.14,0.129,A3V,13.7404,,42.3729,-17.9825,-30.1934,-23.6739
77870,239.2255,-33.9643,5.59,0.072,B9V,10.7349,,46.0617,-19.5469,-32.8235,-25.7336
77881,239.2662,-48.1622,6.31,0.381,F1IV,6.115,,48.4496,-16.5156,-27.7782,-36.0967
77896,239.3107,14.4145,5.54,1.141,K1IV,28.9734,,73.9645,-36.5618,-61.6033,18.4123
77906,239.3389,-36.1853,5.78,1.095,K0/K1III+..,250.2649,,242.7184,-99.9015,-168.5135,-143.3008
77917,239.3743,39.6951,6.3,1.11,K0,39.4094,,122.399,-47.9781,-81.0436,78.1765
77923,239.3969,26.8779,4.14,1.231,K3III,88.6339,,67.8887,-30.8277,-52.1204,30.6918
77932,239.4186,-20.9831,5.84,0.012,B3V,80.1678,,141.2429,-67.0938,-113.5335,-50.578
77944,239.4479,54.7498,4.96,0.269,F0IV,10.1859,,33.5796,-9.8515,-16.6898,27.4224
77971,239.5474,-14.2794,4.95,-0.08,B8Ia/Iab,187.7587,,143.472,-70.4687,-119.8587,-35.3874
78000,239.6283,-37.5039,6.31,1.006,K0III,34.261,,114.6789,-45.9982,-78.4909,-69.8182
78010,239.6453,-24.8315,5.43,-0.092,B5V,170.1375,,170.3578,-78.1313,-133.413,-71.5419
78029,239.713,-26.1141,2.89,-0.18,B1V + B2V,1960.6497,Fang,179.5332,-81.3015,-139.2032,-79.0234
78040,239.7405,36.6438,5.61,1.529,K5III,272.3955,,234.192,-94.6895,-162.3047,139.7747
78043,239.7423,-65.0376,5.74,-0.066,B7III,327.19,,272.4796,-57.9437,-99.3271,-247.0259
78050,239.7683,49.881,6.04,0.289,F0IV,8.0242,,48.9956,-15.8963,-27.2778,37.4673
78087,239.8761,-41.7444,4.99,0.988,G8III,157.0363,,133.6898,-50.0611,-86.2771,-89.0119
78119,239.9756,-54.0209,6.1,-0.016,B5IV,301.1619,,308.642,-90.7289,-156.9926,-249.7628
78124,239.9797,-78.0273,6.4,0.387,F3IV,18.5524,,87.9507,-9.1281,-15.7974,-86.0375
78148,240.0305,-38.3967,3.42,-0.206,B2.5IV,685.4882,,135.5014,-53.0492,-91.9971,-84.1603
78164,240.0817,-16.5333,5.47,0.517,F7V,7.0016,,35.2113,-16.836,-29.2571,-10.0202
78165,240.0834,-22.6217,2.29,-0.117,B0.2IV,2396.6245,Dschubba,150.6024,-69.3326,-120.4922,-57.9285
78199,240.1985,-8.4114,5.53,0.043,A0Vs,120.5591,,150.1502,-73.8215,-128.8916,-21.9638
78205,240.2131,4.4274,5.82,1.003,K0III:,23.0569,,75.0751,-37.1842,-64.9617,5.7954
78208,240.2238,-40.4355,6.21,0.01,A0V,30.1717,,102.7749,-38.848,-67.8977,-66.6589
78223,240.2612,33.3035,5.39,0.612,G2V,1.8063,,17.2354,-7.1455,-12.5077,9.4635
78232,240.277,-54.5779,6.12,0.264,A7III,53.9014,,131.7523,-37.8613,-66.3162,-107.3655
78239,240.2947,-63.7765,6.42,0.567,F8II,426.5795,,425.5319,-93.1769,-163.3211,-381.7351
78244,240.3097,17.8184,5.1,0.992,G8III,46.9894,,76.9231,-36.2733,-63.6188,23.5385
78249,240.3315,-31.8891,6.33,1.454,K4III,119.3438,,215.9827,-90.7721,-159.3437,-114.0988
78256,240.3607,29.8511,4.98,-0.05,A0p...,81.0588,,95.6023,-41.0061,-72.0687,47.5858
78290,240.473,58.5653,4.01,0.528,F8IV-V,9.594,,21.0349,-5.4065,-9.5455,17.9477
78302,240.5187,-51.1208,6.38,-0.003,B5V,95.4113,,197.6285,-61.0488,-107.9855,-153.848
78304,240.5232,52.9159,5.93,1.498,K5III,228.8759,,248.7562,-73.8091,-130.5802,198.4456
78316,240.5737,22.8045,4.82,0.066,A3V,30.9599,,54.8847,-24.8573,-44.0673,21.2726
78337,240.6642,-29.1358,6.07,1.304,K2/K3III,58.7219,,134.4086,-57.5182,-102.3465,-65.441
78354,240.6995,46.0367,4.72,-0.094,B9III,146.2851,,113.8952,-38.694,-68.9505,81.98
78365,240.7188,-62.5416,6.25,-0.015,B9.5V,26.7917,,98.6193,-22.2411,-39.6636,-87.5094
78393,240.789,59.4107,6.19,1.576,M1III,253.2795,,294.9853,-73.2589,-131.0221,253.9344
78400,240.8037,-49.2297,4.65,0.902,G8III,54.4503,,67.2948,-21.4367,-38.3623,-50.9646
78410,240.8307,36.6318,5.79,0.586,A2V+...,169.668,,200.8032,-78.5393,-140.7064,119.8133
78411,240.8359,-25.8652,4.96,1.234,K3III,36.61,,63.6537,-27.9118,-50.0159,-27.7693
78416,240.8508,-38.6025,4.9,-0.146,B6III/IV,143.4829,,122.549,-46.6487,-83.6422,-76.4601
78422,240.8808,76.7939,5.73,0.051,A3V,110.2554,,157.4803,-17.5074,-31.4298,153.3157
78423,240.884,-57.7751,4.63,0.252,A7IV,19.002,,39.3856,-10.2192,-18.3482,-33.3187
78426,240.8932,-32.0005,6.0,0.47,F5IV/V,10.5682,,55.2181,-22.7787,-40.9137,-29.2616
78446,240.9404,4.9868,6.07,0.96,G9III,39.7741,,110.6195,-53.5267,-96.3281,9.6158
78460,240.9779,-24.7263,6.22,1.386,K2/K3III,75.0931,,162.8664,-71.7698,-129.3585,-68.1244
78471,241.0258,-59.1762,6.4,1.366,K1II/III,1584.8932,,813.0081,-201.8002,-364.4447,-698.1682
78487,241.0743,-33.2137,6.1,0.338,F3III,38.0189,,109.6491,-44.3705,-80.2918,-60.0618
78491,241.0889,-53.7104,6.46,0.006,B9II/IIIp..,119.4538,,229.3578,-65.6284,-118.831,-184.8705
78507,241.1535,-37.863,5.91,0.409,F3V,5.4051,,37.8788,-14.4279,-26.1939,-23.2491
78580,241.3593,-19.8055,2.56,-0.065,B0.5V,1265.9017,Acrab,123.9157,-55.8814,-102.3208,-41.986
78581,241.3607,-19.8019,4.9,-0.024,B2V,142.4295,Acrab B,122.1001,-55.0615,-100.8251,-41.3637
78599,241.4081,8.0962,6.27,0.084,A3m,47.8189,,132.9787,-63.0051,-115.5982,18.7282
78609,241.4357,-6.2911,6.35,0.413,F2IV,19.1602,,87.3362,-41.5079,-76.2438,-9.5703
78628,241.4828,-72.4009,5.7,1.169,K1IIICNII,36.3747,,89.2061,-12.877,-23.6995,-85.0308
78630,241.4992,-6.1398,6.39,1.034,K0,52.1915,,146.8429,-69.6672,-128.3069,-15.7054
78637,241.5266,-23.6063,5.9,-0.071,B8V,98.9008,,161.2903,-70.4606,-129.916,-64.5887
78653,241.5821,67.8101,5.44,-0.019,A0Vn,35.156,,77.821,-13.9872,-25.8496,72.0574
78673,241.6226,-45.1732,4.73,0.23,Am,15.7181,,37.5094,-12.5677,-23.2654,-26.6032
78678,241.6481,-36.8023,4.22,-0.184,B2.5Vn,288.4032,,127.0648,-48.3157,-89.5376,-76.1189
78693,241.7018,-20.6692,3.93,-0.046,B1V,487.0797,,144.5087,-64.0965,-119.0489,-51.0075
78715,241.7641,-14.0713,6.32,0.66,G5V,1.8967,,27.1076,-12.4399,-23.1654,-6.5906
78730,241.8175,-36.7557,5.72,0.298,F0/F2V,13.4772,,54.7945,-20.7336,-38.6965,-32.7892
78745,241.8424,21.8226,6.15,1.365,K4III,158.1976,,228.833,-100.2476,-187.2936,85.0651
78748,241.8504,-56.191,6.16,0.565,F2II,659.4775,,469.4836,-123.2436,-230.3342,-390.0924
78750,241.8514,-20.8688,4.31,0.831,G6/G8III,130.6171,,89.1266,-39.2881,-73.43,-31.7494
78766,241.9017,-12.7454,5.75,0.018,B9V,55.1061,,112.3596,-51.6158,-96.6748,-24.7887
78767,241.9064,9.8917,5.63,0.2,A7V,47.7749,,99.0099,-45.9319,-86.0461,17.0086
78791,241.9662,-24.4623,6.32,-0.038,B8IV/V,36.8468,,119.4743,-51.1114,-95.99,-49.4737
78804,242.0189,17.047,5.0,0.931,G8III,110.6624,Marsic,112.7396,-50.5713,-95.1864,33.0503
78805,242.0206,17.0544,6.25,1.14,K1III,1146.0406,Marsic B,645.1613,-289.3698,-544.6989,189.2124
78810,242.0316,-26.3267,5.35,1.643,M2III,136.0191,,146.8429,-61.7242,-116.2409,-65.1231
78832,242.117,8.5343,5.69,1.575,M3.5IIIa,282.6181,,247.5248,-114.4776,-216.3656,36.7331
78846,242.1521,8.6132,6.47,1.418,M4III,92.8966,,203.252,-93.8734,-177.6868,30.4396
78858,242.1822,-23.6854,5.86,0.02,B9V,73.0466,,136.0544,-58.1432,-110.1953,-54.6551
78861,242.1924,44.9349,4.23,-0.045,B9MNp...,69.2468,,62.5391,-20.6531,-39.1595,44.1716
78862,242.1943,17.2056,6.13,-0.003,A0Vnn,29.4036,,97.7517,-43.5581,-82.5954,28.9152
78879,242.2429,36.4909,4.73,1.015,K0III-IV,14.2955,,35.7782,-13.396,-25.4541,21.2771
78880,242.2453,3.4545,5.93,1.471,K5III,54.6009,,121.5067,-56.4812,-107.3319,7.3214
78885,242.2621,57.9379,6.33,0.032,A1V,39.0841,,123.6094,-30.5398,-58.0763,104.7556
78897,242.2967,6.3787,5.93,0.988,K1+...,2.9648,,28.3126,-13.0808,-24.9119,3.1455
78913,242.3273,-57.9343,5.57,-0.024,B9V,37.949,,85.8369,-21.1636,-40.3575,-72.7416
78924,242.3583,55.829,6.43,1.076,K0,40.0682,,131.0616,-34.152,-65.211,108.4357
78933,242.3823,-32.649,6.18,0.79,K1III,42.7366,,120.6273,-47.0835,-89.9946,-65.0774
78955,242.4605,-3.4667,5.39,1.446,K4III,131.0992,,146.8429,-67.7701,-129.9662,-8.8794
78959,242.4691,-33.5458,5.5,-0.075,B8V,85.9014,,125.0,-48.155,-92.3833,-69.0754
78963,242.4803,-18.3406,6.43,0.447,F3V,5.0489,,46.5116,-20.3992,-39.1536,-14.6356
79040,242.7064,75.8776,5.48,-0.093,B8V,200.8168,,189.3939,-21.1902,-41.0664,183.6698
79062,242.7587,-29.4162,5.09,1.131,K0III,76.1377,,97.4659,-38.8621,-75.4835,-47.8704
79080,242.8238,-41.1198,5.86,0.273,F0IV,16.5196,,64.7249,-22.2699,-43.3769,-42.5654
79092,242.8697,16.6657,6.09,0.02,A0V,49.2493,,124.2236,-54.2683,-105.9116,35.6257
79109,242.9085,23.4948,5.74,1.519,M4IIIa,192.8413,,209.205,-87.3761,-170.8102,83.4029
79110,242.915,33.3428,6.3,1.228,K2III,62.8058,,154.5595,-58.7892,-114.9584,84.9531
79117,242.9483,42.3746,5.89,1.464,K4II+...,144.1451,,193.7984,-65.1126,-127.5063,130.6152
79118,242.9502,36.4251,5.62,1.352,K3III SB,210.8628,,207.0393,-75.7596,-148.3678,122.934
79134,242.9989,-19.4607,4.0,0.076,B2IV,462.1681,Jabbah,145.3488,-62.2195,-122.1068,-48.4245
79135,243.0,-10.0643,4.93,0.087,A3IV,21.1446,,47.7099,-21.3266,-41.8557,-8.3374
79145,243.0273,39.0555,6.39,1.262,K0,110.9686,,214.1328,-75.4198,-148.1941,134.9193
79147,243.0305,-8.5476,5.43,0.118,A4V,35.1237,,77.3994,-34.712,-68.2159,-11.5039
79159,243.0668,-28.4173,5.67,0.012,B9V,40.6631,,93.0233,-37.0579,-72.9405,-44.2688
79164,243.0759,-27.9264,4.58,-0.172,B2V,276.4394,,146.8429,-58.749,-115.6798,-68.7719
79174,243.1057,67.1442,6.21,0.993,G8III,49.6135,,131.7523,-23.1485,-45.6395,121.4078
79180,243.134,75.2107,6.36,1.283,K2IV,99.9079,,200.4008,-23.1174,-45.634,193.7617
79201,243.1894,26.6706,6.48,0.391,F3V,11.9564,,73.2601,-29.5276,-58.428,32.8835
79223,243.2358,-4.2208,6.26,0.133,A1V,73.7904,,164.4737,-73.865,-146.4549,-12.1053
79248,243.3143,5.0211,5.46,1.472,K5III,84.5668,,121.8027,-54.4912,-108.4111,10.6605
79250,243.3207,-53.6712,6.03,1.965,M0III,810.5877,,490.1961,-130.389,-259.4834,-394.9168
79257,243.3448,-55.5409,5.78,0.365,F2III,18.9147,,66.7557,-16.9451,-33.7572,-55.0421
79270,243.3697,-54.6305,4.95,1.017,G4III,157.0363,,131.2336,-34.0496,-67.9058,-107.0126
79282,243.4108,-1.4751,6.45,0.997,K0,23.6157,,101.5228,-45.4256,-90.7555,-2.6135
79290,243.4396,-24.4221,6.4,0.043,B6IV,49.5222,,143.6782,-58.4961,-117.0159,-59.4045
79300,243.4621,-11.8377,5.24,1.394,K3III,93.9291,,116.0093,-50.7294,-101.5792,-23.7983
79341,243.5567,5.9018,6.3,1.148,K2III,31.4196,,109.2896,-48.41,-97.3365,11.2377
79352,243.5864,-3.6943,2.73,1.584,M1III,193.9099,Yed Prior,52.4659,-23.2908,-46.8911,-3.3806
79355,243.5932,-33.0111,5.91,1.021,K0III,114.7097,,174.5201,-65.0864,-131.0765,-95.0788
79358,243.6204,-21.1076,6.41,0.002,B9V,28.0802,,108.6957,-45.055,-90.8437,-39.1436
79360,243.6394,73.3949,6.02,0.063,A3V,140.6048,,203.252,-25.7904,-52.0444,194.7758
79364,243.6635,-18.5356,6.32,1.085,K1III,15.3462,,77.101,-32.4309,-65.5138,-24.51
79366,243.6703,33.8586,5.23,0.599,F8V,3.1304,,21.0793,-7.7639,-15.6886,11.7442
79381,243.7226,-25.477,6.06,0.027,B8V,72.644,,148.8095,-59.4742,-120.4566,-64.0102
79412,243.8139,-47.372,5.13,-0.114,B8V,107.9444,,118.2033,-35.3258,-71.8354,-86.97
79420,243.8498,-42.8994,6.14,1.114,K2III,15.5453,,71.4286,-23.0609,-46.9691,-48.6224
79423,243.8595,-63.6857,3.86,1.105,G5II,862.9785,,186.2197,-36.3696,-74.1067,-166.9228
79425,243.8693,18.8081,5.72,1.126,K3III,51.0035,,106.6098,-44.446,-90.6027,34.3709
79431,243.9053,-8.3694,5.49,0.652,G1V,1.0715,,13.9005,-6.0491,-12.3506,-2.0233
79445,243.9472,27.4221,6.14,1.334,K2,44.2588,,120.4819,-46.9699,-96.0777,55.487
79448,243.9575,-57.9124,5.61,0.137,A5III,83.5603,,129.7017,-30.2495,-61.9041,-109.888
79451,243.9646,-14.8491,6.09,0.098,A0III,101.7654,,178.5714,-75.7622,-155.0921,-45.7633
79512,244.1803,-53.8111,5.45,1.696,M2IV,324.788,,237.5297,-61.0842,-126.248,-191.7042
79516,244.1866,29.1503,5.8,0.063,A3V,174.2609,,204.499,-77.7691,-160.7772,99.6118
79538,244.2304,-3.9533,6.18,0.326,A9Vn,5.7916,,44.405,-19.2593,-39.8938,-3.0615
79545,244.2456,-53.6962,6.4,0.793,G5V,12.067,,70.922,-18.2455,-37.8194,-57.1553
79546,244.2467,-20.1041,6.4,1.27,G8III,85.1138,,188.3239,-76.8406,-159.2834,-64.732
79548,244.2539,-50.0681,4.97,0.788,F9Ia,1816.3519,,450.4505,-125.595,-260.4306,-345.4091
79555,244.2727,-67.9413,5.95,0.159,A4V,9.8992,,52.2193,-8.513,-17.6672,-48.3968
79562,244.3139,59.755,5.37,1.551,M4IIIa,318.5664,,226.7574,-49.5064,-102.9306,195.8911
79572,244.3372,-53.0864,6.3,0.273,A7V,14.3219,,73.8007,-19.1962,-39.9531,-59.0068
79580,244.3769,75.7553,4.95,0.393,F5V,8.0612,,29.7354,-3.1641,-6.5972,28.8211
79625,244.5408,68.5545,6.39,1.343,K0,79.726,,181.4882,-28.5238,-59.9113,168.9231
79639,244.5746,-28.614,4.8,0.008,A0V:,17.8484,,41.2882,-15.5615,-32.7349,-19.7732
79640,244.5804,-4.6925,3.23,0.966,G8III,47.3805,Yed Posterior,32.6371,-13.9623,-29.3786,-2.67
79696,244.7517,-14.8728,5.97,1.475,K3IIICNpvar,378.0942,,325.7329,-134.2838,-284.7448,-83.6073
79703,244.7822,-20.2181,6.29,1.066,K0III,55.1061,,144.0922,-57.6093,-122.3272,-49.7974
79711,244.7967,49.0382,5.93,1.369,K6III,142.1674,,196.0784,-54.7365,-116.3037,148.0679
79721,244.8235,-42.674,5.44,0.099,A3Vn,66.4355,,106.9519,-33.4513,-71.1634,-72.4947
79738,244.8864,-30.9067,5.53,0.466,F5IV,12.4509,,48.2625,-17.5748,-37.4949,-24.7896
79750,244.9352,46.3134,3.91,-0.151,B5IV,211.0571,,94.2507,-27.5793,-58.9697,68.1553
79759,244.9603,-50.1555,4.01,1.08,G8III,33.7909,,39.4789,-10.7057,-22.9171,-30.3114
79766,244.9799,39.7086,5.48,0.41,F3IV-V,3.894,,26.3783,-8.5826,-18.3886,16.8526
79779,245.0178,21.1326,6.04,0.938,G8II,32.181,,98.1354,-38.6588,-82.9715,35.3805
79805,245.0868,-78.6957,4.68,1.68,M5III,638.5575,,233.6449,-19.2925,-41.5371,-229.1122
79812,245.1052,-55.1397,5.76,0.97,G6III,45.3315,,102.3541,-24.6272,-53.0673,-83.9865
79815,245.1119,-78.6675,5.27,1.413,K3III,239.8833,,187.9699,-15.5446,-33.5063,-184.3051
79824,245.1359,-39.4303,6.11,-0.079,B9V,62.1727,,140.8451,-45.7419,-98.7045,-89.4563
79837,245.1591,-24.1693,4.55,0.758,A4II/III,957.635,,269.5418,-103.3084,-223.1611,-110.3597
79870,245.2971,-25.5928,2.9,0.299,B1III,2751.6931,Alniyat,213.6752,-80.5362,-175.0754,-92.3018
79919,245.453,69.1094,5.26,1.115,K2III,55.4115,,89.9281,-13.3219,-29.1688,84.0165
79928,245.4801,19.1531,3.74,0.299,A9III,97.0063,,59.0667,-23.1563,-50.7651,19.3794
79938,245.5181,1.029,4.82,0.338,F0V,7.6419,,27.2702,-11.2991,-24.8144,0.4897
79939,245.5243,30.892,4.86,0.97,K0III,31.3329,,56.243,-19.9962,-43.927,28.8764
79955,245.5893,33.7991,5.2,1.631,M2III,279.5117,,196.4637,-67.4713,-148.6657,109.2892
79966,245.6167,-49.5724,5.32,-0.047,B6IV,130.4968,,141.844,-37.9747,-83.7794,-107.9753
79970,245.6211,-43.9121,5.89,1.121,G2Ib,320.6269,,289.0173,-85.9424,-189.6447,-200.4489
79973,245.6217,33.7035,5.4,1.523,K5III,199.8941,,182.1494,-62.5469,-138.0231,101.0738
79985,245.6621,-2.0799,6.24,0.058,B9V,47.6431,,130.8901,-53.9065,-119.1795,-4.7503
80005,245.7354,32.333,6.41,0.083,A4Vn,76.6302,,179.5332,-62.3402,-138.2959,96.0214
80069,245.9466,61.6965,5.67,0.956,G8III,113.3444,,155.2795,-30.0086,-67.2315,136.7155
80082,245.9863,-33.1994,6.45,0.013,A0V+...,27.7971,,110.1322,-37.503,-84.1791,-60.3034
80089,245.9979,61.5142,2.73,0.91,G8III,56.1824,Athebyne,28.2326,-5.4773,-12.3009,24.8146
80095,246.0053,-39.193,5.37,0.625,G3/G5V,1.0111,,12.7779,-4.0271,-9.0474,-8.0748
80101,246.0258,-20.0373,4.48,0.996,K0III,52.5775,,61.1621,-23.3474,-52.5028,-20.9561
80109,246.0451,6.9482,5.83,0.018,A2sp...,51.1918,,112.3596,-45.2849,-101.9275,13.5924
80133,246.1056,55.2051,5.75,0.001,A2svar...,62.748,,119.9041,-27.7146,-62.5579,98.4652
80148,246.1323,-37.566,5.42,-0.104,B8V,98.4464,,129.0323,-41.3842,-93.5311,-78.6678
80157,246.1657,-29.7047,5.4,0.625,G0,6.6009,,33.0907,-11.6146,-26.2911,-16.3974
80179,246.2256,-45.3495,6.32,0.187,A2/A3V,20.9508,,90.0901,-25.524,-57.9408,-64.0907
80213,246.3423,-63.1252,6.14,0.029,A1V,47.5116,,124.8439,-22.6457,-51.6919,-111.3603
80217,246.3507,37.3941,5.53,0.174,A5V,29.6483,,74.4602,-23.7301,-54.1888,45.2192
80221,246.354,14.0333,4.57,0.002,B9p Cr,76.1377,Cujam,76.6871,-29.8401,-68.152,18.5955
80232,246.3963,-23.4472,4.57,0.227,B2V,158.7815,,110.742,-40.6805,-93.0978,-44.0646
80238,246.4311,78.9639,5.55,0.249,F0V,9.6472,,42.8816,-3.2823,-7.524,42.0886
80272,246.5474,11.4075,6.11,1.065,G8III,37.4973,,109.4092,-42.6835,-98.3881,21.6396
80316,246.7086,2.3479,6.06,0.919,G8III,66.9885,,142.8571,-56.4393,-131.105,5.8526
80327,246.756,-18.4563,4.22,0.217,B2Vne,463.4469,,161.0306,-60.2817,-140.3499,-50.9791
80339,246.796,-47.5548,4.46,-0.07,B4V,378.7913,,162.6016,-43.2372,-100.8605,-119.9875
80367,246.8845,2.8706,6.35,1.638,K5,142.4295,,238.0952,-93.3557,-218.705,11.9241
80377,246.9311,-7.5979,5.24,1.721,M2 comp,218.7762,,176.9912,-68.7431,-161.4083,-23.4019
80385,246.9508,-8.3717,4.62,0.185,A3m,20.7205,,40.95,-15.862,-37.2794,-5.9621
80402,246.9888,-64.0579,5.28,0.383,F4IV,10.1298,,38.8048,-6.636,-15.6248,-34.8947
80406,246.996,68.7681,4.94,-0.051,A0III,205.1162,,149.2537,-21.123,-49.7529,139.1227
80428,247.0603,-37.1799,5.79,1.104,K1IIICN...,51.2389,,110.3753,-34.276,-80.9859,-66.7019
80431,247.0632,-58.5998,5.67,0.008,B9III,795.7928,,411.5226,-83.5583,-197.4564,-351.2547
80438,247.0881,67.044,6.45,1.517,M0,97.3644,,206.1856,-31.3076,-74.0728,189.8567
80442,247.1163,-70.0844,4.9,0.555,F9V,1.4022,,12.1168,-1.605,-3.8026,-11.3922
80449,247.1416,0.665,5.41,1.461,K4IIIp,93.0679,,124.8439,-48.493,-115.0319,1.449
80460,247.1606,41.8817,4.83,1.289,M6III:var,120.1158,,108.5776,-31.3775,-74.5007,72.4858
80464,247.1763,0.0549,6.46,1.378,K5,20.361,,94.697,-36.7326,-87.2825,0.0907
80466,247.181,51.4077,6.31,1.052,G9III,43.9744,,129.8701,-31.4173,-74.6693,101.5071
80475,247.204,-8.1288,6.49,0.41,F2V,5.728,,50.9424,-19.5394,-46.4914,-7.2032
80519,247.3519,-26.432,1.06,1.865,M1Ib + B2.5V,9453.6605,Antares,169.7793,-58.5426,-140.3076,-75.5748
80538,247.4264,-46.2432,5.35,0.488,B1.5Iap,1969.6996,,558.6592,-148.3152,-356.767,-403.5096
80544,247.4384,-57.7563,6.09,1.459,G8Ib,31915378.551,,100000.0,-20469.9322,-49268.9596,-84578.6705
80549,247.4455,-14.5509,5.66,0.823,G5III/IV,39.5549,,91.3242,-33.9049,-81.6341,-22.9443
80564,247.5252,48.9611,6.44,0.026,A1V,23.7903,,101.4199,-25.4556,-61.5318,76.4974
80570,247.552,-25.1152,4.79,-0.116,B3V,169.8244,,126.7427,-43.8205,-106.0642,-53.7947
80571,247.555,21.4896,2.78,0.947,G8III,122.4616,Kornephoros,42.6621,-15.1559,-36.6893,15.6285
80595,247.6251,-7.5145,6.46,0.371,A7Ib,22698648.5188,,100000.0,-37739.6608,-91677.1167,-13077.6248
80598,247.6398,20.4792,5.24,1.274,G8p,259.1791,,192.6782,-68.6676,-166.929,67.4118
80605,247.6626,77.4465,6.35,0.995,K1III,33.5738,,115.6069,-9.5499,-23.2418,112.8431
80629,247.7057,-61.6335,5.19,1.236,K0II/IIICN.,424.6196,,240.9639,-43.4312,-105.9263,-212.0305
80637,247.7284,1.9839,3.82,0.022,A2V,72.778,Marfik,53.0786,-20.1046,-49.0894,1.8375
80642,247.7616,35.2251,6.25,1.64,K5,268.9057,,312.5,-96.6132,-236.2906,180.2468
80648,247.7849,-16.6127,4.29,0.924,G8/K0III,93.4114,,74.6826,-27.0578,-66.253,-21.3519
80652,247.806,22.1955,5.76,1.605,K5III,287.3426,,257.732,-90.1427,-220.9538,97.3627
80664,247.8452,-26.5376,6.07,1.085,K1III,15.2897,,68.5871,-23.1398,-56.8305,-30.6437
80665,247.8456,-34.7044,4.24,-0.168,B2III-IV,507.2242,,170.068,-52.7241,-129.4907,-96.8269
80674,247.8678,72.6123,6.27,1.291,K2III,55.9758,,143.8849,-16.1992,-39.8297,137.31
80699,247.924,-41.8171,5.31,0.299,B1Ia,4545.6919,,833.3333,-233.4178,-575.5313,-555.6296
80707,247.9468,45.5983,5.61,0.125,A4Vn,23.8561,,69.3001,-18.2058,-44.9406,49.5116
80729,248.0342,-21.4664,4.45,0.13,Ap,38.6545,,51.7063,-17.9993,-44.6264,-18.9222
80744,248.1069,60.8233,5.92,0.039,A2V,48.3059,,113.7656,-20.6801,-51.4614,99.3311
80761,248.1487,5.5212,5.63,-0.044,B9.5III,68.2967,,118.3432,-43.8429,-109.331,11.3863
80762,248.1512,11.488,4.84,1.495,K4III,116.9499,,107.6426,-39.2575,-97.909,21.4385
80819,248.3641,-78.8971,3.86,0.923,K0IV SB,57.1216,,47.9157,-3.4021,-8.5771,-47.0189
80876,248.5209,-44.0453,4.86,0.045,B0Ia,99083194.4893,,100000.0,-26319.3336,-66887.1124,-69522.7076
80880,248.5258,42.437,4.2,-0.013,B9Vvar,169.5118,,96.5251,-26.0788,-66.2922,65.1332
80895,248.5807,-70.9881,5.5,1.235,K1IIICN...,338.2206,,248.139,-29.5202,-75.2518,-234.6032
80952,248.7823,-45.2444,6.43,1.346,K2/K3III,73.3838,,177.305,-45.1803,-116.3752,-125.9071
80985,248.8595,17.0573,6.42,0.062,A2V,60.0897,,159.7444,-55.0784,-142.4395,46.8576
81006,248.9366,-65.4954,5.5,0.949,G8/K0III,60.5341,,104.9318,-15.6419,-40.6142,-95.4804
81020,248.9706,-28.216,2.82,-0.206,B0V,1370.2506,Paikauhale,145.3488,-45.96,-119.5468,-68.7205
81043,249.0467,46.6133,5.83,1.044,G8II,381.5926,,306.7485,-75.3518,-196.7773,222.9247
81044,249.0476,52.9,5.53,-0.06,B9.5Vn,91.622,,130.8901,-28.2333,-73.7333,104.3959
81046,249.0572,52.9244,5.07,-0.027,B9V,130.4968,,126.4223,-27.2423,-71.1809,100.8649
81054,249.0894,-2.3246,5.77,0.827,K2V,0.4074,,9.7513,-3.4775,-9.1016,-0.3955
81058,249.0936,-35.2553,4.18,1.535,K5III,204.5502,,105.042,-30.6085,-80.1289,-60.6325
81059,249.094,-42.8589,5.46,0.338,O9Ia,989.9198,,416.6667,-108.9882,-285.3225,-283.4145
81091,249.1789,15.4975,6.36,-0.055,B9sp...,39.6643,,126.2626,-43.2484,-113.7262,33.7368
81112,249.2291,63.0728,6.17,1.527,K5,72.845,,156.7398,-25.172,-66.3675,139.7465
81130,249.2897,-10.5671,2.54,0.038,O9.5V,1057.7913,,112.2334,-39.0174,-103.2006,-20.5821
81156,249.3907,5.2775,6.48,1.15,K0,59.7035,,163.6661,-57.3653,-152.5424,15.054
81177,249.45,13.687,6.3,0.433,F5III-IV,12.8115,,69.7837,-23.8001,-63.4875,16.5121
81180,249.47,78.9187,6.33,1.141,G9III,46.0893,,134.2282,-9.0476,-24.1604,131.7256
81189,249.5019,56.0155,5.28,1.055,K1III,46.4301,,83.0565,-16.2572,-43.4864,68.8696
81192,249.5065,-6.538,6.05,0.165,A0pe...,42.462,,113.2503,-39.3912,-105.393,-12.895
81224,249.6096,-43.3984,5.83,-0.053,B2.5IV,149.9685,,192.3077,-48.684,-130.9741,-132.1284
81249,249.6869,48.9283,4.86,1.562,M2.5III,159.9558,,127.0648,-28.9807,-78.2901,95.7927
81251,249.6989,-8.6186,6.44,1.806,K5,115.6645,,223.7136,-76.7419,-207.4477,-33.5249
81259,249.7196,-60.9904,6.16,-0.073,B8Vn,95.0605,,178.2531,-29.9631,-81.086,-155.8892
81275,249.7718,-37.2174,5.93,-0.035,B9.5V+...,46.4729,,112.1076,-30.8683,-83.7702,-67.8072
81331,249.913,-9.5546,6.33,0.492,F3V,4.1077,,40.0641,-13.569,-37.1051,-6.6501
81383,250.1438,-20.4086,6.25,1.077,K0III,52.2396,,137.741,-43.8484,-121.42,-48.0322
81392,250.1612,4.2198,5.77,-0.004,A1V,34.7056,,90.009,-30.464,-84.4375,6.6231
81400,250.185,-51.4783,6.3,0.321,A9V,6.421,,49.4071,-10.431,-28.9494,-38.6547
81408,250.2102,-60.4464,6.17,0.488,F2III-IV,2.9107,,31.3283,-5.2317,-14.5397,-27.2523
81410,250.2139,12.395,6.08,0.046,A3Vn,29.621,,95.8773,-31.6989,-88.1141,20.5801
81411,250.2297,64.589,4.84,1.212,K1p,514.2804,,225.7336,-32.7643,-91.1545,203.8946
81413,250.235,-8.3096,6.47,1.147,K0,46.0469,,143.0615,-47.8701,-133.22,-20.6756
81421,250.2524,24.8587,6.07,1.316,K2,56.7545,,132.1004,-40.4982,-112.812,55.5326
81438,250.2981,-1.0003,6.25,0.313,A7III,6.5887,,48.8998,-16.4829,-46.0302,-0.8537
81442,250.3197,1.2454,6.4,1.019,K0,214.981,,299.4012,-100.8058,-281.8455,6.5076
81444,250.3217,31.6027,2.81,0.65,F9IV,7.5162,,10.7158,-3.0733,-8.5937,5.6154
81452,250.3351,-48.763,5.57,0.169,O5,51522864.4582,,100000.0,-22182.5237,-62073.043,-75198.8894
81460,250.3463,-68.2961,5.89,-0.078,B7IV,157.9065,,202.8398,-25.2291,-70.6421,-188.46
81474,250.3933,-17.7422,4.91,1.095,G8II/III,151.2168,,126.4223,-40.4048,-113.4278,-38.5252
81478,250.4008,-24.468,6.07,0.214,A7III,24.9345,,87.5657,-26.7351,-75.0839,-36.2683
81479,250.4029,26.9169,5.92,0.402,F2III,7.145,,43.7445,-13.0826,-36.746,19.803
81483,250.4176,-49.6516,5.62,-0.043,B1II,2216.1543,,671.1409,-145.6345,-409.3873,-511.4907
81484,250.427,1.1812,5.74,0.336,F2.7III-IV,13.6144,,55.5864,-18.6179,-52.3632,1.1459
81491,250.4394,-33.1458,5.84,0.653,G1II,30.3389,,86.881,-24.3549,-68.5457,-47.504
81504,250.4737,-19.9244,5.55,0.436,F3V,9.2811,,42.0521,-13.2142,-37.2613,-14.3305
81550,250.6157,49.9364,6.48,0.541,F8V,1.9178,,29.3341,-6.2665,-17.8102,22.4503
81553,250.6212,-37.0794,6.47,0.776,G3III,20.2116,,94.7867,-25.0919,-71.3367,-57.1488
81573,250.7018,-62.5539,6.23,1.524,K3III,687.3849,,495.0495,-75.4085,-215.3541,-439.3292
81583,250.724,38.9223,3.48,0.916,G8III-IV,39.1922,,33.3111,-8.5554,-24.4631,20.9282
81590,250.7435,55.6901,6.18,0.088,A2p...,23.0569,,88.574,-16.4656,-47.1331,73.1622
81597,250.7649,-46.0703,6.22,0.821,F5Iab,2141.904,,869.5652,-198.749,-569.6043,-626.2535
81602,250.7719,-77.5174,4.23,1.06,K0III,41.0015,,48.1232,-3.4255,-9.8212,-46.9857
81604,250.7757,77.514,5.99,0.43,F4V,4.5625,,36.1011,-2.57,-7.3699,35.2473
81623,250.8422,-67.4324,6.02,0.037,A0Vn,34.4509,,100.6036,-12.6704,-36.4708,-92.9001
81640,250.9113,-32.1059,6.46,-0.076,B8V,77.8395,,185.1852,-51.2994,-148.2388,-98.4234
81653,250.9404,-41.1192,6.21,0.143,A4V,60.7016,,145.7726,-35.8609,-103.7965,-95.8641
81655,250.9483,-38.1563,6.05,-0.054,B9II/III,87.0162,,162.0746,-41.6003,-120.463,-100.1312
81661,250.9654,34.0388,6.02,0.321,F2.5III-IV,9.6828,,53.3333,-14.4137,-41.7786,29.8535
81664,250.9753,-41.1133,6.14,-0.078,B6/B7V,85.1922,,167.2241,-41.0691,-119.1067,-109.9583
81716,251.1656,-53.1523,5.96,1.23,G8III,179.3081,,223.2143,-43.2143,-126.6919,-178.6233
81722,251.1775,-40.8397,5.64,-0.093,B3V,129.4196,,163.6661,-39.9491,-117.1987,-107.0286
81742,251.2508,-28.5097,5.99,0.103,A3IV,164.5887,,216.9197,-61.2688,-180.5002,-103.5373
81762,251.2992,43.2172,6.07,1.415,K4III,159.8085,,221.7295,-51.8096,-153.0574,151.8327
81770,251.3242,56.7819,4.84,0.375,F2V,6.8802,,26.1097,-4.5802,-13.5505,21.8431
81777,251.3438,15.7453,5.6,1.637,M3III,96.917,,139.0821,-42.8213,-126.8296,37.7415
81786,251.3736,1.0202,6.02,-0.012,B9.5III,79.7995,,153.1394,-48.9042,-145.0952,2.7265
81823,251.4579,8.5826,5.15,1.535,K5III,89.454,,108.5776,-34.1412,-101.7886,16.2036
81830,251.4924,82.0373,4.21,0.897,G5IIIvar,156.603,,93.1966,-4.0982,-12.2427,92.298
81840,251.5266,-46.532,6.47,0.087,A1V,36.8808,,128.041,-27.9113,-83.5467,-92.9269
81859,251.5884,-58.5036,5.74,-0.101,B2IV-V,402.161,,302.1148,-49.8517,-149.759,-257.6051
81878,251.6667,-67.1097,5.1,-0.08,Ap,362.7438,,213.6752,-26.1427,-78.8943,-196.8485
81884,251.6998,-39.377,5.48,0.975,K0III,43.6114,,88.2613,-21.4223,-64.7745,-55.9947
81911,251.7906,2.0645,6.07,0.14,A3V,89.7016,,166.113,-51.875,-157.6918,5.9842
81920,251.8319,-58.3414,5.55,-0.096,B0Iab,3584.2641,,826.4463,-135.2505,-412.1404,-703.4636
81921,251.8323,42.2389,5.86,1.504,M4IIIa,211.4463,,231.4815,-53.4353,-162.8334,155.6073
81965,251.9434,5.2467,5.22,-0.001,B9p (Cr),103.4666,,120.6273,-37.2325,-114.206,11.0308
81990,252.037,13.5903,6.38,0.877,G5III,119.1242,,220.7506,-66.1739,-204.1108,51.8714
82008,252.1124,-14.9094,6.03,0.192,A0IV/V,77.1969,,151.2859,-44.9032,-139.1259,-38.9246
82022,252.1662,-69.0277,1.91,1.447,K2IIb-IIIa,2151.7906,Atria,119.7605,-13.1275,-40.8046,-111.8268
82070,252.3092,45.9833,4.82,0.087,A2p...,31.3906,,55.2486,-11.6661,-36.575,39.7313
82088,252.3653,-15.668,6.18,0.234,A3V,16.1139,,74.0741,-21.6067,-67.9701,-20.0046
82099,252.3944,13.2611,5.91,0.015,A1V,37.7398,,100.1001,-29.4692,-92.8673,22.9619
82104,252.419,43.4304,6.18,1.257,K0IV,85.5855,,170.6485,-37.4324,-118.1381,117.3163
82112,252.4464,-59.0414,3.77,1.562,K5III,227.6145,,91.7431,-14.2337,-44.9968,-78.6733
82118,252.4584,-10.783,4.64,0.478,F7IV,12.4051,,31.9795,-9.4683,-29.954,-5.983
82144,252.5412,-34.2932,2.29,1.144,K2IIIb,40.3274,Larawag,19.5351,-4.8421,-15.3957,-11.0066
82151,252.5808,7.2477,5.48,0.108,A3m,16.5653,,54.407,-16.1572,-51.4971,6.8639
82154,252.5927,-2.6544,6.32,0.401,F1III-IV,9.5852,,60.9385,-18.2109,-58.0853,-2.8221
82167,252.6503,-50.0449,6.45,0.325,A5+...,59.8136,,161.5509,-30.9372,-99.0257,-123.8366
82168,252.6504,41.8965,6.29,1.086,K3III:,34.7376,,114.4165,-25.3966,-81.2914,76.4059
82171,252.6623,29.8065,5.73,1.626,M1III,478.1895,,327.8689,-84.7802,-271.5687,162.9748
82175,252.6798,32.5537,6.16,1.014,K0III,26.4728,,94.0734,-23.6066,-75.6978,50.6199
82202,252.7502,-37.5145,6.1,0.124,B8II/III,368.4682,,341.2969,-80.278,-258.5398,-207.837
82229,252.8539,1.2159,5.51,0.055,A2Vs,73.4514,,116.144,-34.2327,-110.9571,2.4647
82242,252.8905,-41.2305,5.23,0.047,O9e,70469306.8967,,100000.0,-22125.6195,-71878.0645,-65909.0343
82253,252.9386,24.6564,5.03,1.246,K2II-III,388.3292,,214.1328,-57.0977,-186.0448,89.3311
82263,252.9676,-38.0474,3.0,-0.2,B1.5IV + B,1296.582,Xamidimura,153.6098,-35.4329,-115.6622,-94.6717
82265,252.9745,-65.3755,6.12,-0.028,B8II/III,299.5022,,310.559,-37.8881,-123.7297,-282.3161
82288,253.074,-67.6816,6.33,1.289,K2III,46.6015,,134.9528,-14.9204,-49.0287,-124.8432
82292,253.0802,-41.8545,6.36,0.264,WN...,24888573.1828,,100000.0,-21677.3387,-71259.9569,-66724.1451
82294,253.0839,-38.0175,3.56,-0.21,B2IV,693.1065,Pipirima,145.3488,-33.3187,-109.5545,-89.5207
82303,253.1142,-40.7232,6.35,-0.141,B9p Si,81.8088,,180.5054,-39.7354,-130.9018,-117.7626
82336,253.2419,31.7017,5.34,0.319,F0V,5.425,,29.1886,-7.1603,-23.7789,15.3385
82360,253.3232,47.4167,5.99,1.325,K2III,141.6446,,201.2072,-39.0711,-130.4225,148.1478
82369,253.3551,-20.4156,5.86,0.685,G5IV,2.8629,,26.9397,-7.2319,-24.1896,-9.3973
82398,253.4268,-43.051,5.95,1.643,M3II/III,195.524,,232.0186,-48.3616,-162.5032,-158.3872
82417,253.4952,-41.9943,6.28,0.462,B1Ia,2429.9649,,952.381,-201.0883,-678.6551,-637.1972
82419,253.4989,-42.362,4.7,0.444,B1Iae,7118.6887,,787.4016,-165.2548,-557.8502,-530.5613
82420,253.5016,-57.9095,5.91,1.592,M0III,177.9918,,217.3913,-32.7981,-110.7358,-184.1761
82421,253.502,10.1654,4.39,-0.088,B8V,86.3774,,75.188,-21.0169,-70.9608,13.2699
82424,253.5077,-41.8064,5.46,0.176,B0.5Ia,3590.8726,,793.6508,-167.9445,-567.2493,-529.06
82439,253.5419,-41.825,6.07,0.126,O7e,564.4169,,416.6667,-87.9671,-297.7719,-277.8576
82441,253.5442,-1.6123,6.25,0.283,F0V,16.1734,,76.6284,-21.6984,-73.4605,-2.156
82464,253.6123,-42.4789,5.84,0.626,F5Ib-II,779.8301,,440.5286,-91.6664,-311.7021,-297.4971
82471,253.6315,-49.7108,6.49,1.466,K1II,491.134,,471.6981,-85.9595,-292.6588,-359.8067
82477,253.646,-42.3613,3.62,1.393,K4III,51.0975,,40.568,-8.4404,-28.7633,-27.3349
82478,253.6487,-6.154,5.23,1.1,K2III,38.3707,,73.8007,-20.6571,-70.4077,-7.9115
82479,253.6498,-30.5873,6.34,0.214,A5IIIm...,110.4587,,208.7683,-50.5922,-172.4511,-106.232
82512,253.7299,20.9585,5.39,0.966,G8III,41.6869,,82.7815,-21.6582,-74.2087,29.6102
82523,253.7438,-41.1509,5.78,0.132,O8Iab+...,2047.3873,,694.4444,-146.3779,-501.9965,-456.9749
82529,253.759,25.7307,6.06,0.921,G5III,61.3762,,136.7989,-34.466,-118.3167,59.3901
82531,253.7639,-42.0908,6.3,0.396,O9Ia,1341.5288,,714.2857,-148.2027,-508.9193,-478.7913
82546,253.8166,13.6199,6.35,0.339,F5II,15.1217,,77.5795,-21.0143,-72.4102,18.2684
82550,253.8424,18.4332,5.35,1.407,K4III,90.9494,,120.048,-31.693,-109.3901,37.9591
82554,253.8528,-63.2697,5.99,0.059,A0III,72.644,,144.0922,-18.0244,-62.2547,-128.6935
82602,253.9906,-33.5069,6.29,1.747,K5III,161.8825,,246.9136,-56.781,-197.8966,-136.3054
82607,254.0062,65.1348,4.88,0.481,F6Vvar,2.2636,,15.2579,-1.7677,-6.1674,13.8435
82608,254.0077,-16.8063,6.33,0.952,K0/K1III/IV,4.5165,,42.0168,-11.0816,-38.6655,-12.1486
82615,254.0369,-50.6748,6.3,-0.016,B3Vnpe,102.707,,197.6285,-34.4438,-120.4119,-152.8778
82627,254.0697,73.1279,6.29,0.259,F0V,21.5774,,90.1713,-7.1831,-25.166,86.2899
82645,254.1054,65.0391,6.4,0.383,F1V,11.7274,,69.9301,-8.082,-28.3822,63.3984
82648,254.1199,-52.2837,5.94,-0.069,A0III,49.4311,,116.144,-19.4414,-68.3397,-91.8757
82656,254.1499,-40.8235,6.18,0.228,B0.5Ia,1543.1211,,724.6377,-149.767,-527.5047,-473.7177
82669,254.2002,-23.1503,5.57,-0.018,A0V,44.6684,,93.1099,-23.3103,-82.3778,-36.6057
82688,254.2544,-71.1116,6.46,0.26,A5IV/V,216.1723,,308.642,-27.1136,-96.166,-292.022
82695,254.2666,-19.5399,6.27,0.084,B7/8III,85.2707,,177.6199,-45.3899,-161.1191,-59.4072
82704,254.2966,-33.2595,5.48,1.606,K5III,472.9334,,290.6977,-65.7916,-234.0072,-159.4279
82723,254.3583,-10.9634,6.15,1.0,G8III-IV,19.8976,,81.1688,-21.4853,-76.7363,-15.4368
82731,254.3794,25.3528,6.27,0.909,G5III:,77.6962,,169.4915,-41.2429,-147.5103,72.5748
82733,254.3835,13.8841,6.38,0.93,K0V,9.1285,,61.1247,-15.9738,-57.1483,14.6674
82745,254.4171,9.375,3.19,1.16,K2IIIvar,36.2744,,28.0426,-7.4325,-26.651,4.568
82751,254.4263,24.3813,6.35,1.089,K0III,57.491,,151.2859,-36.9947,-132.735,62.4518
82758,254.4591,42.5125,6.36,1.28,K3III,100.3691,,200.8032,-39.658,-142.6065,135.6928
82802,254.5748,-50.6412,5.53,0.016,B9IV,135.5189,,159.2357,-26.8596,-97.3457,-123.1194
82826,254.6551,-55.9901,3.12,1.552,K5III,1092.4461,,149.0313,-22.0591,-80.3868,-123.5382
82835,254.6732,-14.8697,6.48,0.391,F3IV/V,6.0034,,51.8941,-13.2575,-48.3724,-13.3171
82845,254.7177,-37.6205,6.05,0.179,A3III,30.9599,,96.7118,-20.1905,-73.8939,-59.0357
82859,254.7607,69.1862,6.41,0.725,K0,18.5183,,88.2613,-8.2435,-30.2592,82.5014
82883,254.8397,56.6886,6.04,1.165,K1III:,28.9734,,93.1099,-13.3728,-49.3554,77.8118
82895,254.8916,-69.2682,5.79,-0.103,Ap Si,245.4709,,241.5459,-22.2868,-82.5504,-225.9052
82898,254.896,-53.1604,4.06,1.452,K4III,253.2795,,110.6195,-17.2824,-64.0336,-88.5307
82921,254.9904,-25.0922,5.88,1.607,M1/M2III,106.4633,,165.8375,-38.8954,-145.0629,-70.3277
82932,255.0262,-54.5972,5.64,0.194,A3V,12.9658,,51.8135,-7.7556,-28.9974,-42.2331
82941,255.0396,-24.9891,5.74,0.407,F3V,5.0026,,33.7041,-7.8863,-29.5135,-14.2381
82952,255.0724,30.9264,3.92,-0.018,A0V,53.2108,,47.5285,-10.5026,-39.3953,24.4266
82961,255.1124,-48.6478,5.98,0.883,G5IV,40.3274,,106.8376,-18.1353,-68.2167,-80.1989
82980,255.1541,-35.9341,5.95,1.161,K2IIICN...,35.2533,,98.5222,-20.4393,-77.1097,-57.8182
82999,255.2422,22.6321,5.69,1.332,K3III,4184.0802,,952.381,-223.9212,-850.0443,366.488
83000,255.2435,-86.3643,6.05,0.043,A2V,122.4616,,192.3077,-3.1061,-11.7925,-191.9207
83007,255.265,-4.2226,4.82,1.483,K4III,158.6354,,124.2236,-31.5103,-119.8121,-9.1469
83014,255.2793,-56.5551,6.4,0.1,Ap...,96.2942,,200.4008,-28.0657,-106.8226,-167.2176
83034,255.3206,60.6488,6.16,1.006,K1III,31.3617,,102.3541,-12.7136,-48.5325,89.215
83053,255.3877,14.9497,6.27,0.031,B9p CrEu,71.7133,,162.8664,-39.6967,-152.2642,42.0148
83058,255.4015,33.5683,5.27,0.028,A3IV,66.3132,,98.8142,-20.752,-79.6766,54.6374
83062,255.417,75.2975,6.17,0.306,F0IVn,6.4387,,46.5983,-2.9777,-11.4457,45.0725
83066,255.4431,-51.131,6.43,0.279,A7V,25.4683,,104.4932,-16.4814,-63.4688,-81.3566
83068,255.4475,-58.9582,6.26,-0.124,B2IVne,507.2242,,431.0345,-55.8489,-215.1375,-369.3068
83077,255.4636,-18.8855,6.28,1.351,K1III,84.489,,177.6199,-42.1819,-162.6783,-57.4918
83081,255.4693,-32.1435,5.03,-0.1,B8V,159.3676,,137.1742,-29.1413,-112.4327,-72.9824
83087,255.4957,8.4507,6.33,0.091,A4V,37.6011,,121.2121,-30.0282,-116.0749,17.8131
83104,255.5657,64.6007,6.11,0.96,G5V,41.9566,,115.7407,-12.3747,-48.0768,104.5533
83109,255.5713,31.8841,6.41,1.134,K0,26.2785,,105.1525,-22.2481,-86.4706,55.5419
83112,255.5779,25.5056,5.76,1.018,G7III:,39.8474,,95.9693,-21.573,-83.8869,41.3243
83175,255.7828,14.0919,4.97,1.6,M3III,131.22,,121.0654,-28.8387,-113.8256,29.4768
83176,255.7863,-53.237,5.27,0.498,F6V,5.035,,27.2257,-4.001,-15.7959,-21.811
83206,255.8759,35.414,6.19,1.467,M4III,153.8863,,229.8851,-45.7185,-181.6893,133.2141
83221,255.9138,13.6053,5.91,0.01,A1V,22.182,,76.746,-18.1545,-72.3495,18.0532
83224,255.9237,-47.1606,6.07,0.072,A2/A3V,74.4046,,151.2859,-25.0185,-99.7775,-110.9322
83234,255.9622,-38.1526,5.91,0.409,F3V,15.7616,,64.6831,-12.3379,-49.3457,-39.9585
83236,255.9694,19.6905,6.35,1.518,A...,132.8006,,229.8851,-52.4744,-209.9856,77.4573
83237,255.9733,34.7902,6.08,0.2,A5V,9.7364,,54.9753,-10.9428,-43.8021,31.3674
83243,255.9866,-37.8441,6.48,0.263,O5f,22284351.4927,,100000.0,-19122.1368,-76618.0755,-61351.5639
83247,255.9918,13.5674,6.06,1.05,K1III,31.4775,,97.9432,-23.0465,-92.3786,22.9764
83278,256.103,-57.7122,5.73,-0.097,B5IV,135.3942,,174.5201,-22.3902,-90.4952,-147.535
83299,256.1404,-68.2787,6.47,1.57,M3/M4III,313.0401,,373.1343,-33.0795,-134.0736,-346.6399
83308,256.1723,19.5991,6.19,0.01,B9.5V,90.8657,,176.6784,-39.7802,-161.6184,59.2644
83310,256.1889,-20.4947,6.29,-0.035,B7IV/V,55.616,,144.7178,-32.3607,-131.6386,-50.6687
83317,256.2056,-34.1229,4.83,0.257,B2Iab,101859138.8054,,100000.0,-19738.7421,-80395.9253,-56097.0343
83318,256.2073,48.804,6.11,1.091,K1III,39.4821,,112.2334,-17.6235,-71.7896,84.4512
83336,256.2706,43.8122,6.45,0.099,A3IV,56.2859,,156.7398,-26.8441,-109.8737,108.5105
83337,256.2724,-45.5021,6.28,0.074,A2V,26.0615,,98.6193,-16.4027,-67.1461,-70.3428
83344,256.3201,0.7026,6.0,0.578,F9V,1.4805,,20.6654,-4.887,-20.0777,0.2534
83351,256.3339,54.47,4.91,0.471,F5,7.1252,,27.4348,-3.7668,-15.4918,22.3268
83358,256.3445,12.7408,4.89,0.125,A4IV,16.099,,40.8664,-9.4103,-38.7334,9.0127
83378,256.3844,-0.8921,5.63,0.104,B1V,571.7419,,342.4658,-80.6089,-332.8011,-5.3318
83393,256.452,-44.105,6.18,0.281,A4III,14.2692,,69.6864,-11.7222,-48.647,-48.5001
83420,256.5402,9.7339,6.38,1.458,K5,185.3532,,275.4821,-63.199,-264.0586,46.5763
83427,256.5492,-21.5646,6.29,0.128,A1m...,30.311,,106.8376,-23.1121,-96.6339,-39.2681
83431,256.5544,10.4539,6.38,0.896,G8III-IV,34.6418,,119.0476,-27.2218,-113.8628,21.6005
83435,256.5752,22.0842,5.56,1.299,K4III,57.1216,,104.8218,-22.5509,-94.4772,39.4096
83436,256.5841,-37.2276,5.98,0.076,A2IV,71.4496,,142.2475,-26.279,-110.1722,-86.0573
83449,256.6182,-35.451,6.15,0.438,O9.5Iab,1179.234,,625.0,-117.833,-495.3089,-362.5045
83481,256.7207,-1.6562,6.34,0.209,A9V,20.7587,,90.4977,-20.7785,-88.0412,-2.6156
83483,256.7218,-26.513,6.26,-0.038,B8/B9II,295.3929,,328.9474,-67.607,-286.4838,-146.8425
83559,256.9445,40.5161,6.34,0.032,A2IV,46.4301,,135.318,-23.2382,-100.2129,87.9108
83577,257.0029,31.2062,6.44,1.285,K2,486.6313,,458.7156,-88.2387,-382.292,237.6695
83581,257.0086,35.9352,5.41,0.309,A5m,17.5711,,54.2594,-9.8763,-42.8083,31.8432
83596,257.0569,-1.0795,6.06,0.074,A3V,26.3027,,89.5255,-20.0487,-87.2354,-1.6866
83597,257.0619,-17.6091,5.98,1.011,K0III,46.6445,,114.9425,-24.5295,-106.7753,-34.7725
83600,257.0712,50.8423,6.46,-0.017,A1V,83.3297,,191.5709,-27.0657,-117.9021,148.5461
83638,257.1967,65.7147,3.17,-0.12,B6III,476.431,Aldhibah,100.7049,-9.1784,-40.3882,91.7934
83639,257.1981,-30.4037,5.93,0.276,Fm,22.636,,78.2473,-14.9538,-65.8092,-39.6002
83649,257.2272,-3.883,6.35,0.697,G8IV-V,3.0648,,34.9284,-7.7045,-33.9859,-2.3653
83690,257.3886,40.777,5.07,1.275,K3III,61.0942,,86.5052,-14.3026,-63.9262,56.498
83705,257.4498,-10.5233,5.43,0.465,F5IV,10.0092,,41.3223,-8.8281,-39.6565,-7.5469
83727,257.5262,-61.6755,6.37,-0.049,B8II/III,356.4511,,380.2281,-38.9664,-176.1465,-334.705
83755,257.5945,-15.7249,2.43,0.059,A2.5Va,68.1711,Sabik,27.0929,-5.6025,-25.47,-7.3427
83764,257.6277,52.4088,6.3,-0.025,B9V,38.7258,,121.3592,-15.8624,-72.3127,96.163
83776,257.6764,-44.5577,5.06,0.867,G8/K0III+..,77.1969,,96.8054,-14.7222,-67.3887,-67.9213
83796,257.7632,24.2377,6.2,0.227,A8V,19.5344,,82.3045,-15.9069,-73.3442,33.7879
83847,257.9112,-48.8734,5.94,1.786,M1/M2III,426.9726,,341.2969,-47.0123,-219.5015,-257.0847
83849,257.9178,49.7464,6.12,0.185,A5III,27.9512,,94.8767,-12.8324,-59.9487,72.4091
83855,257.9385,7.8948,6.34,1.04,K0III,46.9462,,136.0544,-28.1607,-131.7898,18.6876
83885,258.0383,-43.2392,3.32,0.441,F3p,20.7778,,22.5276,-3.4014,-16.055,-15.4324
83892,258.0675,-39.5069,5.66,0.042,A0/A1V,18.7759,,62.9327,-10.0393,-47.5064,-40.036
83893,258.069,-38.8225,6.3,1.05,K1IIICN...,34.3558,,114.2857,-18.4073,-87.1155,-71.6469
83899,258.0828,-70.7211,6.21,1.062,K1IVCN...,12.6707,,66.5779,-4.5392,-21.5081,-62.8444
83916,258.1044,-27.7621,6.12,-0.048,B9Vn...,73.4514,,153.8462,-28.0617,-133.2133,-71.6618
83919,258.1159,10.5852,5.32,1.593,M2III,725.7717,,334.4482,-67.7019,-321.7103,61.4371
83925,258.1357,62.8743,5.54,0.216,F0IV,9.8175,,43.0478,-4.0353,-19.2081,38.3129
83968,258.244,-32.4383,5.95,0.071,B1Ib,1072.5067,,543.4783,-93.4533,-449.0578,-291.5172
83991,258.3251,-67.1966,5.87,1.07,K0III-IV,39.0841,,100.0,-7.8428,-37.9552,-92.184
84053,258.5559,-56.8885,6.08,1.728,M1/2II/III+A,716.4733,,471.6981,-51.1258,-252.5515,-395.0987
84074,258.6152,-39.7666,6.42,2.282,K0Ia,23550492.839,,100000.0,-15173.0269,-75353.1646,-63966.2398
84086,258.6619,14.3903,2.78,1.164,M5IIvar,818.088,Rasalgethi,110.2536,-20.9956,-104.7102,27.4009
84121,258.758,24.8392,3.12,0.08,A3IVv SB,26.1096,Sarin,23.0362,-4.0755,-20.504,9.6769
84122,258.7618,36.8092,3.16,1.437,K3IIvar,632.1207,,115.4734,-18.0178,-90.6794,69.1861
84143,258.8302,-33.5484,5.6,-0.056,O9,50118723.3627,,100000.0,-16144.7816,-81763.1934,-55264.1495
84144,258.8345,-14.5841,5.98,1.096,K1III,28.2098,,89.3655,-16.7474,-84.849,-22.5024
84147,258.8375,-26.6028,4.33,0.855,K2:III:,0.5681,Guniibuu,5.9333,-1.027,-5.2048,-2.657
84167,258.8999,-38.5939,5.95,0.58,G0V,3.3978,,30.5904,-4.6031,-23.4618,-19.0822
84173,258.9228,23.7428,5.99,1.335,K2III,105.0993,,173.3102,-30.48,-155.686,69.7801
84187,258.964,-30.2107,6.2,-0.027,B9/B9.5V,32.719,,106.4963,-17.6174,-90.3301,-53.587
84220,259.0558,-26.5461,6.33,1.144,K5V,0.0912,,5.9705,-1.014,-5.2439,-2.6683
84221,259.0594,2.1862,6.17,0.235,A2V,143.2188,,219.7802,-41.6819,-215.6285,8.384
84231,259.0901,-35.7503,6.09,0.479,F6V,3.1536,,31.4367,-4.8288,-25.052,-18.367
84238,259.1226,60.6706,6.32,1.09,K1.5IIIb,58.7219,,150.8296,-13.9419,-72.5534,131.496
84242,259.1322,1.2105,5.89,0.023,B5Vnn,154.0281,,200.4008,-37.776,-196.7626,4.2338
84252,259.1487,-74.533,6.24,-0.004,A0V,31.4485,,106.383,-5.3411,-27.8633,-102.5303
84256,259.1529,-0.4453,4.72,1.119,K2III,44.8745,,63.0915,-11.8728,-61.9624,-0.4903
84266,259.1781,-6.245,6.08,1.1,K0,40.1051,,111.6071,-20.8306,-108.9717,-12.1406
84279,259.2385,89.0377,6.31,1.575,M1III,192.4864,,271.7391,-0.8521,-4.4834,271.7008
84293,259.2652,-32.6628,5.53,0.514,F6V,12.5083,,48.3793,-7.5862,-40.0159,-26.11
84298,259.2731,-44.7786,6.46,0.187,B0.5Iab:,22698648.5188,,100000.0,-13212.016,-69742.9904,-70436.9074
84315,259.3315,33.1001,4.8,-0.166,B1.5Vp,436.114,,204.0816,-31.6496,-168.0077,111.4497
84341,259.3994,23.0906,6.25,1.544,K2,529.6634,,438.5965,-74.2209,-396.573,172.0117
84348,259.4178,37.2915,4.64,0.043,A2V,35.1237,,53.7924,-7.8592,-42.0674,32.5912
84368,259.5028,-24.2869,5.14,1.046,K:...,62.5749,,90.4159,-15.0147,-81.0346,-37.1886
84373,259.5206,17.3179,6.0,0.015,A1V,67.6083,,139.6648,-24.251,-131.1095,41.5744
84391,259.5803,-16.3119,6.28,1.691,M0/M1III,170.9228,,252.5253,-43.8327,-238.3637,-70.9257
84392,259.5855,-32.5531,6.36,0.109,B5III,253.9803,,319.4888,-48.6801,-264.8584,-171.9109
84398,259.597,38.8114,5.97,1.011,G7III:,33.6047,,97.0874,-13.6605,-74.4082,60.8504
84413,259.6541,10.8645,5.03,1.539,K4II-III,193.3749,,151.0574,-26.6421,-145.9379,28.4723
84432,259.6993,-44.1297,5.76,-0.049,B9V,53.7527,,111.4827,-14.3084,-78.7287,-77.6238
84433,259.7022,28.823,5.68,0.981,K0III,43.8935,,97.0874,-15.2056,-83.6894,46.8063
84451,259.7376,-34.9898,5.91,1.082,K4V,0.176,,6.8357,-0.9977,-5.5106,-3.9198
84462,259.7648,-46.6362,5.47,0.764,M0V,0.4377,,8.802,-1.0739,-5.9475,-6.3991
84473,259.8021,-59.6946,5.93,1.389,K2IIICN...,2155.758,,763.3588,-68.1985,-379.1123,-659.0444
84501,259.8771,-50.0638,6.27,0.413,F2III,9.4189,,59.0319,-6.6603,-37.3047,-45.2633
84512,259.9044,80.1364,5.74,1.499,K5III,381.2414,,294.1176,-8.8317,-49.6032,289.7701
84522,259.9438,2.1395,6.43,1.487,M5III,56.4417,,155.521,-27.1373,-153.025,5.8061
84534,259.9723,-17.7565,6.03,0.04,A0V,44.7507,,115.2074,-19.1048,-108.0429,-35.1352
84542,259.9981,-5.9175,6.31,0.85,G9V,6.4328,,49.6771,-8.582,-48.6614,-5.1215
84563,260.041,25.5376,5.36,0.063,A3III,117.2735,,136.9863,-21.3764,-121.7406,59.0553
84575,260.0786,18.0571,5.01,1.654,M2III,186.552,,147.0588,-24.0898,-137.725,45.583
84577,260.088,46.2408,5.51,1.586,M0III,159.0743,,170.9402,-20.351,-116.4625,123.462
84597,260.1405,48.1888,6.36,0.427,F6Vawvar,3.912,,39.6511,-4.5265,-26.0441,29.5538
84604,260.1648,32.4677,5.38,0.619,G0V,1.2601,,14.3266,-2.0647,-11.9096,7.6909
84622,260.2069,-12.8469,4.32,0.037,A0/A1V,63.2703,,62.3053,-10.3323,-59.8605,-13.8533
84625,260.2193,-10.6964,6.46,0.326,F1III+...,5.1808,,47.7783,-7.9754,-46.2657,-8.8679
84629,260.2259,24.4994,5.13,0.0,A2V,132.6783,,131.0616,-20.2464,-117.5304,54.3492
84636,260.2515,-21.1129,4.39,0.394,F2/F3V,4.6004,,17.3551,-2.7414,-15.9563,-6.2514
84675,260.3802,28.7581,6.37,0.724,G0III,62.3448,,158.9825,-23.2907,-137.4136,76.4885
84679,260.3894,16.7312,6.35,1.608,M2III,236.3742,,306.7485,-49.0442,-289.6396,88.3075
84688,260.4232,-24.9061,6.36,1.399,K3III,74.2677,,172.7116,-26.0617,-154.4661,-72.7345
84690,260.4317,39.9746,5.55,0.667,F9Vn...,28.7078,,73.9645,-9.4217,-55.8926,47.5184
84691,260.439,53.4204,5.69,1.463,K5III,168.5777,,191.2046,-18.9262,-112.3634,153.543
84710,260.498,-67.7707,4.76,1.194,K1III,90.2818,,91.1577,-5.6931,-34.0131,-84.3826
84711,260.5024,-24.9995,3.27,-0.186,B2IV,765.5966,,133.6898,-19.9929,-119.5037,-56.4988
84720,260.5245,-70.1232,5.39,-0.042,B8/B9Vn...,997.2407,,404.8583,-22.661,-135.7732,-380.7392
84760,260.6582,-35.9107,6.42,0.541,F8V,3.1623,,36.6435,-4.8176,-29.2851,-21.4923
84761,260.6634,-37.8046,6.33,0.682,B4Ia+...,25585858.8691,,100000.0,-12818.2104,-77963.8315,-61297.1
84783,260.7137,-2.3882,6.28,0.68,G5IV,1.0214,,19.5236,-3.1477,-19.251,-0.8135
84789,260.7281,-37.2208,5.91,1.075,K1III,48.217,,113.1222,-14.5137,-88.9035,-68.4263
84790,260.7301,-58.0103,5.86,1.075,G8Ib/II,444.2219,,335.5705,-28.6368,-175.4523,-284.612
84809,260.7797,-56.5255,5.76,0.994,G8/K0III,63.5624,,121.2121,-10.7125,-65.9925,-101.1069
84820,260.817,-47.4682,5.21,-0.097,B2IIIne,589.3863,,286.533,-30.9117,-191.2136,-211.1468
84825,260.84,-28.1428,5.3,1.549,K4/K5III,417.2535,,251.2563,-35.2693,-218.7261,-118.5104
84853,260.9206,37.1459,4.15,-0.011,B9.5III,277.2043,,120.6273,-15.173,-94.9473,72.8405
84879,260.9901,8.8526,5.77,1.251,K1III,210.6687,,221.7295,-34.3104,-216.3849,34.1225
84888,261.0045,-62.8642,5.69,-0.147,B2IV,911.1712,,444.4444,-31.6955,-200.2186,-395.5233
84889,261.0094,38.5828,6.48,0.716,F8IV,68.612,,175.4386,-21.4315,-135.4568,109.4114
84898,261.0274,22.9603,5.7,0.229,F0IV,8.333,,42.6985,-6.1317,-38.8346,16.6564
84903,261.0545,-44.1626,5.1,-0.052,B7III,406.6305,,226.2443,-25.2367,-160.3258,-157.6237
84910,261.0783,-60.6738,5.76,-0.067,B8Ib/II,321.2181,,272.4796,-20.6968,-131.8407,-237.5601
84922,261.113,36.9519,6.25,0.884,G5III+...,146.2851,,230.4147,-28.4461,-181.9231,138.5126
84926,261.1314,16.301,5.75,0.074,A3V,68.2339,,125.0,-18.4964,-118.5407,35.0854
84928,261.1408,15.606,6.34,-0.017,B9V,59.6486,,153.3742,-22.7498,-145.9576,41.261
84936,261.1543,-18.4458,6.34,0.046,B8V,158.4893,,250.0,-36.4683,-234.3352,-79.1017
84948,261.1751,-21.4415,5.82,0.939,K0III,35.0268,,92.5069,-13.2097,-85.0853,-33.816
84976,261.2525,67.3067,6.44,0.759,K0V,0.3788,,12.8025,-0.7512,-4.8817,11.8114
84978,261.2611,-34.6961,6.14,0.046,Ap...,90.2818,,172.117,-21.5001,-139.8689,-97.9729
84983,261.276,-24.2437,6.17,1.103,K0III,47.2498,,126.2626,-17.4619,-113.7952,-51.8457
84999,261.325,-55.5299,2.84,1.479,K3Ib-II,2498.0435,,198.0198,-16.9042,-110.7924,-163.2518
85008,261.3486,-56.3777,3.31,-0.15,B1Ib,4812.8242,,341.2969,-28.4271,-186.831,-284.2
85009,261.3504,52.7907,6.46,0.619,G0,1.7108,,27.4574,-2.4971,-16.4154,21.8679
85031,261.4223,60.0484,5.65,0.024,A1Vn,44.9573,,96.8992,-7.2157,-47.8376,83.9581
85043,261.4765,16.9176,6.09,1.528,M4III,115.3453,,190.1141,-26.9583,-179.8779,55.3224
85048,261.4911,-1.6518,6.44,0.457,F3V,8.8389,,61.8429,-9.1466,-61.1368,-1.7826
85053,261.5002,-50.6335,5.19,1.055,K1III,142.5608,,139.6648,-13.0937,-87.6134,-107.9755
85054,261.5036,26.8787,6.38,0.124,A5IV,92.4698,,194.5525,-25.6392,-171.6296,87.9579
85058,261.5202,58.6519,6.49,0.139,A4V,32.1218,,120.6273,-9.2539,-62.0687,103.0184
85074,261.5792,7.5957,6.01,0.592,A0...,143.6151,,204.499,-29.6845,-200.5193,27.0309
85081,261.5926,-24.1753,4.16,0.283,A3IV:m,12.2687,,25.4972,-3.401,-23.011,-10.4419
85096,261.6287,4.1404,4.34,1.48,K3IIvar,1220.1128,,276.2431,-40.1127,-272.5865,19.9448
85106,261.6578,-5.0866,4.53,0.385,F3V,12.1451,,30.0752,-4.3463,-29.6398,-2.6665
85120,261.6843,48.2601,5.83,0.121,A4V,53.8022,,115.2074,-11.0928,-75.893,85.9648
85123,261.6923,34.6958,5.94,-0.017,A0V,28.655,,88.4173,-10.5037,-71.9326,50.3288
85126,261.7047,20.081,5.52,-0.119,B5V,172.6633,,178.8909,-24.2405,-166.258,61.4218
85130,261.7166,-45.843,5.28,-0.058,B8V,255.623,,194.9318,-19.5639,-134.378,-139.8507
85132,261.7304,-25.9435,6.42,-0.055,B9.5/A0V,34.6099,,121.2121,-15.6772,-107.8638,-53.0284
85134,261.7348,-51.9488,6.17,-0.039,B8/B9V,83.4834,,167.7852,-14.8667,-102.3428,-132.1242
85138,261.759,-12.5125,6.2,0.517,F7V,5.4551,,43.4972,-6.0867,-42.0256,-9.4238
85146,261.7912,-15.8534,6.48,1.146,K0II/III,41.3809,,136.2398,-18.7126,-129.715,-37.2175
85150,261.8019,-50.6304,5.9,0.063,B9II,3141.9553,,909.0909,-82.2285,-570.7625,-702.7908
85164,261.8386,-29.867,4.28,0.402,F3III,19.7879,,34.2114,-4.2117,-29.3671,-17.0369
85183,261.9065,-29.7246,5.98,0.01,B9.5IV,180.8007,,226.2443,-27.6616,-194.5179,-112.179
85191,261.9337,8.442,6.42,1.66,M4III,98.0844,,204.0816,-28.3264,-199.8731,29.961
85211,261.99,-52.2972,5.72,1.169,K2III,53.9511,,109.6491,-9.3442,-66.4035,-86.7536
85215,262.0097,-8.2084,6.37,0.57,F5IV,23.3776,,97.371,-13.3964,-95.4378,-13.902
85221,262.0328,-63.0362,6.22,-0.073,B7/B8V,185.1825,,255.7545,-16.0736,-114.8466,-227.9523
85262,262.1621,-55.1697,5.93,1.113,G8II/III,337.5981,,302.1148,-23.531,-170.9403,-247.9901
85278,262.2069,0.3306,5.41,0.237,A8V,21.2227,,59.6303,-8.0855,-59.0786,0.3441
85284,262.2337,-36.7783,5.98,1.112,K0III,212.2267,,245.098,-26.5284,-194.5126,-146.7451
85290,262.2536,-43.9739,6.3,-0.01,B5III,859.0135,,571.4286,-55.4294,-407.4792,-396.7605
85329,262.3567,-38.5169,6.38,0.091,A1V,33.7287,,117.5088,-12.2287,-91.1249,-73.1781
85362,262.4473,-5.9195,6.36,0.93,K0III,15.531,,78.9889,-10.3268,-77.8861,-8.1462
85405,262.5944,11.924,6.47,0.056,A1V,15.7471,,83.682,-10.5533,-81.1934,17.2899
85407,262.5991,-1.0629,5.31,0.715,G8IV-V,1.749,,16.3425,-2.1047,-16.2036,-0.3032
85410,262.6082,52.3014,2.79,0.954,G2II,906.1498,Rastaban,116.5501,-9.1693,-70.679,92.2189
85428,262.6675,38.8822,6.43,0.51,F6III,197.1515,,290.6977,-28.8807,-224.4397,182.4771
85432,262.6815,57.8768,6.22,1.397,K2III,428.5485,,389.1051,-26.3562,-205.2177,329.5358
85433,262.6846,26.1106,4.41,1.434,K3IIIvar,192.3092,Maasym,113.2503,-12.9486,-100.8649,49.8421
85436,262.691,-37.2958,2.7,-0.179,B2IV,2261.5177,Lesath,176.6784,-17.881,-139.4088,-107.0548
85439,262.6958,86.968,5.78,0.239,A2m,9.3325,,46.8823,-0.3153,-2.4596,46.8167
85455,262.7307,31.1581,5.63,0.96,G8III,71.2525,,120.919,-13.0931,-102.6438,62.5637
85467,262.7748,-60.6838,3.6,-0.104,B8V,116.4126,,60.6796,-3.7367,-29.4745,-52.9084
85489,262.8389,2.7245,5.57,0.844,G8III,64.1505,,111.6071,-13.8972,-110.6113,5.3051
85491,262.847,-56.921,5.99,-0.045,B7II/III,1104.5872,,561.7978,-38.1809,-304.2402,-470.7408
85494,262.854,-23.9626,4.78,0.016,A0V,165.0441,,124.3781,-14.1389,-112.7751,-50.515
85499,262.8645,-80.8591,5.83,1.617,M3III,297.8516,,271.0027,-5.3478,-42.7187,-267.5612
85521,262.9349,-26.2697,6.05,-0.065,B9II/III,47.3805,,119.6172,-13.1931,-106.4488,-52.9422
85524,262.9473,-33.7032,6.43,1.191,K2III,29.3224,,112.1076,-11.4512,-92.5593,-62.2074
85526,262.9546,-46.0368,6.04,0.805,F8/G0Ib,666.1929,,446.4286,-38.0123,-307.5691,-321.3329
85528,262.9566,28.4075,5.66,-0.001,A1V,31.9154,,82.0345,-8.8479,-71.6119,39.027
85530,262.9604,-49.8761,2.84,-0.136,B2Vne,427.7598,,81.9672,-6.4737,-52.4249,-62.6765
85544,262.9912,68.135,5.07,1.077,K0III,34.1665,,64.6831,-2.9394,-23.9093,60.0301
85557,263.0438,55.1842,4.89,0.251,Am...,8.8145,,30.248,-2.0916,-17.1427,24.8334
85560,263.0538,86.5865,4.35,0.021,A1Vn,44.1367,Yildun,52.7704,-0.38,-3.119,52.6768
85564,263.062,11.93,6.42,-0.013,B9.5V,43.132,,135.318,-15.9927,-131.4258,27.9726
85567,263.0665,55.173,4.86,0.279,Am,9.213,,30.4878,-2.1019,-17.2843,25.0268
85577,263.1026,-34.2794,6.16,0.36,F2IV,43.451,,120.4819,-11.9556,-98.8338,-67.8589
85626,263.2803,41.2434,5.72,1.089,K1III:,44.4222,,99.5025,-8.7546,-74.3035,65.598
85627,263.2808,-41.1731,5.84,0.041,B9Ib/II,869.3607,,465.1163,-40.9636,-347.6997,-306.2027
85650,263.3451,19.2567,5.65,0.505,F6V,6.7858,,37.6506,-4.1192,-35.3046,12.4172
85660,263.3743,-5.7448,5.61,0.187,A5V,11.4921,,48.1,-5.522,-47.5388,-4.8147
85661,263.3817,57.5587,6.15,0.602,A5V+...,188.7991,,250.0,-15.4567,-133.215,210.9854
85665,263.4022,-37.1038,1.62,-0.231,B1.5IV+...,6008.9695,Shaula,175.1313,-16.0486,-138.7498,-105.6499
85668,263.4141,16.3176,5.68,1.002,K0III:,40.2161,,92.9368,-10.2298,-88.6047,26.1116
85672,263.4282,14.8416,6.36,1.595,M4IIIa,84.7227,,184.5018,-20.4113,-177.1745,47.2597
85713,263.5703,-48.5268,6.32,0.953,G6/G8III,39.9577,,124.3781,-9.2243,-81.8537,-93.1922
85736,263.6529,9.5867,5.8,0.04,A2V,44.6684,,103.5197,-11.2844,-101.4483,17.2402
85749,263.6771,-32.5817,5.69,0.045,O5/6(e),46131757.456,,100000.0,-9280.0321,-83749.9039,-53850.1123
85757,263.6931,-11.242,5.54,0.013,B8Vn,80.5378,,123.3046,-13.2855,-120.2067,-24.0386
85769,263.7336,12.56,2.08,0.155,A5III,28.4446,Rasalhague,14.8965,-1.5871,-14.4531,3.2394
85773,263.7475,61.8746,5.23,0.602,G0V,1.4191,,14.1904,-0.7285,-6.6496,12.5148
85797,263.8271,-22.0438,6.47,0.011,Ap Si,150.1067,,258.3979,-25.7542,-238.1196,-96.9808
85801,263.8329,-53.3529,6.09,0.025,B9III,274.41,,293.2551,-18.8041,-174.0264,-235.2866
85825,263.8958,-59.8461,6.26,-0.081,B5II/III,529.6634,,440.5286,-23.531,-220.0335,-380.916
85829,263.915,-46.5057,4.56,-0.02,A0V,175.7114,,116.0093,-8.4641,-79.3973,-84.1581
85833,263.9265,37.3016,6.13,0.978,G9III,61.7163,,141.6431,-11.921,-112.0385,85.8372
85835,263.9295,-37.4399,6.48,0.006,A0V,23.8342,,103.4126,-8.6832,-81.6483,-62.8675
85855,263.9982,20.9962,6.11,0.184,A7IV,39.9209,,112.8668,-11.0178,-104.7953,40.4409
85867,264.0337,28.1851,6.4,1.367,K5,42.776,,133.5113,-12.232,-117.0429,63.0602
85890,264.0892,27.5666,6.37,1.586,M1II,137.7844,,236.4066,-21.5811,-208.4539,109.4042
85907,264.1368,-38.6353,4.26,1.075,G8/K0III/IV,44.5041,,50.8388,-4.0567,-39.5043,-31.7418
85915,264.1531,30.7852,6.04,0.158,A5V,16.2032,,69.6379,-6.0945,-59.5142,35.6421
85919,264.1569,48.5856,5.35,1.142,K1III,74.0628,,108.3424,-7.2962,-71.2961,81.2509
85921,264.1667,69.5707,6.33,0.596,F9V,5.3407,,45.683,-1.6206,-15.8631,42.8097
85939,264.2379,68.758,4.77,0.43,F5V,5.7756,,23.1642,-0.8426,-8.3502,21.5904
85956,264.2869,72.4558,5.87,1.016,G9III,48.3504,,111.2347,-3.3379,-33.3642,106.0606
85965,264.3297,-42.9978,1.86,0.406,F1II,1331.6804,Sargas,92.081,-6.6541,-67.0166,-62.7965
85983,264.3622,-38.0664,6.26,1.244,G2Ib,2137.9621,,884.9558,-68.4462,-693.3529,-545.6406
85984,264.3638,-50.0597,5.89,1.109,K0III-IV,39.7741,,101.833,-6.4207,-65.0596,-78.0768
85991,264.3796,24.31,5.76,0.114,A2Vn,25.4449,,76.6871,-6.8446,-69.5514,31.57
85998,264.3967,-15.3986,3.54,0.262,F0IIIp,34.8337,,32.2789,-3.0386,-30.9715,-8.5711
86001,264.4009,-15.571,5.94,0.357,F0IV,823.3794,,473.9336,-44.5436,-454.3613,-127.2194
86019,264.4613,-8.1188,4.58,0.132,B8II-IIIMNp,687.3849,,231.4815,-22.1182,-228.0916,-32.6911
86040,264.5231,-54.5004,5.25,0.195,A7V,13.7404,,44.5633,-2.4699,-25.7596,-36.2799
86046,264.5352,-42.8803,6.09,-0.057,B8V,292.9544,,303.0303,-21.1472,-221.0444,-206.2026
86048,264.5396,-10.9263,5.74,1.228,K0III,61.0942,,117.7856,-11.005,-115.1256,-22.3257
86086,264.6869,-21.9127,6.19,0.827,G6III/IV,44.5862,,123.7624,-10.6323,-114.3277,-46.1872
86107,264.7411,13.3293,6.12,0.567,F6III,30.9885,,99.9001,-8.9099,-96.7997,23.0316
86125,264.7854,2.028,6.25,1.021,F4IV...,35.156,,112.9944,-10.2632,-112.4563,3.9987
86148,264.8662,46.0063,3.82,-0.179,B3V SB,502.1113,,139.47,-8.6684,-96.4843,100.337
86195,264.9897,31.2025,6.05,1.599,M2III,123.9367,,193.4236,-14.449,-164.8112,100.2058
86209,265.0498,-2.1523,6.08,1.608,K2.5Ib,79.6526,,157.2327,-13.5581,-156.5357,-5.905
86219,265.0991,-49.4156,4.76,0.415,F3IV,4.998,,21.45,-1.1922,-13.9037,-16.2902
86234,265.1565,43.4707,6.36,1.199,K2,42.658,,130.8901,-8.0205,-94.6512,90.0502
86239,265.1716,31.2875,6.3,1.075,K0III,44.7095,,130.3781,-9.3781,-111.0221,67.7096
86243,265.1856,-67.8542,6.48,0.999,G8III,43.7321,,140.056,-4.4311,-52.61,-129.7237
86260,265.2439,-32.2145,6.01,1.673,K3III + (G),200.4472,,241.5459,-16.9444,-203.6583,-128.7657
86270,265.2729,24.5133,6.37,1.204,K1III+...,64.5654,,161.8123,-12.1331,-146.7266,67.1365
86279,265.2958,15.1784,6.34,0.04,A1V,73.5868,,170.3578,-13.4839,-163.8611,44.6039
86285,265.3177,-46.9218,5.78,-0.004,A0V,256.3303,,245.7002,-13.6987,-167.2521,-179.465
86294,265.3408,51.8182,6.0,1.068,K0III:,29.9502,,92.9368,-4.6666,-57.2599,73.0533
86298,265.3536,-12.8753,4.24,0.086,A2Va,49.4766,,53.1067,-4.1938,-51.6013,-11.8338
86309,265.3847,6.3132,5.97,1.271,G7III,426.9726,,346.0208,-27.6739,-342.8072,38.0493
86347,265.4847,72.1488,4.57,0.434,F5IV-V,6.7484,Dziban,22.8363,-0.5511,-6.9786,21.7369
86353,265.4919,72.1569,5.81,0.53,G0V,2.1979,Dziban B,23.0627,-0.5554,-7.0448,21.9534
86356,265.4943,15.9524,5.54,0.387,F4Vw,6.4328,,34.8554,-2.6327,-33.4096,9.5796
86361,265.5151,-50.5107,6.28,1.661,M3III,364.7539,,369.0037,-18.3498,-233.9435,-284.7762
86400,265.6182,24.5641,5.56,1.436,K4III,80.4637,,124.3781,-8.6428,-112.7909,51.7053
86403,265.622,-39.03,2.39,-0.171,B1.5III,2114.4626,,148.1481,-8.7851,-114.7481,-93.2929
86431,265.7129,-36.9456,5.53,1.553,K5III,239.0012,,211.4165,-12.6309,-168.4928,-127.0732
86446,265.7731,44.0843,6.38,1.521,K4III,249.3446,,319.4888,-16.915,-228.8699,222.2735
86449,265.7786,-33.0513,6.44,1.813,M1III,491.134,,460.8295,-28.4328,-385.2114,-251.3316
86458,265.8238,-27.884,6.4,0.438,F0III/IV,514.2804,,462.963,-29.8004,-408.1248,-216.5198
86464,265.8399,24.3278,5.73,0.683,G2IIIb,6.7858,,39.0625,-2.5821,-35.5001,16.0921
86465,265.8418,14.2952,6.22,0.426,F5II,41.0015,,120.3369,-8.4556,-116.3039,29.7133
86469,265.8575,-21.6832,4.86,0.469,F6/F7V,3.0875,,17.6523,-1.1849,-16.3604,-6.5221
86475,265.8681,4.5673,2.76,1.168,K2III,43.1718,Cebalrai,25.0941,-1.8023,-24.9494,1.9982
86501,265.9459,-7.0796,6.3,0.324,B1.5V,292.146,,333.3333,-23.3863,-329.9642,-41.0828
86502,265.9517,-13.5087,6.36,0.384,F0V,4.8173,,43.9947,-3.02,-42.6708,-10.2769
86515,265.9965,53.8017,5.75,0.017,A2V,116.5199,Alruba,163.3987,-6.7373,-96.2648,131.8592
86529,266.0363,-51.8341,5.12,0.694,G5V,1.8759,Cervantes,15.5111,-0.6626,-9.562,-12.1952
86542,266.0719,14.4101,6.18,0.211,A3m,62.9796,,146.4129,-9.7145,-141.4735,36.4363
86564,266.1421,2.5794,6.16,0.131,A1IV-V,21.5179,,84.8176,-5.701,-84.5397,3.8172
86580,266.175,-42.7293,5.87,0.163,A2/A3IV/V,20.3236,,72.0981,-3.533,-52.843,-48.9211
86604,266.2327,-57.5455,5.97,0.912,G8III,56.5458,,125.9446,-4.4406,-67.4395,-106.2744
86656,266.4176,31.5047,6.22,0.008,A0Ib,28313919.958,,100000.0,-5327.3061,-85093.1537,52256.8178
86661,266.4333,-64.7239,3.61,1.161,K1III,365.4265,,107.9914,-2.8685,-46.021,-97.6524
86705,266.6148,27.7207,3.42,0.75,G5IV,2.5775,,8.3105,-0.4344,-7.3438,3.8657
86772,266.7804,-38.1122,6.41,-0.02,A0V,52.7716,,149.0313,-6.5856,-117.0733,-91.9826
86775,266.7835,17.697,5.61,0.036,A1V,101.6717,,143.0615,-7.6471,-136.0767,43.4883
86776,266.7835,47.6122,6.47,0.095,A2Vs,30.7044,,116.8224,-4.4189,-78.6311,86.285
86803,266.8901,-27.8308,4.53,0.6,F7II,1225.7446,,302.1148,-14.4942,-266.7758,-141.0459
86804,266.8962,-40.127,2.99,0.509,F3Ia,19426.7432,,591.716,-24.4974,-451.7729,-381.3515
86805,266.9033,-14.7258,5.93,0.009,B9V,124.9683,,183.8235,-9.6044,-177.5259,-46.7268
86830,266.94,-22.4778,6.18,1.446,G3/G5Ib,1793.0814,,781.25,-38.5361,-720.8674,-298.6916
86839,266.9732,2.7073,3.75,0.043,A0V,27.3653,Bake-eo,31.5159,-1.6623,-31.4368,1.4886
86880,267.0843,3.8042,6.22,0.135,B9.5V,198.244,,264.5503,-13.4269,-263.6257,17.5522
86889,267.1032,20.5654,5.69,0.938,G5IV,29.1608,,79.4913,-3.7613,-74.3303,27.9235
86893,267.116,-26.9749,6.31,0.094,B3Vn,360.0808,,371.7472,-16.6693,-330.8833,-168.6248
86904,267.1586,-55.4017,6.09,0.283,A9IV,8.9454,,52.9381,-1.4901,-30.0223,-43.5762
86922,267.1995,19.255,6.13,0.024,A1V,84.3335,,165.5629,-7.6367,-156.1147,54.5982
86924,267.2048,25.6229,5.09,1.141,K2III,33.8532,,64.9773,-2.8571,-58.5177,28.0992
86942,267.2679,50.7811,5.02,0.043,A2V,37.8443,,66.5336,-2.0052,-42.0204,51.546
86950,267.2937,-31.7032,4.79,-0.028,B8Ib/II,307.8931,,170.6485,-6.8552,-145.0227,-89.6791
86954,267.3293,1.9614,6.44,1.236,K0III,30.903,,115.6069,-5.3835,-115.4137,3.9568
86964,267.3623,76.9629,5.02,0.518,F6IV-Vs,8.6218,,31.7561,-0.3297,-7.156,30.9376
86991,267.4645,-37.0433,3.19,1.192,K0/K1III,68.6752,Fuyue,38.5802,-1.3623,-30.7638,-23.2414
86994,267.4709,-61.7147,6.41,-0.049,B9IV,143.4829,,245.7002,-5.1376,-116.3146,-216.3633
87023,267.5421,78.3065,6.25,1.452,K5,188.7991,,261.7801,-2.2753,-53.0076,256.3471
87024,267.5463,-40.0904,4.78,0.259,A6Ib,6510.285,,781.25,-25.5879,-597.1309,-503.1218
87038,267.5954,29.3221,5.51,1.071,K1III,32.9306,,77.7605,-2.8445,-67.7381,38.0808
87044,267.6183,-53.6124,5.68,-0.099,B2V + B3V,427.366,,303.0303,-7.4707,-179.6158,-243.9461
87065,267.6817,11.9465,6.19,1.247,K1III-IV,71.0559,,156.25,-6.1836,-152.7407,32.3436
87071,267.7016,22.3163,6.14,0.242,A9V,26.767,,93.7207,-3.4771,-86.6314,35.5876
87108,267.796,-53.1303,6.09,0.01,B9.5III/IV,77.6962,,156.0062,-3.5997,-93.5341,-124.8052
87119,267.8856,-40.7725,5.94,1.572,M2III,110.0525,,173.3102,-4.8424,-131.16,-113.1814
87122,267.8978,-60.1641,5.78,1.008,K0III,64.3873,,123.1527,-2.2475,-61.2295,-106.8292
87133,267.9357,-45.6007,6.09,0.949,G6III,213.01,,258.3979,-6.5124,-180.6719,-184.6205
87156,267.9936,15.3264,6.43,0.997,K0III,127.9971,,234.192,-7.9078,-225.7247,61.9009
87157,267.9977,-1.2368,6.33,1.126,K0,31.4485,,110.8647,-3.8727,-110.7712,-2.393
87164,268.0038,46.6436,6.37,1.06,K0III,28.8935,,108.2251,-2.5882,-74.2552,78.6901
87175,268.0197,39.9821,6.01,1.341,K4III,142.5608,,203.666,-5.3928,-155.9649,130.8652
87189,268.0569,-34.7992,5.88,-0.111,B6Ib,258.464,,258.3979,-7.1945,-212.0633,-147.4682
87201,268.0823,-34.4168,5.84,1.129,G8/K0III,236.81,,242.7184,-6.7003,-200.1178,-137.1868
87220,268.1477,1.305,5.91,1.573,K5III,47.863,,112.7396,-3.6432,-112.6515,2.5676
87224,268.1613,-6.1436,6.18,1.25,G3Ibv SB,29376496.5196,,100000.0,-3190.2107,-99374.4893,-10702.0296
87245,268.2051,-34.1148,6.05,1.241,K1III,119.6741,,190.1141,-4.93,-157.3211,-106.6261
87252,268.219,-41.9965,6.19,0.523,F8V,2.9107,,31.6156,-0.7303,-23.4849,-21.1535
87261,268.24,-35.6243,6.03,0.342,F2V,13.527,,63.3312,-1.5811,-51.4547,-36.8884
87269,268.2647,-10.8996,6.17,1.11,K1III:,25.0957,,91.9963,-2.7355,-90.2953,-17.3954
87287,268.3091,6.1014,5.77,0.425,F4IV-V,4.1495,,31.1236,-0.9132,-30.9338,3.3081
87292,268.3251,40.008,5.17,1.166,K3III,87.579,,108.4599,-2.4281,-83.0399,69.7282
87293,268.3259,-65.4886,6.48,1.086,K0/K1III,50.8628,,151.0574,-1.8309,-62.6431,-137.4439
87296,268.3316,-34.7308,6.14,-0.041,B4III,225.1127,,271.7391,-6.5022,-223.2308,-154.8156
87298,268.3478,-34.8951,5.58,1.098,K3III,325.6867,,252.5253,-5.9718,-207.0353,-144.4637
87314,268.382,56.8726,3.73,1.177,K2III,33.4195,Grumium,34.5066,-0.5325,-18.8504,28.8978
87345,268.4782,-34.7527,6.0,-0.06,B9IV/V,345.1437,,315.4574,-6.8832,-259.0947,-179.822
87353,268.4922,-34.8311,6.41,0.0,Ap...,162.9296,,261.7801,-5.654,-214.8051,-149.5179
87384,268.559,11.1306,6.24,0.474,F5Vn,19.3019,,83.3333,-2.0562,-81.7399,16.0871
87399,268.6114,75.1713,6.39,0.972,K0,62.4022,,160.5136,-0.9955,-41.0682,155.1677
87400,268.613,-34.4667,6.1,0.055,B9.5/A0III,148.7305,,216.9197,-4.3289,-178.7881,-122.7608
87435,268.7252,-24.8871,6.18,0.001,O7/O8,29376496.5196,,100000.0,-2018.1998,-90691.4291,-42083.1505
87451,268.7835,-36.4756,6.05,0.074,B9.5III,298.6758,,300.3003,-5.1268,-241.4199,-178.5228
87457,268.7964,72.0051,5.43,0.34,F2.5II-III,613.762,,323.6246,-2.1,-99.9559,307.7942
87473,268.8485,55.9714,6.09,0.316,F0IV,10.1391,,56.3698,-0.6339,-31.5385,46.7169
87477,268.8549,26.05,5.47,0.341,F2Iavar,56493697.4812,,100000.0,-1795.3535,-89823.1816,43915.5184
87506,268.9617,22.4642,5.62,1.249,K3III,87.4984,,133.3333,-2.2327,-123.1955,50.9475
87511,268.979,-18.8022,6.48,0.056,A1V,21.6371,,98.5222,-1.6618,-93.25,-31.7538
87537,269.0633,37.2505,3.86,1.35,K1IIvar,1328.0059,,230.9469,-3.0054,-183.8083,139.7925
87541,269.0767,0.6704,5.82,0.058,B2IV-V,710.5588,,416.6667,-6.7139,-416.5841,4.8748
87542,269.0793,-15.8125,5.93,0.024,A0V,20.2302,,73.9645,-1.1435,-71.1564,-20.1546
87550,269.1009,-65.7217,6.36,0.451,F8V,3.171,,35.6888,-0.2302,-14.6723,-32.5325
87561,269.1516,51.4889,2.24,1.521,K5III,247.5141,Eltanin,47.3037,-0.4361,-29.4512,37.0146
87564,269.1743,-28.0654,5.76,0.207,A7III/IV,11.3868,,51.3084,-0.6524,-45.2704,-24.1395
87574,269.1976,-44.3422,4.85,1.176,K2III,78.9951,,88.8889,-0.8903,-63.5651,-62.1283
87575,269.1989,-4.0818,5.44,1.162,G9III,87.4178,,122.6994,-1.7111,-122.3762,-8.7339
87578,269.2022,45.3509,6.22,1.453,M6Sv,249.3446,,296.7359,-2.9037,-208.515,211.1049
87593,269.2329,-40.3056,6.46,1.411,K3III,51.0035,,149.925,-1.5307,-114.3233,-96.9812
87594,269.2332,6.4877,6.28,-0.015,B9III,101.0183,,194.1748,-2.5819,-192.914,21.9399
87603,269.268,0.0667,5.95,0.11,A3V,50.9565,,118.4834,-1.5137,-118.4737,0.1379
87623,269.3097,23.9959,6.32,0.642,G2V,2.0606,,28.2486,-0.3109,-25.8053,11.4879
87638,269.3624,11.0445,6.33,0.13,A1V,33.7909,,114.9425,-1.2553,-112.8066,22.0198
87654,269.4237,-76.1779,6.08,1.205,K2III,111.2756,,185.8736,-0.4467,-44.4043,-180.4911
87656,269.4281,-56.8963,6.26,-0.066,B4III,2214.1141,,900.9009,-4.9115,-492.0086,-754.6694
87661,269.4412,29.2479,3.7,0.935,K0III,50.7224,,41.9463,-0.357,-36.597,20.4945
87664,269.4492,-41.7163,4.88,1.617,M0III,186.552,,138.5042,-0.9939,-103.3815,-92.1666
87676,269.4908,-39.1365,6.28,0.007,A0IV/V,43.0527,,126.7427,-0.8737,-98.3034,-79.9962
87726,269.6256,30.1893,4.41,0.38,F2II,1044.2392,,263.8522,-1.4902,-228.0608,132.6802
87740,269.6627,-28.7591,5.99,-0.077,B3II/III,1080.4384,,555.5556,-2.867,-487.0196,-267.2933
87748,269.6763,36.2878,6.03,0.949,G5III:,43.2514,,113.2503,-0.5157,-91.2844,67.0262
87758,269.7179,45.4762,6.48,-0.064,B9sp...,37.9839,,130.5483,-0.4506,-91.54,93.0756
87766,269.732,-36.8584,5.74,0.915,G8III,65.3431,,121.8027,-0.4558,-97.4558,-73.062
87775,269.7566,-9.7736,3.32,0.987,K0III,87.4178,,46.2107,-0.1934,-45.5396,-7.8445
87788,269.772,-30.253,5.0,1.654,K5/M0III,840.2335,,310.559,-1.0675,-268.2615,-156.4657
87829,269.9032,-4.8211,5.86,1.561,K5III,116.4126,,171.8213,-0.2893,-171.2131,-14.4408
87844,269.9481,-23.8161,4.74,-0.03,B9V,179.6387,,127.3885,-0.1055,-116.5408,-51.4398
87850,269.9842,45.5014,5.69,1.562,M0III,142.0365,,175.4386,-0.0339,-122.9635,125.1346
87853,270.0003,-20.3395,6.22,1.405,K0III,224.6984,,281.6901,0.0016,-264.1265,-97.9107
87855,270.0142,80.0008,6.11,0.521,K2Vvar,16.5196,,72.6216,0.0031,-12.6096,71.5185
87856,270.0142,16.7509,4.67,1.254,K0II-III,499.8043,,205.7613,0.049,-197.0302,59.3028
87864,270.0379,80.0041,5.74,0.516,K2Vvar,17.7828,,63.5324,0.0073,-11.0278,62.568
87876,270.0653,0.6295,6.36,0.16,A3spe...,45.5827,,135.318,0.1542,-135.3097,1.4866
87877,270.0658,4.3686,4.79,-0.1,B2Ve,421.1143,,199.6008,0.2286,-199.0208,15.2042
87899,270.1152,19.5058,6.42,-0.054,B8Vn,282.098,,346.0208,0.656,-326.1612,115.5371
87902,270.1209,-3.6903,4.62,0.39,F3V,6.8549,,23.5516,0.0496,-23.5027,-1.5158
87917,270.1516,33.2137,6.01,1.516,K6III,225.9436,,256.4103,0.5675,-214.5207,140.4521
87920,270.1613,2.9316,3.93,0.029,B5Ib,3323.533,,377.3585,1.061,-376.8632,19.2993
87940,270.2202,6.2683,6.36,-0.104,B2IV,575.4399,,480.7692,1.837,-477.8914,52.4924
87944,270.2386,15.0936,6.28,0.747,G5IV,5.3211,,44.5633,0.1792,-43.0256,11.6041
87984,270.3463,-17.1569,6.27,1.763,K2III,1758.7334,,806.4516,4.6578,-770.551,-237.8942
87994,270.3767,21.5958,4.26,0.406,G5,281.5788,Bodu,127.8772,0.7817,-118.8981,47.066
88001,270.3925,-85.2148,6.45,0.437,F4V,10.4616,,67.5676,0.0386,-5.6364,-67.3321
88004,270.3996,33.3113,6.18,1.549,K5III,546.0092,,431.0345,2.5121,-360.2065,236.7186
88018,270.4383,1.3051,4.42,0.046,A2Vn,119.5639,,89.6861,0.6859,-89.6602,2.0427
88021,270.4512,-36.3779,6.3,-0.016,B7/B8II/III,107.3495,,202.0202,1.281,-162.6461,-119.8198
88025,270.4766,-22.7803,5.72,-0.03,B0Iab...,44874538.9933,,100000.0,766.8976,-92196.4455,-38719.8567
88057,270.596,20.8336,5.25,-0.1,B3IV,574.3809,,288.1844,2.8019,-269.3275,102.4944
88073,270.6256,22.9232,6.22,-0.092,B3Vn,154.5966,,233.6449,2.3497,-215.1806,91.0041
88107,270.7129,-24.2825,5.37,0.495,F2/F3II/III,679.2036,,331.1258,3.7554,-301.8075,-136.1707
88131,270.7705,-8.1803,4.77,0.41,F5V+...,28.3661,,51.3347,0.6833,-50.8078,-7.3044
88142,270.787,48.4643,6.26,0.037,A2V,74.0628,,164.7446,1.5005,-109.2297,123.3183
88156,270.8107,19.6132,6.41,0.017,A0V,32.4489,,116.8224,1.557,-110.0334,39.2135
88195,270.9685,-24.3607,5.89,0.031,O6,38370724.5492,,100000.0,1539.8121,-91083.6438,-41248.0159
88248,271.1557,1.919,6.14,-0.056,B0IIIn,30478949.8963,,100000.0,2015.7393,-99923.5876,3348.6467
88254,271.1675,23.942,6.34,0.306,F0IV-V,9.6117,,61.5764,1.1467,-56.2665,24.9884
88276,271.2099,-35.9014,5.98,1.16,K2III,39.3731,,105.5966,1.8062,-85.517,-61.9211
88291,271.2533,41.9463,6.38,0.287,F0V,7.3114,,54.7046,0.89,-40.678,36.5664
88293,271.2551,-29.5801,4.66,0.774,G0Ib/II,847.2274,,266.6667,5.0798,-231.8555,-131.6373
88326,271.3615,-81.4866,6.37,1.528,K3/K4III,156.4588,,251.8892,0.886,-37.2795,-249.1137
88327,271.3637,2.5001,4.03,0.86,K0V SB,0.55,,5.0834,0.1209,-5.0771,0.2217
88330,271.3756,21.6466,6.18,1.241,K3III:,62.0583,,145.3488,3.2432,-135.0594,53.6164
88361,271.452,-30.4241,2.98,0.981,K0III,49.3856,Alnasl,29.7,0.649,-25.6021,-15.04
88362,271.4567,32.2307,5.72,1.179,K0III,202.3019,,212.3142,4.5657,-179.5402,113.2334
88382,271.5079,22.2189,4.96,1.656,M3IIIa+...,462.594,,226.2443,5.5116,-209.3722,85.5533
88395,271.5308,-8.324,5.84,0.184,B8III-IV,101.2045,,158.7302,4.1958,-157.002,-22.9794
88396,271.5309,-0.4461,6.32,1.014,G8IIp,119.4538,,215.0538,5.7454,-214.9705,-1.6745
88399,271.5384,-51.7439,6.46,0.172,A2III,1550.2438,,826.4463,13.738,-511.5325,-648.9678
88409,271.5633,-4.7513,5.74,0.968,K1IV,5.9539,,36.7647,0.9996,-36.6247,-3.0452
88419,271.5988,-36.0198,5.94,0.615,G3V,1.1293,,17.5531,0.3961,-14.1917,-10.3224
88439,271.6578,-50.0915,3.65,-0.101,B2Ib,1877.5867,,249.3766,4.6285,-159.924,-191.2892
88451,271.7079,-43.4252,4.92,0.255,A5V,16.4135,,41.841,0.9057,-30.3745,-28.7618
88457,271.7228,50.8228,6.31,1.051,K0III,42.5011,,127.7139,2.4256,-80.643,99.0033
88469,271.7565,30.5621,5.05,0.528,F7V,2.0342,,15.6421,0.4128,-13.4627,7.9536
88478,271.7762,49.7104,6.32,-0.02,A2V,126.3572,,221.2389,4.4344,-142.9956,168.758
88483,271.7973,-21.4439,6.22,0.102,B1/B2Ib,1465.5478,,719.4245,21.0018,-669.2934,-263.0149
88488,271.8265,8.7339,4.64,0.951,G8III-IV,84.8008,,83.612,2.6341,-82.6005,12.6961
88494,271.8374,9.5638,3.71,0.159,A4IVs,20.2675,,26.6312,0.842,-26.2476,4.4247
88512,271.8698,43.4619,5.0,0.913,G8III...,137.4042,,125.6281,2.9751,-91.1364,86.416
88517,271.8856,28.7625,3.84,-0.018,B9.5V,272.1448,,103.6269,2.9891,-90.7924,49.8632
88538,271.9515,-64.5502,6.4,1.266,K2/K3III,55.9242,,152.6718,2.2342,-65.5681,-137.8568
88539,271.9514,-17.1542,5.52,1.132,K0III,32.0627,,77.101,2.5087,-73.6284,-22.7405
88540,271.9563,26.0973,5.79,0.127,A3V,6.2633,,38.5802,1.1827,-34.6267,16.9713
88541,271.9565,26.1013,5.83,0.158,A3V,9.9816,,49.6032,1.5208,-44.5186,21.8234
88559,272.0094,36.4013,5.49,1.161,K2III,22.4492,,63.6132,1.7953,-51.1696,37.7504
88562,272.0207,-28.4571,4.55,0.938,K0IIICNpvar,142.4295,,103.9501,3.2225,-91.3334,-49.5323
88582,272.1255,-45.767,6.13,-0.082,B7/B8II,227.1956,,271.7391,7.0303,-189.4287,-194.7035
88585,272.1406,14.2847,6.34,0.181,A5m,62.0583,,156.4945,5.6645,-151.5501,38.6135
88589,272.145,-63.6686,4.33,0.228,Am,25.633,,39.8565,0.6617,-17.6665,-35.7211
88599,272.1608,-21.4496,6.42,0.755,A2/A3Iab,465.1575,,444.4444,15.5966,-413.368,-162.5253
88610,272.1895,20.8146,4.37,-0.164,B2IV,1228.0046,Ramus,280.8989,10.0315,-262.3745,99.8159
88621,272.2203,20.0452,5.1,0.176,A8III,80.6863,,100.8065,3.6688,-94.6288,34.5526
88652,272.2926,30.4695,6.36,1.194,K1III:,37.949,,123.4568,4.2566,-106.3221,62.6025
88687,272.3912,3.9933,5.71,0.363,F2V,13.6019,,54.7945,2.2806,-54.6139,3.8159
88694,272.4061,38.4578,6.38,0.876,K2V,0.297,,11.0241,0.3624,-8.625,6.8563
88704,272.4307,-13.9344,6.38,1.428,K1II,156.603,,253.1646,10.4212,-245.4934,-60.9649
88723,272.4751,3.1198,5.67,0.49,F5V,10.3467,,46.9263,2.0235,-46.813,2.5539
88729,272.4899,-59.0402,6.38,1.553,K4III,97.7237,,200.0,4.4698,-102.7902,-171.5057
88731,272.4958,36.4663,5.57,0.915,G8III,75.1623,,120.7729,4.2295,-97.0342,71.7813
88733,272.4998,-32.7196,6.39,1.025,K0III,28.1061,,107.7586,3.9543,-90.5738,-58.2466
88745,272.5242,-30.7287,5.53,0.979,K1III + (F),101.3911,,137.741,5.2146,-118.2868,-70.3819
88746,272.5364,16.4766,6.09,0.574,B9V+...,222.2286,,263.8522,11.1969,-252.7694,74.8347
88765,272.6092,-62.0022,5.47,0.592,G0V,1.7523,,17.6118,0.3764,-8.2591,-15.5506
88770,272.6316,54.2866,5.97,0.943,K1III,8.995,,50.226,1.3462,-29.2876,40.7808
88788,272.6679,3.3243,5.5,1.204,K2III,83.946,,123.6094,5.744,-123.2677,7.1677
88809,272.7306,-33.8001,6.13,-0.137,B2II/III,30760968.1474,,100000.0,3958.822,-83004.0259,-55629.6631
88819,272.7684,-47.5131,6.07,1.193,K1III-IV,98.3558,,173.913,5.6733,-117.3275,-128.249
88822,272.7731,-41.3591,5.86,0.295,F0Vn,26.9898,,82.713,3.0037,-62.0103,-54.6548
88835,272.8074,-45.9544,4.52,1.009,G5III,222.8435,,128.2051,4.3655,-89.0251,-92.1522
88836,272.8116,-19.842,6.33,0.158,A2V,26.3755,,101.5228,4.6843,-95.3807,-34.4596
88838,272.8157,-75.8915,5.86,1.253,K3III,22.3666,,75.3012,0.9017,-18.3332,-73.0298
88876,272.9305,-23.7012,4.96,1.055,K0III,55.6673,,78.4929,3.6745,-71.7783,-31.5516
88879,272.938,33.4471,5.98,0.045,A3V,199.3425,,237.5297,10.1584,-197.9332,130.9183
88895,272.9757,31.4053,4.96,1.643,M3III,251.8837,,166.9449,7.3968,-142.2957,86.9932
88957,273.1422,-73.6724,5.86,0.464,F5V,7.0081,,42.1408,0.6494,-11.8292,-40.4413
88969,273.1776,41.1468,6.36,1.038,K0III,67.5461,,164.7446,6.8766,-123.8662,108.4005
89002,273.2701,38.7735,6.04,-0.057,B9IIIn,138.0384,,203.252,9.039,-158.2029,127.2852
89013,273.3029,-41.3361,5.47,-0.155,B2.5III,720.4436,,357.1429,15.45,-267.7146,-235.884
89021,273.319,21.8803,6.14,1.472,K4III,434.1102,,377.3585,20.2735,-349.5878,140.6299
89064,273.4409,-21.0588,3.84,0.195,B2III:,253512863.0498,Polis,100000.0,5601.0068,-93152.9606,-35932.6405
89070,273.4676,2.3935,6.43,1.545,K2,191.602,,286.533,17.3155,-285.7589,11.9661
89071,273.4732,64.3973,4.99,0.44,F5V,4.6174,,22.92,0.6,-9.8862,20.6695
89092,273.5662,-21.7132,5.49,1.528,K2III,106.9547,,138.8889,8.0263,-128.7845,-51.3834
89093,273.5681,-63.6897,6.47,1.414,K4III,63.3286,,167.7852,4.6282,-74.2237,-150.4038
89161,273.8038,-20.7283,5.29,0.007,B0/1Ia/ab,66680676.9214,,100000.0,6204.5444,-93320.9205,-35393.6353
89162,273.804,-20.388,5.96,-0.023,B0.5Ib/II,35974933.5156,,100000.0,6218.8211,-93528.9939,-34837.531
89170,273.8211,68.7558,5.96,1.055,K1III:,25.7988,,84.674,2.0446,-30.6129,78.9199
89193,273.8782,-18.6616,6.05,0.165,Ap Si,631.5387,,436.6812,27.9823,-412.7753,-139.7283
89196,273.8853,45.2093,6.3,0.641,G2V,1.3703,,22.8206,1.0894,-16.0406,16.1954
89204,273.9116,42.1593,5.56,-0.111,B7IV,171.2379,,181.4882,9.1775,-134.2204,121.8139
89209,273.9193,-63.0554,5.58,0.944,K0III/IV,41.6486,,90.3342,2.7979,-40.8373,-80.528
89228,273.9726,-44.2065,5.45,0.962,G8/K0III,48.7978,,92.081,4.573,-65.848,-64.2031
89234,273.9914,-3.618,6.35,0.201,A4V,45.6247,,134.7709,9.3622,-134.1761,-8.5046
89248,274.0232,2.3775,6.1,1.55,M4III,177.5007,,236.9668,16.6114,-236.1794,9.8302
89309,274.2213,-3.0074,5.99,0.89,G3III,37.4283,,103.4126,7.6015,-102.99,-5.4255
89319,274.2538,-51.0683,6.06,-0.046,B9V,48.6631,,121.8027,5.6774,-76.3292,-94.7497
89325,274.2785,40.9367,6.12,0.977,G9III,46.7305,,122.6994,6.9152,-92.4329,80.3957
89327,274.2814,-56.0234,5.36,-0.05,B3IIIpe,339.7817,,233.1002,9.7252,-129.9057,-193.3019
89331,274.2984,-17.3739,5.81,1.569,K2III,370.169,,299.4012,21.4168,-284.9377,-89.4029
89343,274.3489,-28.289,6.36,0.536,F8V,2.3142,,30.4878,2.0358,-26.7693,-14.4487
89344,274.3504,-28.6521,6.18,0.184,A5V,87.0162,,172.117,11.4572,-150.6057,-82.5283
89345,274.3507,-9.7586,6.29,0.382,A8V,46.6874,,132.626,9.9155,-130.3304,-22.4797
89359,274.401,-34.1073,6.03,-0.096,B3/B4IV/V,393.0067,,341.2969,21.6851,-281.7569,-191.3801
89364,274.4069,-36.7617,3.1,1.582,M2III,100.3691,,44.7427,2.7543,-35.7388,-26.778
89396,274.504,-68.2293,6.32,-0.026,B9V,90.1986,,186.9159,5.4441,-69.1118,-173.5842
89399,274.5123,13.777,6.29,-0.04,B5V,585.0595,,469.4836,35.8727,-454.5632,111.8048
89400,274.5133,-27.0426,4.66,1.629,K3III,650.4292,,233.6449,16.3755,-207.4548,-106.2275
89405,274.5321,18.1317,6.24,-0.004,B9V,113.8676,,202.4291,15.2013,-191.7757,62.9964
89406,274.5322,23.2969,6.45,1.698,K5,567.0221,,497.5124,36.1079,-455.5202,196.7641
89448,274.6673,-42.2884,6.3,-0.144,B0.5Ia,26302679.919,,100000.0,6019.4963,-73731.4245,-67286.2742
89494,274.7897,7.2598,5.41,1.084,K2III,13.0737,,46.7946,3.876,-46.2574,5.9133
89495,274.7945,24.4461,5.3,1.508,K4II SB,588.8437,,298.5075,22.7132,-270.7958,123.5333
89527,274.9171,-63.8866,6.17,0.584,F9V,1.5747,,23.0468,0.8695,-10.1067,-20.6943
89548,274.9655,36.0645,4.33,1.162,K2IIIvar,96.117,,77.1605,5.3987,-62.1389,45.4241
89549,274.967,29.6664,6.01,1.319,K4III,115.2391,,183.1502,13.7788,-158.5456,90.65
89557,274.9836,51.3478,6.3,1.112,K1III:,38.8329,,121.5067,6.5928,-75.6051,94.8909
89573,275.0366,-15.8317,5.39,1.473,K3III,155.1672,,159.7444,13.4924,-153.0914,-43.5803
89583,275.0746,21.9613,4.92,1.594,M1III,135.3942,,120.1923,9.86,-111.0338,44.9495
89630,275.1893,71.3378,4.22,-0.093,A0p (Si),154.0281,,92.8505,2.6873,-29.5892,87.9686
89640,275.2169,3.3772,4.85,0.911,G8III,63.797,,79.8722,7.2499,-79.4032,4.7052
89642,275.2299,-37.4876,6.46,1.315,K2II,545.5066,,490.1961,35.4552,-387.3437,-298.3286
89648,275.2374,29.8589,5.61,0.231,A5m,15.6747,,56.1798,4.4475,-48.5187,27.97
89653,275.2485,-29.8281,2.72,1.38,K3III,808.351,Kaus Media,106.6098,8.4602,-92.0985,-53.0277
89657,275.2542,28.87,5.12,0.212,A7V,50.7224,,80.6452,6.4673,-70.3257,38.9374
89660,275.261,72.7328,3.55,0.489,F7Vvar,2.1498,,8.0574,0.2193,-2.3816,7.6943
89665,275.2798,49.7255,6.39,1.086,K1III,70.7294,,170.9402,10.1685,-110.0356,130.4198
89684,275.3275,-2.8988,3.23,0.941,K0III-IV,15.2897,,18.5426,1.7195,-18.4389,-0.9377
89690,275.3458,-18.86,5.76,0.67,F8II,620.5832,,378.7879,33.3955,-356.8922,-122.4458
89699,275.3683,5.4357,6.14,-0.048,B3Ve,321.2181,,324.6753,30.2394,-321.7976,30.7562
89702,275.3807,-24.9153,6.19,1.823,M3III,310.742,,326.7974,27.7927,-295.077,-137.6724
89703,275.3861,49.1216,5.02,1.619,M2III,337.9092,,198.8072,12.2131,-129.5361,150.3182
89734,275.5006,-28.43,6.15,0.264,A3III,82.2621,,165.0165,13.9102,-144.4472,-78.5617
89745,275.5362,23.2852,5.41,1.633,K5III,237.903,,199.6008,17.6881,-182.4878,78.9038
89759,275.5774,-38.6569,5.09,1.498,K4/K5III,177.0109,,148.5884,11.2773,-115.4834,-92.8165
89774,275.6472,12.0297,5.99,0.056,A2V,63.5624,,134.7709,12.9705,-131.1716,28.0887
89788,275.7043,17.8266,5.25,1.25,K3III,85.5855,,111.2347,10.5253,-105.3696,34.0531
89795,275.7211,-36.6696,5.33,-0.121,B7Ib/II,187.2406,,170.6485,13.6448,-136.1942,-101.9111
89804,275.7588,-10.219,6.32,0.13,B9.5V,27.1644,,102.5641,10.1281,-100.4277,-18.196
89807,275.7622,16.688,6.22,1.216,K0,38.3707,,116.4144,11.1957,-110.9479,33.4295
89817,275.8007,-12.0148,5.71,0.006,B5V,161.2872,,188.6792,18.6517,-183.601,-39.2761
89819,275.8068,-61.4939,4.35,1.462,M1III SB,327.19,,143.6782,6.9375,-68.2189,-126.2596
89845,275.8701,-36.238,5.52,1.015,K0III,41.6486,,87.8735,7.2487,-70.5044,-51.9456
89854,275.9018,-75.0443,5.47,0.043,A0V,19.9894,,59.4884,1.5786,-15.2709,-57.4733
89856,275.9149,-8.9344,4.66,0.932,K0III,47.8189,,63.3714,6.4513,-62.2692,-9.8418
89860,275.9245,21.7698,3.85,1.168,K2III,33.4195,Tusizuo,36.4697,3.4959,-33.6878,13.5258
89867,275.9499,53.3008,6.35,0.168,A3m,25.6803,,101.1122,6.2637,-60.1005,81.0702
89877,275.9776,58.8007,4.98,0.082,A3V,28.2879,,56.4653,3.0461,-29.0909,48.2988
89884,275.9887,38.7392,6.41,1.429,K2,196.2456,,287.3563,23.3847,-222.9154,179.8208
89895,276.015,-3.5832,6.36,0.351,F6III-IV,9.5411,,61.9195,6.4757,-61.4582,-3.8698
89903,276.0383,83.1754,6.16,0.051,A2V,67.6706,,150.3759,1.8797,-17.7701,149.3104
89906,276.043,-34.3846,1.79,-0.031,B9.5III,323.2958,Kaus Australis,43.9367,3.8172,-36.0579,-24.8131
89912,276.0575,39.5072,5.11,0.047,A3IVn,142.5608,,134.5895,10.958,-103.262,85.6226
89921,276.076,-44.1103,5.24,-0.163,B2.5Vn,156.0271,,149.4768,11.3601,-106.7217,-104.042
89944,276.138,-49.6529,6.45,0.593,G2V,1.8315,,28.2805,1.9577,-18.2043,-21.5536
89959,276.1755,-7.0759,6.28,1.161,K0,24.2103,,95.057,10.1479,-93.7856,-11.7096
89974,276.2384,-1.5794,6.15,0.381,F1V,53.8518,,133.5113,14.5025,-132.6703,-3.6799
89977,276.2436,27.3948,6.27,0.053,A2Vn,37.325,,117.5088,11.3466,-103.7122,54.068
89981,276.256,-30.7566,5.58,1.138,K0III,196.2456,,196.0784,18.3615,-167.4961,-100.2729
90010,276.3377,-20.5417,4.81,1.31,A1/A2V,164.1345,,125.7862,13.0024,-117.0685,-44.137
90011,276.3403,-35.992,6.14,1.006,K0III,42.5794,,118.2033,10.5617,-95.0532,-69.4648
90025,276.3818,-63.0215,6.13,0.202,A3V,15.5883,,71.1744,3.589,-32.0886,-63.429
90034,276.4117,8.032,5.64,0.884,G8III-IV+..,281.8383,,241.5459,26.7091,-237.6804,33.7503
90057,276.4775,-33.9457,6.3,-0.075,B7III,195.344,,272.4796,25.5004,-224.5971,-152.1546
90058,276.4801,14.9662,6.37,-0.037,B9V,34.2926,,117.9245,12.8573,-113.1964,30.454
90063,276.4949,29.8289,5.81,0.068,A2IV,63.7382,,124.2236,12.19,-107.0741,61.7903
90065,276.496,65.5635,4.82,1.179,K2III,95.7635,Fafnir,96.5251,4.5176,-39.6746,87.8784
90135,276.725,-48.1172,5.44,0.855,K0/K1III+..,135.3942,,152.6718,11.9359,-101.2237,-113.6661
90143,276.7434,-45.9685,3.49,-0.179,B3IV,253.9803,,85.1789,6.9519,-58.7944,-61.24
90162,276.8021,0.1961,5.2,0.487,G0III+...,149.9685,,143.8849,17.0417,-142.8713,0.4925
90197,276.9255,59.5491,6.43,0.979,K0IV,34.8017,,122.1001,7.4614,-61.4288,105.2581
90199,276.9323,-26.6348,6.31,0.263,A7V,15.9074,,78.125,8.4288,-69.324,-35.0237
90206,276.9562,-29.8169,5.9,0.517,F8V,5.0957,,36.6032,3.8462,-31.5239,-18.2002
90208,276.9597,3.7486,6.07,1.61,K3III,426.5795,,362.3188,43.8085,-358.8797,23.6878
90215,276.9853,-17.8004,6.19,0.003,B8III/IV,100.5542,,185.8736,21.5229,-175.6617,-56.8218
90217,276.9927,-25.4217,2.82,1.025,K1IIIb,37.2563,Kaus Borealis,23.9693,2.6355,-21.4874,-10.2895
90218,276.9949,6.1941,5.71,-0.034,B8III-IV,213.01,,216.9197,26.2624,-214.0482,23.405
90229,277.0257,-26.7572,6.28,0.157,A3/A4V,17.3141,,80.3859,8.7795,-71.2394,-36.1906
90232,277.0265,-84.3873,6.49,-0.035,B8/B9V,100.3691,,213.2196,2.551,-20.6972,-212.1974
90261,277.113,-38.9957,5.63,0.14,A2m...,77.5532,,126.1034,12.1358,-97.2525,-79.352
90288,277.2076,-49.0706,4.1,0.995,G8/K0III,29.8951,,38.6997,3.1809,-25.1529,-29.2383
90315,277.2994,-14.5658,4.67,0.076,A1IV/V,113.24,,97.9432,12.0441,-94.027,-24.6319
90317,277.3036,-43.8459,6.36,0.904,G8III,43.5311,,132.2751,12.1276,-94.6235,-91.6298
90326,277.3334,-80.2327,5.95,1.173,K2III,51.4754,,119.0476,2.5779,-20.0309,-117.322
90357,277.3988,23.8662,5.87,-0.096,B6IV,552.5862,,375.9398,44.272,-340.9318,152.1061
90362,277.4208,-1.9853,5.38,0.961,K0III,30.4509,,70.4225,9.0899,-69.7908,-2.4397
90367,277.4373,77.5471,5.65,1.192,K4III,75.1623,,125.3133,3.4978,-26.7949,122.3651
90371,277.4448,-14.582,6.02,0.006,Ap,37.3938,,104.8218,13.1444,-100.5901,-26.3905
90382,277.4831,-47.2205,5.69,1.258,K2III,180.9673,,198.0198,17.5151,-133.3453,-145.3413
90384,277.4863,-57.5231,5.74,0.987,K0III,41.9179,,97.561,6.8253,-51.9397,-82.3033
90406,277.5494,-18.7288,5.63,1.057,K0III,39.6278,,90.1713,11.2195,-84.6564,-28.953
90410,277.5596,-5.7242,6.27,0.953,G8II-III,53.3581,,140.4494,18.3849,-138.5345,-14.0084
90447,277.6735,20.815,6.49,0.795,G8IV,2.64,,34.5781,4.3158,-32.0318,12.2874
90477,277.7623,-41.9138,6.02,0.138,A3V,15.6747,,67.8426,6.8187,-50.0225,-45.3197
90480,277.7685,16.9286,5.76,0.053,A2V,77.1259,,133.5113,17.2649,-126.5538,38.8757
90481,277.7702,-32.9891,5.37,0.182,A5V,48.9328,,88.8889,10.0802,-73.8731,-48.3982
90515,277.8434,-62.2783,4.63,-0.116,B8III,221.8196,,134.5895,8.5439,-62.0223,-119.141
90522,277.8571,-10.7958,5.77,0.379,B2V,466.8743,,330.033,44.3177,-321.1483,-61.8185
90524,277.8596,-18.4027,5.12,0.016,B9/B9.5V,36.4754,,68.3995,8.875,-64.292,-21.5933
90548,277.9393,-45.9148,4.92,-0.101,B6IV,440.9608,,216.9197,20.8452,-149.4704,-155.8148
90559,277.9843,-43.5074,5.71,1.322,K2III,517.1303,,337.8378,34.0348,-242.6537,-232.5838
90562,277.9875,-1.003,5.93,0.17,A4III,131.22,,188.3239,26.1648,-186.4683,-3.2965
90571,278.0081,-45.7574,5.07,-0.127,B3III,1095.4688,,366.3004,35.6039,-253.0749,-262.4146
90576,278.0287,3.6596,6.41,-0.025,A0sp...,219.5837,,303.9514,42.3661,-300.3584,19.4008
90602,278.0861,-14.6443,6.36,0.217,A4/A5IV/V,16.8112,,82.1693,11.1825,-78.7096,-20.7738
90605,278.0889,-39.704,5.16,0.079,A3V,37.1193,,70.2741,7.6075,-53.5278,-44.8926
90623,278.1438,57.0456,4.77,0.611,F7Ib,4537.3262,,649.3506,50.0379,-349.666,544.8725
90631,278.1805,-14.8657,5.47,1.998,K3Iab,4425.8837,,884.9558,121.7076,-846.633,-227.0386
90633,278.1923,23.6168,5.88,1.49,K5III,206.6332,,230.9469,30.1527,-209.4447,92.5214
90640,278.2081,30.5542,5.47,-0.077,B8IV,67.9204,,109.6491,13.4809,-93.4569,55.7405
90648,278.2306,-73.9656,5.88,0.992,K0III,45.8353,,108.8139,4.3027,-29.7464,-104.5806
90654,278.2537,-39.892,6.22,0.429,F5V,3.8726,,36.9822,4.0734,-28.0809,-23.7183
90685,278.3446,-5.9117,6.36,0.034,A0Vn,38.1241,,123.7624,17.8657,-121.8009,-12.747
90687,278.3462,-38.72,6.31,0.02,B8,5.8076,,47.2144,5.3471,-36.4471,-29.5333
90688,278.3464,-38.726,5.67,-0.06,B9.5,418.7936,,298.5075,33.8042,-230.4131,-186.7453
90689,278.3471,8.2683,6.42,-0.044,B8IIIp SiSr:,735.1907,,558.6592,80.2573,-546.9958,80.3396
90699,278.3727,-58.7088,6.4,0.688,G5IV,5.5924,,48.2859,3.6518,-24.8118,-41.2622
90700,278.3757,-42.3125,4.62,0.994,G5III,361.0771,,170.9402,18.4131,-125.0593,-115.0725
90709,278.4126,-14.8536,5.74,0.043,A0/A1V,21.3403,,69.5894,9.8407,-66.5403,-17.8393
90722,278.4729,-24.0323,5.49,1.795,K3III,2222.2863,,632.9114,85.1701,-571.7393,-257.754
90731,278.4862,52.3535,5.38,1.091,K0III,235.0715,,195.6947,17.639,-118.2193,154.95
90733,278.4907,-33.0166,5.28,-0.115,B2III/IV,1103.5703,,404.8583,50.1236,-335.7583,-220.5998
90780,278.6297,-52.8915,6.21,1.254,K2III,118.5769,,203.666,18.4374,-121.4859,-162.4225
90808,278.6979,10.892,6.48,0.032,A1V,77.2681,,186.2197,27.6536,-180.7619,35.1878
90823,278.76,-10.9772,5.12,0.926,G8III,79.4328,,100.9082,15.0867,-97.9063,-19.2148
90835,278.8018,-8.2441,3.85,1.317,K2III,93.5837,,61.0501,9.2451,-59.7077,-8.754
90836,278.8025,18.2034,5.79,0.006,A0Vn,165.6533,,198.4127,28.8434,-186.2628,61.9824
90837,278.8063,34.458,6.1,-0.115,B5Vn,205.8733,,255.102,32.2021,-207.8625,144.3373
90850,278.8389,-20.8404,6.49,0.28,F0IV/V,18.4842,,91.4913,13.1384,-84.49,-32.5496
90857,278.8767,23.6055,5.62,1.015,G8III,102.4236,,144.3001,20.4035,-130.642,57.7832
90860,278.902,4.936,6.47,0.075,A2pvar,27.3401,,110.2536,16.998,-108.5216,9.4865
90878,278.9718,16.9757,6.21,0.542,G2Vv comp,3.0903,,32.8839,4.9047,-31.0663,9.601
90890,278.9985,-29.6991,6.36,1.272,K1III,119.6741,,219.2982,29.7945,-188.1465,-108.6502
90914,279.0552,65.4887,6.07,0.279,F0V,14.3483,,66.4452,4.3386,-27.2227,60.4571
90935,279.116,9.1225,5.38,0.387,F5III,9.1033,,38.5208,6.0258,-37.5532,6.1073
90953,279.1556,33.469,5.41,-0.101,B8II-IIIp..,142.5608,,154.5595,20.515,-127.2885,85.2374
90955,279.1628,6.6718,5.43,0.386,F3V,6.415,,33.0797,5.232,-32.4364,3.8433
90968,279.1898,43.2218,6.21,0.251,F0V,49.3401,,131.406,15.2928,-94.5275,89.9901
90979,279.2346,38.7837,0.03,-0.001,A0Vvar,49.9344,Vega,7.6787,0.9606,-5.9081,4.8098
90996,279.2877,16.1983,6.31,0.896,G8IV,22.7615,,93.4579,14.4846,-88.5712,26.0713
91033,279.3896,62.5266,5.74,-0.045,A0V,62.4597,,119.0476,8.9602,-54.1852,105.622
91039,279.3998,-0.3095,5.76,0.067,A2V,111.4808,,160.5136,26.2152,-158.356,-0.867
91064,279.4768,-21.3977,5.93,0.189,A5IV,40.2903,,104.3841,16.0019,-95.8625,-38.0835
91086,279.5187,-14.0048,6.49,0.189,B8II/III,134.648,,246.9136,39.6181,-236.2757,-59.7538
91089,279.527,39.6683,6.02,1.444,M4.5II,942.7575,,526.3158,67.0544,-399.5452,335.9697
91111,279.5992,-3.1936,6.49,0.553,F9IV,5.0769,,47.9616,7.9854,-47.2166,-2.672
91122,279.628,-23.5049,5.78,-0.018,B8III,96.917,,151.0574,23.1681,-136.5724,-60.2458
91156,279.7225,-21.0519,5.85,0.673,G5V,0.6817,,13.0839,2.0621,-12.0352,-4.6999
91178,279.8095,-47.9098,5.84,0.233,A3V,48.0839,,109.4092,12.4947,-72.2648,-81.1915
91208,279.8876,40.9351,6.25,-0.052,B9V,203.423,,271.7391,35.251,-202.2368,178.0443
91211,279.8965,-43.1859,5.42,1.654,M2III,227.405,,196.0784,24.5718,-140.8407,-134.1897
91216,279.9037,5.2643,6.36,0.8,F8Ib-II,294.0357,,343.6426,58.8545,-337.0939,31.5292
91240,279.965,7.3586,6.26,0.962,G8III,59.3745,,147.4926,25.3129,-144.071,18.8907
91242,279.9701,52.1961,6.0,-0.067,A0p...,95.0605,,165.5629,17.5702,-99.9511,130.8134
91249,280.0016,-7.7908,5.82,1.536,K4III,130.4968,,178.5714,30.7273,-174.2344,-24.2065
91250,280.008,30.8495,6.43,0.9,K0,62.9216,,164.2036,24.4989,-138.8265,84.201
91269,280.0508,38.3672,6.45,0.22,A6m,48.9779,,146.1988,20.0049,-112.8679,90.7454
91323,280.235,62.7495,6.1,0.978,K0III,39.0481,,111.1111,9.0399,-50.0662,98.7792
91379,280.3779,-48.0947,6.47,1.22,K3III,34.5462,,123.9157,14.9089,-81.4096,-92.2242
91392,280.4221,31.6176,6.41,-0.047,B8V,227.8243,,309.5975,47.6927,-259.293,162.3058
91394,280.4269,-14.5642,6.4,0.757,F2/F3Ib/II,23988329.1902,,100000.0,17516.565,-95188.3474,-25146.5401
91406,280.4651,-23.8334,6.22,0.231,A3m...,11.1995,,62.8931,10.4495,-56.5729,-25.4138
91424,280.5337,34.7463,6.49,-0.116,B5V,460.4686,,456.621,68.5913,-368.875,260.2483
91439,280.5599,-81.8081,6.27,-0.104,B8V,73.6546,,165.0165,4.3091,-23.1148,-163.3327
91441,280.5684,-9.0525,4.7,0.358,F2IIIp d Del,44.2588,,62.0732,11.243,-60.2602,-9.7666
91449,280.5943,-64.643,6.35,0.153,A5V,106.3653,,205.7613,16.2009,-86.6165,-185.9377
91467,280.6505,-7.0737,6.13,1.006,K0.5III,18.8105,,78.1861,14.3402,-76.2543,-9.6282
91471,280.6581,55.5395,5.03,-0.07,B9.5p...,92.2996,,104.3841,10.9239,-58.0456,86.0664
91497,280.7296,-19.2842,6.32,1.591,M4III,249.1151,,310.559,54.5739,-288.0092,-102.5634
91507,280.7589,-71.4281,4.01,1.134,K2III,97.2747,,66.9792,3.9823,-20.9575,-63.4912
91526,280.7931,70.7928,6.28,1.234,K2,98.7188,,191.9386,11.8247,-62.0278,181.2544
91535,280.8191,39.3001,6.45,1.59,K5,336.3566,,383.1418,55.6536,-291.2201,242.675
91557,280.8709,53.8718,6.18,0.094,A2IV,220.5972,,273.9726,30.4645,-158.634,221.2875
91559,280.8802,-8.2752,4.88,1.112,G8II,264.972,,165.0165,30.8236,-160.3629,-23.7505
91566,280.9004,36.5566,6.04,1.04,G8,64.983,Xihe,139.47,21.1856,-110.0105,83.0707
91568,280.9055,-64.5514,5.76,0.967,K0III,51.3334,,108.9325,8.8557,-45.963,-98.3629
91589,280.9456,-38.3234,5.11,0.075,A0/A1V,31.1602,,62.9327,9.3746,-48.474,-39.0246
91594,280.9635,-6.8181,6.3,0.479,F7V,14.3219,,73.8007,13.9364,-71.9413,-8.7615
91597,280.965,31.9266,5.68,0.36,F1III-IV,11.7815,,50.3018,8.1205,-41.913,26.6012
91615,281.0331,-36.7183,6.31,0.98,K0III,29.8676,,107.0664,16.4244,-84.2365,-64.013
91629,281.0761,61.0481,6.02,0.967,G7IV,40.8507,,109.529,10.1859,-52.0326,95.8408
91632,281.0807,-35.642,4.86,-0.168,B2V,202.8617,,143.0615,22.3446,-114.0949,-83.3646
91633,281.0848,39.6701,4.67,0.17,F1V,29.2415,,49.776,7.3663,-37.5994,31.7753
91639,281.0949,39.6127,4.59,0.18,A8Vn,28.8935,,47.6872,7.0695,-36.0502,30.4051
91671,281.1679,23.5899,6.3,0.437,F6V,5.0816,,43.956,7.8021,-39.5199,17.5906
91684,281.1931,37.6051,4.34,0.192,Am,36.6438,,47.8698,7.3617,-37.2028,29.2109
91686,281.2008,37.5946,5.73,0.285,F0IVvar,10.1111,,47.6872,7.3396,-37.0651,29.0926
91687,281.2067,-25.0109,5.82,0.033,B8III,128.7064,,177.305,31.2277,-157.6149,-74.9629
91688,281.2081,2.06,5.02,-0.055,B9V,173.9402,,142.6534,27.71,-139.8422,5.1279
91698,281.2308,54.8972,6.26,0.839,G5III,243.2204,,298.5075,33.4319,-168.3683,244.2154
91702,281.2382,-39.6862,5.4,0.85,K1/K2III+..,963.829,,400.0,59.9905,-301.9191,-255.4329
91721,281.298,-61.0952,6.04,1.484,K3III,420.3393,,354.6099,33.5798,-168.0812,-310.434
91729,281.3277,-21.0016,6.35,0.458,F5/F6V,9.3843,,61.1247,11.2086,-55.9526,-21.9067
91734,281.3496,-56.882,6.22,1.385,K3III,128.2331,,212.766,22.877,-113.9747,-178.2015
91737,281.362,-64.8713,4.78,0.199,A7V,8.6936,,28.547,2.3882,-11.885,-25.8452
91740,281.3682,5.5001,5.82,0.041,A1V,145.7471,,188.6792,37.0199,-184.1258,18.0845
91753,281.4086,79.9427,6.4,0.296,A8V,19.1249,,89.2857,3.0842,-15.2842,87.9137
91754,281.4141,-26.9908,3.17,-0.107,B8.5III,253.0463,,73.3676,12.9379,-64.0834,-33.2977
91756,281.4155,20.5463,4.19,0.483,F6V,6.7733,,19.2086,3.56,-17.6309,6.7415
91769,281.4448,74.0856,5.25,0.953,K0II-III,64.8037,,96.8054,5.267,-26.0164,93.0951
91784,281.4833,-50.8727,6.24,-0.08,B8/B9II,386.9011,,373.1343,46.8769,-230.7513,-289.4574
91792,281.5048,-19.6064,6.34,1.578,M2/M3III,125.7766,,222.7171,41.8453,-205.5886,-74.7341
91801,281.5187,26.6621,4.83,1.199,K3III,62.1727,,78.125,13.9417,-68.4117,35.0569
91811,281.5542,41.4418,6.06,-0.12,B6V,256.0944,,279.3296,41.9404,-205.1502,184.8768
91824,281.5859,-22.3922,5.37,1.591,K5III,272.1448,,209.6436,38.9293,-189.8866,-79.8625
91825,281.5927,75.434,5.37,0.049,A1Vn,45.6247,,85.8369,4.3381,-21.1472,83.078
91830,281.6191,-0.9617,5.89,0.131,A2m,47.9954,,111.8568,22.5254,-109.5492,-1.8774
91844,281.6723,18.7059,6.18,1.594,K5,129.0625,,209.6436,40.1735,-194.4633,67.2349
91846,281.6795,52.988,5.91,-0.096,B2.5V,593.1984,,396.8254,48.3586,-233.9361,316.8687
91849,281.6805,-10.125,5.69,0.584,F2Ib-II,46131757.456,,100000.0,19930.1334,-96404.064,-17579.7105
91874,281.7553,18.1815,4.34,0.148,A5III,13.3537,,28.8934,5.5926,-26.8751,9.0156
91888,281.7936,-4.7479,4.22,1.087,G5II...,1409.9379,,280.8989,57.2151,-274.0256,-23.2503
91915,281.8706,-5.7051,5.38,1.28,K0Ibpvar,61376200.5165,,100000.0,20468.3568,-97376.7149,-9940.9137
91939,281.9359,-40.4062,5.2,0.781,G5/G6III,106.6596,,121.3592,19.1122,-90.4132,-78.6653
91946,281.955,-77.8682,6.39,0.593,G2V,4.1495,,41.4079,1.8026,-8.5136,-40.4831
91956,281.9891,31.7568,6.06,-0.139,B3IVp,377.0509,,338.9831,59.8733,-281.9466,178.412
91967,282.0111,4.2414,6.2,1.509,K5,172.3455,,244.4988,50.7411,-238.4911,18.0829
91982,282.067,48.7676,6.12,0.225,A7III,11.2305,,60.1323,8.2857,-38.7584,45.222
91983,282.0683,23.5147,6.19,0.492,F8V,2.4055,,28.7522,5.5123,-25.7819,11.4717
92007,282.1581,-65.0777,5.71,0.268,A9V,20.7587,,67.7048,6.0087,-27.8901,-61.4001
92009,282.1646,-6.0043,6.49,0.242,A2,117.8148,,230.9469,48.3982,-224.5228,-24.1578
92014,282.1892,-18.6012,6.46,0.902,A1V + K1III,221.6154,,312.5,62.5347,-289.4985,-99.6807
92021,282.2104,-43.68,5.46,0.133,A2Vn,60.5899,,103.0928,15.769,-72.8708,-71.199
92025,282.2224,19.3287,5.89,0.022,A1V,29.4849,,87.6424,17.5087,-80.8278,29.0085
92079,282.3639,-45.8101,5.8,0.891,G6IV,50.3501,,109.8901,16.401,-74.8212,-78.7949
92094,282.3958,-43.4341,5.6,-0.077,B9IV,109.3453,,147.7105,23.0254,-104.7618,-101.5539
92098,282.405,0.8362,6.24,0.041,A1V,89.619,,179.5332,38.5632,-175.3231,2.6201
92102,282.4171,-20.3247,5.22,1.404,K2III,583.9827,,286.533,57.7763,-262.4081,-99.5241
92103,282.4206,-5.9129,5.99,1.568,K2Ib,1000.9215,,534.7594,114.408,-519.4648,-55.0887
92107,282.432,-72.9957,6.04,0.033,B9.5IV/V,155.8834,,215.9827,13.5977,-61.6816,-206.5406
92110,282.4413,32.8128,5.93,-0.154,B3IV,596.4856,,401.6064,72.7168,-329.6021,217.629
92117,282.4705,32.5511,5.22,0.1,A3V,35.8096,,70.9723,12.9181,-58.412,38.1867
92133,282.52,33.3627,3.52,0.003,A8:V comp SB,2962.1019,Sheliak,294.9853,53.4089,-240.515,162.2232
92168,282.6299,-13.5723,6.48,1.662,K1II/III,380.5397,,413.2231,87.829,-391.9641,-96.9717
92187,282.6898,10.9764,6.37,1.443,K5III+...,367.7901,,386.1004,83.2639,-369.7785,73.5153
92191,282.7104,-22.1622,6.29,0.39,F2IV,13.219,,70.5716,14.3802,-63.7561,-26.6217
92199,282.7438,-9.7741,5.82,0.594,F2Ib,2989.5099,,854.7009,185.8032,-821.5458,-145.0974
92225,282.8002,59.3884,4.63,1.185,K0II-III SB,134.5241,,104.8218,11.8258,-52.0505,90.2137
92236,282.8423,-3.3179,6.08,0.299,F2III,19.9159,,78.6164,17.4447,-76.5214,-4.5499
92260,282.8957,52.9751,5.51,0.843,G9IVa,3.5876,,25.6674,3.4494,-15.0661,20.4922
92261,282.8996,28.7837,6.22,1.183,K1II-III,377.0509,,364.9635,71.4086,-311.7975,175.7314
92262,282.9022,36.5391,6.1,-0.1,B6IV,310.742,,313.4796,56.2382,-245.5065,186.6367
92303,283.008,13.9656,6.19,-0.008,B8Vnn,127.409,,209.205,45.6975,-197.8112,50.4896
92309,283.0302,41.3832,6.28,-0.083,B9p Si,650.4292,,492.6108,83.3336,-360.0911,325.6613
92318,283.0497,-41.7092,6.47,1.426,K3III,97.9941,,208.7683,35.1909,-151.8271,-138.904
92319,283.0543,-62.1876,4.22,-0.15,B2II-III,3435.5795,,438.5965,46.2229,-199.3509,-387.9298
92324,283.0684,21.4251,5.43,-0.068,B9p...,90.6985,,124.3781,26.1803,-112.7843,45.4335
92340,283.1134,-46.5951,5.51,1.641,M0III,548.5295,,317.4603,49.4921,-212.4541,-230.64
92345,283.118,-26.6508,6.28,0.941,G8/K0III,34.6099,,113.6364,23.0505,-98.913,-50.9717
92353,283.1544,-29.3797,6.12,1.344,K1III,79.2136,,159.7444,31.6783,-135.5468,-78.3698
92356,283.1651,-52.1074,5.18,0.962,G8/K0III,51.2389,,83.3333,11.6571,-49.8368,-65.7636
92379,283.2496,-46.5863,6.17,0.051,A1IV/V,188.1049,,251.8892,39.6765,-168.5055,-182.975
92384,283.2575,-9.5755,6.27,0.2,A7Vn,26.8164,,99.6016,22.5232,-95.5964,-16.5685
92386,283.2598,-48.3609,6.17,0.124,A2V,19.9159,,81.9672,12.4918,-53.01,-61.2578
92397,283.3,-51.9314,6.3,-0.092,B4III,480.3967,,427.3504,60.6195,-256.4384,-336.4416
92399,283.3064,50.7082,4.92,0.903,G8III,183.3158,,139.8601,20.385,-86.1914,108.2421
92427,283.3883,75.7874,6.33,0.021,A1V,155.1672,,246.3054,14.0026,-58.8297,238.7663
92438,283.4315,36.9717,5.58,-0.138,B2.5V,471.6285,,303.9514,56.4067,-236.1947,182.8027
92441,283.4429,57.4866,6.24,1.243,K5III:,87.6597,,177.6199,22.1946,-92.8546,149.7807
92457,283.5004,-21.3598,5.68,1.206,G8/K0II,1175.9802,,502.5126,109.2544,-455.0642,-183.0272
92471,283.5424,-22.7448,4.86,1.412,K1II,1178.1484,Ainalrami,344.8276,74.4674,-309.1706,-133.3199
92478,283.5552,27.9095,5.64,1.361,K4III,59.9239,,111.3586,23.0647,-95.6651,52.1244
92492,283.5992,71.2972,4.82,1.151,K0III,114.3931,,105.4852,7.9532,-32.8765,99.915
92502,283.6262,36.8986,4.22,1.575,M4IIvar,910.3324,,225.7336,42.5278,-175.438,135.5306
92524,283.6796,-15.603,5.08,0.141,B3II,1490.0471,,429.1845,97.7587,-401.6424,-115.4381
92527,283.687,22.6451,4.57,0.782,G4III+...,271.144,,144.7178,31.603,-129.7684,55.7195
92532,283.6964,48.8594,5.84,0.452,F3III,12.28,,55.2792,8.6113,-35.3345,41.6306
92534,283.6984,-87.6058,5.29,1.304,K3III,41.3428,,78.7402,0.7789,-3.1957,-78.6715
92541,283.7174,41.6027,5.46,1.034,G8III,38.3001,,81.9672,14.5345,-59.5441,54.4231
92543,283.7188,33.9686,5.99,0.922,G8III+...,449.5728,,358.4229,70.4964,-288.7756,200.2645
92554,283.7797,-22.6713,5.0,1.348,K1Ib/II,61.3762,,83.9631,18.4539,-75.2455,-32.3631
92564,283.8163,-26.2967,2.05,-0.134,B2.5V,642.6877,Nunki,69.8324,14.9509,-60.7942,-30.9371
92571,283.8337,43.9461,4.08,1.397,M5IIIvar,169.8244,,91.4077,15.7362,-63.9039,63.4352
92575,283.8482,-37.3866,6.48,1.122,K1III,39.6278,,133.3333,25.3569,-102.8615,-80.9587
92581,283.8644,6.6153,5.58,1.041,G9III,39.7741,,88.2613,21.0087,-85.1194,10.1679
92591,283.8792,-16.3766,5.56,0.445,F5/F6IV/V,5.2288,,31.7158,7.2992,-29.5406,-8.9423
92639,284.0028,-23.1738,5.91,-0.021,B6III,143.0869,,194.9318,43.3618,-173.8786,-76.7097
92645,284.0255,18.1054,5.69,1.092,K1III,39.2645,,92.2509,21.2504,-85.0692,28.6685
92654,284.0549,4.2036,4.62,0.161,A5V,27.7971,Alya,47.4158,11.484,-45.8726,3.4756
92659,284.061,4.2021,4.98,0.204,A5Vn,23.9442,Alya B,51.9481,12.5871,-50.2561,3.8065
92661,284.0707,-42.7107,5.35,0.998,G6III-IV,51.7607,,90.5797,16.1812,-64.56,-61.4399
92671,284.0944,-1.7999,6.2,-0.046,B9III,71.5155,,157.4803,38.3308,-152.6641,-4.9462
92676,284.1067,2.4712,6.14,0.961,G8III,74.6105,,156.4945,38.1067,-151.634,6.7476
92677,284.1072,65.2581,5.62,0.938,G8III,45.4988,,96.1538,9.8088,-39.0297,87.3271
92680,284.1135,-31.689,6.45,1.223,K2III,97.0063,,205.7613,42.6932,-169.7997,-108.0882
92697,284.1687,-37.3432,5.36,-0.147,B3V,108.8429,,131.9261,25.6732,-101.6927,-80.0249
92705,284.1878,57.8149,5.67,1.155,K1III,33.6977,,84.674,11.0546,-43.7265,71.6623
92720,284.2279,-62.8019,6.47,1.535,K3III,221.0039,,313.4796,35.2157,-138.8865,-278.8187
92723,284.2377,-67.2335,4.4,0.53,F5Ib-II:,356.123,,153.3742,14.5974,-57.5292,-141.4247
92725,284.2566,32.9013,5.2,0.594,G0V,1.6025,,14.8721,3.075,-12.1022,8.0784
92733,284.2653,-5.8463,4.83,1.057,K1III,39.1922,,62.0347,15.2066,-59.8092,-6.3189
92756,284.3096,-43.917,6.27,-0.073,B9V,126.1247,,215.9827,38.454,-150.755,-149.809
92758,284.3191,2.5353,5.56,0.004,B9IIIp...,631.5387,,348.4321,86.0907,-337.277,15.4131
92764,284.3353,-20.6563,5.02,0.137,B9.5Ib,3426.0997,,632.9114,146.6323,-573.7836,-223.2671
92775,284.3686,58.225,6.47,0.072,A2V,35.2209,,125.1564,16.3551,-63.8438,106.3983
92781,284.3933,-39.8232,6.29,0.21,A5IV/V,9.5324,,59.9161,11.4388,-44.5726,-38.3715
92793,284.4325,-21.1067,3.52,1.151,G8/K0II/III,426.9726,,111.9821,26.0379,-101.1726,-40.3253
92811,284.5079,38.2662,5.89,-0.09,B7IV,120.6702,,177.305,34.8739,-134.7706,109.8078
92824,284.5418,-83.4222,6.35,-0.033,B9/B9.5V,72.1772,,169.4915,4.875,-18.7937,-168.3758
92831,284.5614,17.3609,5.33,0.731,F8Ib,1444.1091,,473.9336,113.7273,-437.8132,141.4169
92841,284.5887,-31.036,6.09,1.347,K3III,60.7016,,137.931,29.7683,-114.3749,-71.1139
92845,284.5988,6.2399,6.22,0.478,F5IV,8.9454,,56.2114,14.0841,-54.0743,6.1097
92847,284.6035,-22.5295,6.14,0.087,A1V,19.1955,,79.3651,18.483,-70.9399,-30.4094
92855,284.6157,-52.9386,4.85,-0.051,A0V,351.8844,,187.6173,28.5317,-109.4124,-149.7168
92870,284.6522,-60.2005,5.14,1.355,K1III-IV,228.4546,,172.7116,21.7112,-83.0404,-149.874
92881,284.6808,-37.1074,4.83,0.396,F3IV/V,9.2811,,30.1841,6.1007,-23.2861,-18.2104
92884,284.6941,40.6792,6.2,-0.146,B3V,260.1357,,300.3003,57.768,-220.2906,195.7427
92886,284.6955,13.9066,5.91,0.251,F0spe...,23.142,,78.3699,19.2983,-73.5842,18.8355
92902,284.7359,32.6896,3.25,-0.049,B9III,1577.6113,Sulafat,190.1141,40.6988,-154.7391,102.6781
92904,284.7475,50.8091,6.32,0.979,G8III,44.8332,,131.7523,21.1934,-80.5124,102.114
92910,284.7739,13.6222,5.27,0.573,F8V,15.9221,,48.4262,12.0016,-45.508,11.4053
92916,284.7957,-39.5347,6.49,-0.04,B9.5V,51.6179,,152.9052,30.1152,-114.0163,-97.3311
92917,284.8012,39.2173,6.43,-0.168,B5IV,199.5262,,292.3977,57.8724,-219.0192,184.8724
92931,284.8492,-12.8405,5.51,-0.038,B4V,116.4126,,146.1988,36.5302,-137.7823,-32.4909
92940,284.8616,-18.5664,6.37,0.962,G5/G6II,275.9307,,334.4482,81.3164,-306.4363,-106.4896
92945,284.872,-70.4687,6.49,0.305,A8V,23.7028,,103.6269,8.8919,-33.4843,-97.6641
92951,284.9057,15.0683,4.02,1.082,K2III,48.4842,,47.5059,11.7997,-44.3289,12.3501
92963,284.9395,26.2304,5.26,1.228,K2III,67.4839,,99.2063,22.9416,-85.9824,43.8474
92977,284.9921,22.8145,6.28,1.672,M4III,124.9683,,215.9827,51.5006,-192.3087,83.7471
92987,285.0034,32.1455,4.94,1.465,K3III,1057.7913,,338.9831,74.302,-277.2325,180.3632
92994,285.0148,-66.6536,5.98,0.977,K0III,65.4034,,136.0544,13.9682,-52.0761,-124.9151
93006,285.057,50.5335,5.39,-0.182,B2.5IV,257.5135,,205.7613,33.9759,-126.2973,158.8469
93022,285.1034,-24.9422,6.35,1.253,K0III,83.0233,,181.8182,42.9564,-159.166,-76.6733
93047,285.1811,55.6583,5.51,0.862,G5IIbCN...,123.8226,,150.8296,22.2818,-82.1178,124.5382
93061,285.23,33.8022,6.04,0.983,K0III:,46.6874,,118.2033,25.8026,-94.773,65.7597
93078,285.2679,-37.0616,6.44,0.02,B9.5IV:,127.409,,234.7418,49.3278,-180.7098,-141.4725
93081,285.2726,19.3096,6.47,1.114,K1III,37.949,,129.8701,32.285,-118.2358,42.9445
93100,285.3223,26.2914,5.69,-0.086,B5V,182.9785,,199.2032,47.1938,-172.2479,88.2344
93115,285.3599,46.9348,5.0,0.186,A7V,12.2124,,37.4392,6.7716,-24.6515,27.3522
93125,285.3897,-15.2826,6.31,0.963,K0III,70.7294,,164.7446,42.1742,-153.2205,-43.4234
93130,285.4072,-22.6954,6.25,1.647,K3III,1062.6739,,621.118,152.24,-552.4309,-239.6468
93136,285.4201,-5.7391,4.02,1.079,K1IIIvar,41.8408,,44.1306,11.6753,-42.3288,-4.413
93144,285.4515,33.6213,6.39,-0.117,B5IV,164.1345,,260.4167,57.7747,-209.0152,144.1929
93149,285.456,22.2644,6.44,0.13,A4V,35.416,,123.7624,30.5234,-110.3932,46.8913
93173,285.5293,52.2611,6.35,0.983,G8III:...,115.133,,214.1328,35.0897,-126.2785,169.3379
93177,285.5355,-41.9105,6.21,0.001,A0V,43.8935,,123.9157,24.6989,-88.8476,-82.7718
93195,285.5899,8.3735,6.25,1.648,K2III,383.354,,373.1343,99.2106,-355.5754,54.3381
93205,285.6153,-24.8468,5.63,1.232,K2III,30.4229,,78.9889,19.2939,-69.0317,-33.1906
93213,285.653,-29.8801,2.6,0.062,A3IV,58.0764,Ascella,27.0416,6.3262,-22.5774,-13.4718
93230,285.7192,19.661,6.11,1.317,K1III,191.0733,,246.9136,62.9948,-223.8225,83.0752
93233,285.7271,-3.699,5.4,-0.005,A1V,141.2538,,153.1394,41.4228,-147.0994,-9.8797
93244,285.7659,-19.2457,5.96,1.158,K0II/III,1321.9043,,606.0606,155.468,-550.6645,-199.7694
93248,285.7786,-42.0951,4.74,-0.027,A0Vn,38.7972,,59.2066,11.9464,-42.2778,-39.6899
93249,285.7792,-19.103,6.37,0.48,F5V,15.8782,,80.2568,20.6224,-72.9794,-26.2655
93258,285.8237,-38.2531,5.73,0.328,F2III/IV,20.8545,,68.4932,14.6664,-51.7483,-42.4067
93279,285.8736,-68.7555,5.89,0.553,F8V,12.1675,,56.3063,5.5804,-19.6245,-52.4799
93285,285.8844,1.8188,5.82,0.182,A4V,12.3254,,54.8847,15.0142,-52.7624,1.7419
93329,285.9898,-51.0186,5.93,1.236,K0/K1III,36.8468,,99.8004,17.2941,-60.3523,-77.5799
93334,286.0042,-57.96,6.3,0.857,G6II/III,118.0321,,211.8644,30.9886,-108.0402,-179.5927
93371,286.1006,-5.6848,6.48,2.3,C5II,292.4152,,362.3188,99.986,-346.3952,-35.89
93372,286.1044,-31.0471,5.49,0.026,A0V,119.8947,,147.0588,34.9487,-121.0475,-75.8444
93388,286.1707,-21.7415,3.76,1.012,K0III,51.7607,,43.554,11.267,-38.8552,-16.1333
93418,286.2299,53.3967,5.4,-0.014,A0Vn,74.4046,,111.1111,18.517,-63.6121,89.1981
93422,286.2403,-4.0314,5.4,1.12,K1III,47.4242,,88.7311,24.7537,-84.9797,-6.2381
93423,286.2411,31.7441,5.63,1.548,M0III,175.5497,,189.7533,45.1313,-154.9278,99.8341
93425,286.2429,30.7334,6.07,1.575,M2III,127.5264,,198.0198,47.609,-163.4149,101.1968
93438,286.291,49.9232,6.45,1.348,K3III,78.5597,,185.1852,33.4445,-114.4379,141.7003
93452,286.3525,13.8635,2.99,0.014,A0Vn,35.9418,Okab,25.4582,6.9589,-23.7167,6.1
93468,286.4216,-15.6604,5.93,-0.015,B8IIIsp...,177.8279,,219.2982,59.6948,-202.5439,-59.1963
93475,286.4464,29.9217,6.32,1.668,M0III,514.7543,,446.4286,109.5449,-371.0924,222.6856
93510,286.5623,-4.8826,3.43,-0.096,B9Vn,53.1618,,37.9219,10.7707,-36.2166,-3.2277
93520,286.5831,-52.3409,5.17,0.532,F7V,23.9662,,56.7215,9.8906,-33.2133,-44.9041
93530,286.6046,-37.0634,4.23,0.523,F7IV-V,5.3015,,17.304,3.9459,-13.2323,-10.4291
93548,286.6572,28.6286,5.53,0.296,F0III,8.5428,,39.968,10.056,-33.6095,19.1499
93550,286.66,24.2508,5.78,0.104,A4III,48.7978,,107.1811,28.0164,-93.6209,44.0227
93560,286.7172,-16.2293,6.0,-0.025,B7V,232.7019,,259.0674,71.5505,-238.231,-72.4046
93563,286.7187,-37.8107,6.15,0.705,G8V,0.8678,,16.9549,3.8534,-12.8288,-10.3943
93565,286.7284,-50.3231,6.29,-0.057,B9V,79.726,,173.3102,31.8493,-105.9684,-133.3895
93567,286.7317,-48.2991,5.95,-0.017,A0V,50.4894,,117.9245,22.5845,-75.127,-88.0458
93569,286.7351,-27.6704,3.32,1.169,K1/K2III,56.9115,,37.2856,9.5084,-31.6228,-17.3149
93572,286.7442,11.0712,5.07,-0.055,B8III,374.2829,,214.1328,60.5433,-201.2375,41.1197
93592,286.7847,-18.7382,6.28,-0.044,B8V,92.555,,185.8736,50.8308,-168.5225,-59.7108
93608,286.8255,36.1002,5.25,-0.109,B6IV,521.9153,,274.7253,64.2525,-212.4722,161.8678
93622,286.8565,32.5017,5.2,0.367,F0V,12.5199,,41.58,10.1688,-33.5608,22.342
93630,286.8785,-28.6368,6.05,1.579,K3III,501.1872,,389.1051,99.1545,-326.7967,-186.4808
93671,286.9888,16.8534,6.08,0.705,G5V,1.4791,,21.4316,5.993,-19.616,6.2135
93680,287.0147,21.6989,6.22,0.434,F3V,5.2626,,43.122,11.7241,-38.3126,15.9435
93698,287.0607,-24.6574,6.3,0.011,B9.5V,127.6439,,220.2643,58.7297,-191.3713,-91.8923
93701,287.0696,-19.2903,5.56,-0.087,B2V,818.8418,,396.8254,109.9418,-358.0472,-131.093
93710,287.0873,-40.4967,4.57,1.07,K1III,38.7614,,54.7345,12.2299,-39.7852,-35.5448
93718,287.1076,52.4257,5.88,1.086,K1IV,19.5344,,71.0227,12.7401,-41.3926,56.29
93759,287.2179,-55.7204,6.44,1.101,K1IV,34.135,,121.5067,20.2576,-65.3695,-100.4009
93773,287.2496,6.0732,5.23,0.346,F0III-IV,14.7775,,45.7875,13.5014,-43.4826,4.8443
93788,287.2907,76.5605,5.11,0.308,A9V,5.8668,,27.3,1.8859,-6.0583,26.5524
93819,287.368,-37.9045,4.11,0.042,A0/A1V,29.1877,Meridiana,38.432,9.052,-28.9417,-23.6106
93835,287.4156,-39.8272,6.44,1.064,K0III,34.2295,,121.6545,27.9632,-89.1452,-77.9166
93845,287.4408,65.9785,6.26,0.008,A0V,23.8342,,93.4579,11.4028,-36.2957,85.3638
93846,287.441,-21.0236,2.88,0.377,F2II/III,1498.3042,Albaldah,156.25,43.7143,-139.1436,-56.0551
93849,287.4506,-19.8037,6.11,1.156,K1III,43.9744,,118.4834,33.4299,-106.3456,-40.1419
93854,287.465,-0.4281,6.34,-0.042,B5Vn,209.3148,,287.3563,86.2398,-274.1017,-2.1471
93855,287.4696,-68.4244,5.31,0.901,G8/K0III/IV,9.1453,,37.3832,4.1268,-13.1128,-34.7639
93862,287.4902,-41.8923,5.86,-0.08,B5V,779.1122,,444.4444,99.4332,-315.5497,-296.7697
93865,287.5073,-39.3408,4.1,1.163,K0II/IIICN.,421.5023,,145.3488,33.8164,-107.2041,-92.1412
93948,287.7579,-39.0047,6.34,0.006,B7II/III,203.423,,283.2861,67.1419,-209.6511,-178.2958
93977,287.8284,-29.5023,6.28,-0.031,B8/B9V,57.597,,146.6276,39.0716,-121.4869,-72.208
93985,287.8465,40.4291,6.2,0.093,A3V,65.4034,,150.6024,35.1335,-109.1236,97.6666
93995,287.8791,26.7359,6.35,0.444,F5V,4.7512,,43.4972,11.9264,-36.9709,19.5684
94007,287.919,56.8592,5.13,1.008,G8III,85.9805,,105.4852,17.743,-54.8712,88.3259
94016,287.9417,31.2835,5.93,-0.062,B9p Si,276.1849,,273.224,71.9294,-222.1446,141.8777
94042,288.0212,49.8558,5.85,0.666,G4V+...,2.379,,24.4499,4.8767,-14.9899,18.6901
94077,288.1168,-21.6584,6.39,1.129,K0III,46.302,,138.3126,39.9727,-122.175,-51.0473
94081,288.1384,67.6615,3.07,0.99,G9III,45.9621,Altais,29.8686,3.5341,-10.7882,27.6271
94087,288.1531,21.5546,6.02,0.069,A2Vn,189.3215,,235.8491,68.3417,-208.4379,86.648
94090,288.1696,-7.9395,5.35,0.094,B3V,569.115,,300.3003,92.7454,-282.5915,-41.4798
94103,288.1922,-50.4864,6.12,0.954,G8III,47.076,,123.1527,24.4636,-74.4406,-95.0091
94139,288.3069,-25.9068,5.79,1.387,K2III,1140.775,,520.8333,147.1571,-444.7811,-227.5564
94143,288.3147,-12.2826,5.51,1.442,K3III,150.245,,166.113,51.0038,-154.0889,-35.3378
94182,288.4279,2.2937,5.14,-0.071,B8II-III,363.4126,,217.8649,68.8145,-206.5276,8.7194
94183,288.4334,5.5156,6.47,0.1,A3V,49.204,,147.929,46.559,-139.6892,14.2185
94186,288.4395,39.146,4.43,-0.15,B2.5IV,2666.8587,Aladfar,425.5319,104.3856,-313.0733,268.6375
94195,288.4798,57.7051,5.0,1.156,K2III,22.346,,50.6586,8.579,-25.6701,42.8222
94261,288.6648,-45.1935,5.91,0.902,G8III,31.4196,,91.3242,20.5964,-60.9727,-64.7937
94303,288.7612,20.2031,6.03,0.895,G8III,146.9603,,208.7683,63.0139,-185.5137,72.098
94325,288.8223,21.2321,5.65,0.121,A4V,40.3645,,91.8274,27.6157,-81.017,33.255
94328,288.8299,50.0711,6.27,0.93,G8III,48.9779,,134.5895,27.8814,-81.7612,103.2089
94329,288.8337,15.0837,5.58,1.067,G8II-III,230.1442,,212.3142,66.1784,-194.0235,55.2503
94335,288.8536,30.5264,5.88,1.665,M0III,586.1382,,389.1051,108.3115,-317.1905,197.6401
94348,288.8851,-25.2567,4.86,0.569,K0/K1III+..,82.9469,,91.4913,26.7823,-78.291,-39.037
94350,288.8884,-24.1794,6.25,0.548,F8V,2.0893,Gumala,27.5482,8.1357,-23.778,-11.2836
94352,288.8884,73.3555,4.45,1.257,K3III,29.1072,,44.8833,4.1618,-12.1638,43.0027
94353,288.889,18.5164,6.46,1.743,M2III,150.7995,,257.732,79.1179,-231.229,81.8493
94390,288.9979,27.9263,6.18,0.634,F6Ib-II,541.0034,,429.1845,123.4442,-358.5512,201.0023
94408,289.0543,21.3904,4.76,-0.058,B4IV,672.3571,,248.7562,75.6161,-218.9304,90.7267
94417,289.0906,-45.466,5.38,1.349,K3III,171.5537,,167.2241,38.3578,-110.8295,-119.2032
94418,289.0921,38.1337,4.35,1.258,K0II,1031.8106,,255.102,65.632,-189.6188,157.5252
94425,289.1116,14.5446,5.65,-0.02,B9.5V,75.5092,,125.6281,39.8137,-114.8996,31.5495
94429,289.1192,-69.1908,6.25,0.193,A6IV/V,104.2317,,194.5525,22.6379,-65.3036,-181.8616
94432,289.1293,4.8348,5.59,0.101,A3IV,136.7729,,164.4737,53.7064,-154.8388,13.8623
94460,289.2141,46.9991,6.02,0.479,F6IV:,6.0145,,42.0345,9.4346,-27.071,30.7416
94475,289.2522,-65.2277,6.42,-0.046,B8/B9V,130.9785,,235.8491,32.5849,-93.2973,-214.1463
94484,289.2756,53.3685,3.8,0.95,K0III,38.1241,,38.0662,7.4978,-21.4396,30.5477
94494,289.3009,-66.661,5.52,0.17,A4IV/V,45.2481,,91.5751,11.9914,-34.2402,-84.0822
94525,289.4087,-18.9529,4.88,1.013,K0III,212.2267,,147.7105,46.4237,-131.7635,-47.975
94532,289.4318,23.0255,5.46,0.02,B0.5IV,793.597,,373.1343,114.2462,-323.8458,145.9483
94538,289.4508,2.0317,6.19,0.019,A1Vn,21.6371,,86.2069,28.6886,-81.2358,3.0563
94539,289.4542,11.5954,5.28,0.196,F0IV,108.9432,,127.2265,41.5083,-117.5146,25.5725
94563,289.5407,-53.3871,6.36,0.505,F7V,5.0536,,45.0653,8.9898,-25.3292,-36.1732
94590,289.6354,1.0851,5.1,1.143,K2II-IIIvar,102.8016,,113.7656,38.2222,-107.1309,2.1545
94595,289.6578,49.5695,6.32,1.123,K1III,47.8189,,136.0544,29.6823,-83.0924,103.5636
94618,289.7123,0.339,6.4,1.05,K0II-III:..,38.7258,,127.0648,42.8578,-119.6165,0.7518
94621,289.7198,9.6181,6.31,1.065,G9III,53.3581,,143.0615,47.5934,-132.7785,23.9027
94634,289.7504,-15.5366,6.09,1.42,K4III,69.6306,,147.7105,48.0909,-133.9413,-39.5648
94636,289.7548,37.4453,6.25,0.012,A0III,100.2767,,190.8397,51.2111,-142.5971,116.0314
94679,289.9018,54.376,6.23,0.03,A1V,70.0164,,157.9779,31.3232,-86.5209,128.4134
94686,289.9125,37.3305,6.29,0.676,G8V,1.7108,,25.3872,6.8753,-18.9798,15.3951
94689,289.914,12.3747,5.53,0.265,F0III,57.1742,,103.4126,34.4049,-94.9701,22.1617
94691,289.9166,-35.4215,5.59,-0.122,B4III,385.8336,,276.2431,76.6855,-211.6493,-160.1067
94707,289.9711,11.535,6.03,0.087,A2V,22.4078,,81.4996,27.2737,-75.0515,16.2971
94743,290.0667,57.6451,5.91,1.626,M1III,220.8005,,242.1308,44.4605,-121.7128,204.5399
94771,290.1371,-5.4158,4.98,0.937,G8III-IV...,19.8244,,47.2813,16.2048,-44.1929,-4.4625
94772,290.1377,35.186,6.3,-0.092,B9V,218.3735,,288.1844,81.0875,-221.1307,166.0611
94778,290.1487,-0.8922,5.46,-0.041,B9III,102.707,,134.2282,46.2303,-125.9984,-2.09
94782,290.159,-22.4025,5.59,0.276,A6:m...,15.5024,,55.371,17.6421,-48.0561,-21.1025
94786,290.167,65.7145,4.6,0.033,A2IIIs,62.0012,,70.1754,9.9504,-27.0925,63.9654
94854,290.3739,-34.9835,6.48,0.628,G1/G2V,0.7907,,18.8324,5.3718,-14.4644,-10.7974
94859,290.3981,76.5596,6.22,2.673,C5II,422.2795,,386.1004,31.279,-84.1154,375.526
94864,290.4046,-19.2344,6.25,-0.091,B5III,158.3434,,239.8082,78.9415,-212.2146,-79.0011
94872,290.4177,79.6028,6.06,0.072,A3V,38.089,,107.7586,6.7844,-18.2255,105.9892
94873,290.4182,-17.8472,3.92,0.228,F0III/IV,35.678,,38.9257,12.9265,-34.7245,-11.9299
94881,290.4318,-15.955,4.52,0.079,F2p,4047.6225,,546.4481,183.4119,-492.3442,-150.2091
94892,290.4621,-18.3084,5.84,1.062,K0III,41.6486,,101.833,33.7974,-90.5781,-31.9889
94916,290.5397,-42.016,6.33,1.129,K1III,26.206,,101.2146,26.3838,-70.4177,-67.7468
94927,290.5898,-0.2523,5.81,1.093,G8III:,44.4631,,103.7344,36.4804,-97.1072,-0.4569
94940,290.639,33.5182,6.09,1.052,K0III,38.5478,,109.8901,32.2928,-85.7366,60.6815
94944,290.6572,-51.2313,6.42,0.328,F0V,12.2011,,71.9942,15.9036,-42.1828,-56.1324
94946,290.6595,-44.459,3.96,-0.085,B9V,209.894,Arkab Prior,96.1538,24.2136,-64.2166,-67.346
94958,290.7015,9.9131,6.34,0.458,F6V,3.5777,,37.5657,13.0812,-34.6156,6.4671
94965,290.712,26.2624,5.22,-0.119,B6III,103.2761,,120.4819,38.2125,-101.0624,53.3112
94966,290.7133,-54.4239,5.03,0.02,A0Vn,19.697,,48.216,9.9215,-26.2381,-39.2162
94986,290.7685,-7.4006,6.31,1.455,K0,46.3447,,133.3333,46.8853,-123.6309,-17.1742
94999,290.8046,-44.7998,4.27,0.35,F2III,28.8669,Arkab Posterior,41.1353,10.3673,-27.2853,-28.9852
95024,290.8917,33.222,6.37,0.804,G8V,0.6126,,15.7604,4.7016,-12.3176,8.6349
95045,290.9455,20.2644,6.4,0.013,B9.5V,426.9726,,421.9409,141.4995,-369.6689,146.1401
95052,290.9715,-40.6159,3.96,-0.105,B8V,70.5342,Rukbat,55.7414,15.1439,-39.5099,-36.2868
95057,290.9854,43.3882,5.85,0.924,G6.5IIIa,72.711,,135.1351,35.1701,-91.6911,92.8294
95073,291.0229,-68.3711,6.33,1.238,K2III,113.4488,,210.5263,27.8379,-72.4335,-195.7033
95075,291.0252,36.4521,6.44,1.074,K1III,34.2295,,121.6545,35.1077,-91.3385,72.2811
95077,291.0316,29.6213,4.99,-0.12,B3IV,586.6783,,258.3979,80.6151,-209.664,127.7172
95101,291.0895,-43.7221,6.13,1.603,M1/M2III,130.7374,,206.1856,53.6177,-139.0298,-142.5074
95103,291.092,16.9377,6.27,0.075,A2III-IV,33.9782,,112.1076,38.5937,-100.0596,32.6605
95113,291.1257,-27.8659,6.03,-0.117,B2Vnn,251.8837,,273.224,87.0556,-225.3083,-127.7061
95152,291.2425,11.9444,5.17,0.761,G8IVvar,1.7155,,15.1768,5.3797,-13.8394,3.141
95161,291.2668,-29.3094,5.91,1.278,K3III,31.4196,,91.3242,28.8841,-74.2108,-44.7055
95182,291.3187,-24.5086,5.02,0.235,A4IV/V,51.0035,,77.2201,25.5443,-65.4546,-32.0332
95190,291.34,-13.8971,5.72,1.372,K2III,107.5474,,154.7988,54.6826,-139.9649,-37.1795
95192,291.3433,20.2717,6.31,-0.014,A0V,56.3378,,147.0588,50.2076,-128.4889,50.9519
95197,291.3574,24.9128,6.19,0.528,F7V,2.1837,,27.3898,9.0468,-23.1353,11.5376
95202,291.3692,19.7984,5.14,0.999,K0III,53.064,,83.2639,28.546,-72.9563,28.2024
95206,291.3736,-23.9625,5.45,1.442,K3III,134.8963,,153.1394,51.001,-130.316,-62.1957
95207,291.3746,3.1148,3.36,0.319,F0IV,9.506,,15.5255,5.6501,-14.4363,0.8436
95260,291.538,36.3179,5.17,-0.12,B9sp...,350.2676,,216.9197,64.1656,-162.5773,128.4739
95261,291.546,-15.0533,5.71,0.007,B7IV,207.5869,,214.1328,75.9413,-192.3353,-55.6139
95264,291.5552,20.0977,5.6,-0.006,A0V,26.6195,,72.8863,25.1476,-63.6611,25.0454
95268,291.5798,-21.7767,5.57,1.228,K1/K2III,90.1156,,132.2751,45.1785,-114.2255,-49.0728
95276,291.6006,13.0238,5.76,0.456,F6III,13.5644,,55.991,20.0819,-50.7198,12.6179
95280,291.6103,62.5571,6.38,1.413,K5III,107.845,,210.084,35.6581,-90.0146,186.4434
95286,291.6195,19.8915,5.84,1.558,M0III,141.9058,,187.9699,65.124,-164.3208,63.9549
95289,291.6295,0.3386,4.64,0.576,F2Ib,9179.0979,,869.5652,320.5194,-808.322,5.1384
95323,291.7353,-29.7432,5.66,-0.014,B8/B9V,23.1846,,69.9301,22.4848,-56.4006,-34.6933
95360,291.8582,52.3204,5.73,-0.002,A1V,51.428,,107.5269,24.4702,-61.0002,85.1013
95368,291.8913,14.2825,6.31,-0.068,B4III,166.2647,,252.5253,91.2431,-227.074,62.2987
95376,291.9017,37.9412,6.3,-0.12,B3Ve,1381.6562,,724.6377,213.1703,-530.2336,445.5452
95393,291.9505,-54.3253,5.7,1.406,K4III,124.0509,,164.7446,35.9138,-89.1114,-133.8288
95434,292.0867,2.93,5.84,-0.003,B6III,349.623,,294.9853,110.772,-272.9808,15.0786
95473,292.1764,24.6649,4.44,1.502,M0 comp,121.2272,Anser,91.1577,31.2691,-76.7128,38.0411
95487,292.2378,24.7687,5.82,1.023,K0III,101.8591,,157.7287,54.2014,-132.5662,66.0815
95495,292.2541,1.9504,5.79,0.088,A0V,15.7616,,61.1995,23.1638,-56.6081,2.0829
95513,292.3251,0.2461,6.25,1.317,K2,106.7579,,196.8504,74.7752,-182.0935,0.8455
95519,292.3371,20.2797,6.34,-0.097,B5Vn,320.9224,,355.8719,126.8668,-308.7641,123.3466
95521,292.339,-7.0441,6.37,0.87,F5-G1I-II,187.0682,,275.4821,103.9165,-252.8842,-33.7832
95523,292.3423,14.596,5.57,1.05,K0III,43.3711,,91.7431,33.7496,-82.1173,23.1195
95524,292.3493,-43.4452,5.7,0.214,Am,17.7828,,62.383,17.2224,-41.8899,-42.8983
95554,292.4265,51.7298,3.76,0.148,A5Vn,37.7746,,37.2024,8.7905,-21.2994,29.2075
95566,292.4674,-26.9856,5.46,1.12,K1/K2III,29.3495,,71.736,24.4296,-59.0733,-32.5514
95567,292.4692,-55.4418,6.14,0.974,K0/K1III,28.0802,,95.9693,20.8054,-50.3053,-79.0355
95599,292.5439,2.9041,6.08,1.82,K5Ib,1242.7964,,621.118,237.8253,-572.9192,31.4683
95630,292.638,3.4444,6.09,-0.019,A0sh,196.4265,,248.139,95.3381,-228.6074,14.9082
95633,292.6441,-55.1101,6.29,0.45,F5V,3.1362,,34.3761,7.5705,-18.1474,-28.1971
95638,292.666,-2.7889,5.03,1.77,M1IIIvar,222.6384,,162.0746,62.3828,-149.38,-7.8859
95648,292.6803,27.9597,3.05,1.088,K3II+...,930.6792,Albireo,133.1558,45.3506,-108.5185,62.4301
95652,292.6891,27.9653,5.12,-0.095,B8V,117.1656,Albireo B,122.549,41.7512,-99.8627,57.4677
95654,292.6951,36.2285,6.26,-0.015,B9.5III,101.6717,,193.0502,60.0838,-143.6693,114.094
95667,292.7252,-21.3122,6.11,0.121,A2V,176.8479,,237.5297,85.4853,-204.1071,-86.3302
95679,292.7512,70.9893,6.06,1.416,K2,114.6041,,186.9159,23.5467,-56.1493,176.7211
95700,292.7956,-68.4339,5.98,1.638,K4/K5III,530.64,,387.5969,55.1996,-131.3426,-360.4629
95704,292.8065,55.7318,6.37,1.123,K2II-IIIcomp,325.9868,,363.6364,79.3658,-188.744,300.5132
95714,292.8306,50.3067,5.55,1.274,K1III,105.2931,,141.6431,35.1008,-83.377,108.9907
95716,292.8401,26.6172,5.89,0.915,K0III-IV,14.0605,,60.5327,21.0062,-49.8742,27.1203
95752,292.943,34.453,4.74,-0.15,B3IV,770.5485,,263.8522,84.8122,-200.3588,149.269
95794,293.0585,-44.5464,6.48,0.526,F6V,3.8583,,41.6146,11.6162,-27.2885,-29.1921
95799,293.0872,69.6612,4.67,0.786,K0V,0.3908,Alsafi,5.7547,0.7843,-1.84,5.3959
95839,293.2242,-53.1856,5.76,0.3,Am,57.9162,,115.7407,27.3486,-63.7348,-92.6598
95862,293.2919,60.1587,6.3,1.58,K4III,252.1158,,309.5975,60.9161,-141.5003,268.547
95876,293.3401,-45.2717,5.59,-0.02,A0p,74.8859,,121.6545,33.9192,-78.6079,-86.4297
95896,293.4234,49.2623,6.0,1.545,M4.5III,572.796,,406.5041,105.4559,-243.422,308.0103
95902,293.4418,5.4657,6.35,1.471,M8V,102.8964,,202.4291,80.1636,-184.8772,19.2814
95927,293.5223,7.3789,4.45,1.176,K3III,15.7326,,32.9924,13.0584,-30.0004,4.2373
95932,293.5354,-40.0346,5.89,0.105,A5IV-III,64.5654,,129.7017,39.6547,-91.0459,-83.4307
95956,293.5824,51.2366,5.71,0.475,F7V,2.855,,25.113,6.2904,-14.4103,19.5816
95973,293.6454,19.7734,5.0,-0.093,B8IIIn,250.2649,,169.4915,63.9706,-146.1073,57.3392
95986,293.6719,42.4125,5.34,0.06,A2V,198.7925,,176.6784,52.3727,-119.4676,119.1631
95995,293.6931,63.4342,6.47,1.326,K2,64.1505,,168.9189,30.3568,-69.1773,151.0846
96000,293.7122,29.463,5.39,0.581,A0V+...,178.32,,171.2329,59.9547,-136.5016,84.2227
96014,293.7551,52.502,6.39,1.122,K0,27.1144,,105.8201,25.9487,-58.9586,83.955
96026,293.7802,-10.5604,5.12,1.122,G8III,153.4617,,140.2525,55.5961,-126.171,-25.7045
96039,293.8041,-48.0992,4.88,1.096,G9III,125.6609,,113.6364,30.6306,-69.4352,-84.5798
96049,293.8547,2.9136,6.37,0.414,F6IV,3.9409,,39.984,16.1494,-36.5211,2.0324
96054,293.8742,-7.4603,6.32,1.124,K0,35.5795,,117.3709,47.1014,-106.4197,-15.2393
96063,293.8894,-12.2531,6.27,1.089,K0III,28.5496,,102.7749,40.6729,-91.8294,-21.812
96085,293.9513,36.9445,6.03,-0.08,B8Vn,115.2391,,184.8429,59.9723,-135.0089,111.0983
96094,293.9831,50.2386,6.47,1.034,G9III,62.2874,,166.3894,43.2568,-97.2334,127.906
96104,294.0069,-24.7191,5.64,0.185,A1m...,39.3369,,90.2527,33.3544,-74.891,-37.7409
96114,294.0348,22.5858,6.33,-0.059,B9sp...,107.4484,,204.918,77.0603,-172.7978,78.702
96125,294.0654,14.3911,6.37,1.045,K0II-III,34.9623,,119.0476,47.0218,-105.2893,29.588
96137,294.1086,-18.8529,6.13,0.273,F0V,18.5353,,77.6398,30.012,-67.0655,-25.0885
96138,294.1106,50.2211,4.49,0.395,F4V,4.6817,,18.3352,4.7922,-10.7079,14.091
96156,294.1583,44.6949,5.17,0.928,K0III,12.4165,,40.833,11.8794,-26.4844,28.7192
96162,294.1768,-24.8836,4.59,-0.075,B8/B9V,42.9339,,58.1395,21.6007,-48.1159,-24.4637
96165,294.1803,-1.2866,4.36,-0.079,B5III,225.7356,,119.9041,49.1015,-109.3562,-2.6923
96179,294.2185,11.2732,5.98,0.881,G0Ib,487.9777,,371.7472,149.5553,-332.4876,72.6719
96180,294.2227,-7.0275,4.93,-0.046,B0.5III,2468.3117,,515.4639,209.898,-466.5498,-63.0646
96193,294.2639,-18.2311,5.66,1.237,K0III,70.3396,,121.8027,47.5411,-105.4689,-38.1059
96201,294.2901,29.3337,6.43,-0.087,B5V,329.9134,,375.9398,134.8168,-298.7242,184.1711
96212,294.3225,16.4628,5.67,1.007,G8IIIvar,101.953,,147.2754,58.1718,-128.7017,41.7368
96232,294.3934,-14.3018,5.46,0.501,F7V,5.326,,30.5623,12.231,-26.9714,-7.5498
96242,294.4201,35.0225,6.44,1.559,K5,1000.9215,,657.8947,222.7391,-490.5686,377.5648
96252,294.4471,-4.6476,5.45,0.429,F3IV,5.9484,,32.1543,13.2634,-29.1752,-2.6054
96268,294.4863,49.2844,6.47,0.99,G6V,44.2588,,140.2525,37.9192,-83.259,106.3054
96301,294.6081,-57.9833,6.19,0.973,K0III,76.9839,,162.6016,35.8969,-78.3764,-137.8689
96314,294.6715,54.9738,5.89,0.482,F6Vasv,6.415,,40.8831,9.7946,-21.3229,33.4787
96324,294.7041,3.3815,6.36,0.001,B3III,24888573.1828,,100000.0,41720.4899,-90689.6305,5898.4436
96359,294.7985,5.3978,5.18,-0.001,B3V + B3V,422.2795,,239.2344,99.8968,-216.2112,22.5047
96377,294.8442,30.1533,4.68,0.971,G8III-IV...,77.9112,,81.6327,29.6571,-64.054,41.0054
96382,294.8556,16.5711,6.37,1.918,M0Iab-Ib SB,24660393.3723,,100000.0,40287.4426,-86968.3926,28520.5304
96386,294.8603,42.8183,5.41,-0.063,B9III,238.7811,,200.0,61.6749,-133.1085,135.9351
96399,294.8939,45.9574,6.25,0.931,K0III,44.0149,,126.4223,36.9954,-79.7221,90.8753
96414,294.9241,-45.2786,6.24,0.293,Am,34.7056,,111.7318,33.1324,-71.299,-79.3895
96417,294.9372,33.9789,6.1,0.094,A3IV,71.0559,,149.925,52.4181,-112.7336,83.7913
96422,294.9561,-23.4277,6.33,0.034,A0V,24.9345,,98.7167,38.2173,-82.1215,-39.2489
96428,294.9673,-66.6855,6.37,0.037,A0Vn,26.3269,,103.3058,17.2581,-37.0653,-94.8705
96450,295.0241,18.0139,4.39,0.777,G0II,259.657,Sham,130.3781,52.4466,-112.3485,40.3191
96453,295.0299,-23.4291,5.97,1.038,K0III,43.0527,,109.8901,42.6602,-91.3608,-43.6938
96464,295.055,60.5071,6.49,0.212,A5V,53.4072,,155.521,32.4245,-69.3607,135.3681
96474,295.0779,-54.4178,6.24,1.001,K0III,37.6011,,116.2791,28.6774,-61.2813,-94.5676
96498,295.1715,43.0778,6.17,1.561,M2III,787.771,,515.4639,160.1398,-340.755,352.0573
96500,295.1805,-0.6212,5.64,0.123,A3IV,56.3378,,107.9914,45.9445,-97.7234,-1.1709
96501,295.1808,-16.2933,5.3,1.109,K1III,35.9418,,73.7463,30.1171,-64.0579,-20.6898
96519,295.209,45.5249,5.06,0.426,F5II,20.3049,,49.6278,14.8089,-31.4578,35.4122
96530,295.2622,17.476,4.39,1.041,G8II,277.4598,,134.7709,54.8604,-116.2562,40.4726
96533,295.273,13.8157,5.98,-0.078,B5V,35318316.9792,,100000.0,41458.0732,-87812.1708,23879.9251
96549,295.311,22.4528,6.43,1.481,K0Iab:,639.7348,,523.5602,206.8706,-437.4199,199.959
96575,295.4052,-65.8544,6.08,1.556,M0III,110.8664,,185.5288,32.5589,-68.5528,-169.2967
96588,295.4542,50.5251,5.99,0.643,G2V,1.5545,,21.0793,5.7596,-12.1001,16.2712
96594,295.4667,50.5175,6.25,0.661,G5V,1.2394,,21.2134,5.7998,-12.1778,16.3729
96600,295.4901,40.2541,6.22,0.182,A6V,18.8452,,81.5661,26.7896,-56.1907,52.7063
96610,295.5122,-9.1937,6.31,1.341,K2,33.2047,,112.8668,47.9876,-100.5531,-18.0329
96612,295.5173,55.4632,6.42,1.453,M5IIIa,235.9391,,316.4557,77.2867,-161.9094,260.6843
96624,295.5534,12.1933,6.33,-0.077,B9III,118.7955,,215.5172,90.8666,-190.0498,45.5194
96643,295.6297,-16.124,5.06,0.319,F3IV/V,24.322,,54.3183,22.5713,-47.0473,-15.0851
96650,295.6417,11.8266,5.28,0.575,F3V:+...,461.3176,,261.7801,110.8785,-230.9897,53.6519
96670,295.6858,32.4267,5.93,0.118,A5III,1341.5288,,602.4096,220.394,-458.2346,323.0246
96721,295.79,30.6779,6.08,0.003,A1V,39.8474,,111.2347,41.6223,-86.1384,56.7532
96722,295.7949,38.6717,6.37,1.22,K0,370.5101,,387.5969,131.6817,-272.4591,242.1927
96726,295.8098,58.0166,6.29,0.59,G0V,5.1904,,44.2087,10.195,-21.0803,37.4979
96756,295.8897,-15.4701,5.49,0.46,F5V,13.2801,,48.9237,20.5881,-42.4189,-13.0497
96760,295.9067,-37.5388,6.14,0.019,B8IV/V,115.7711,,194.9318,67.5326,-139.0362,-118.7716
96763,295.9146,57.0427,6.28,0.887,K2III,16.2032,,77.7605,18.4876,-38.0491,65.247
96770,295.9289,25.7719,5.5,0.939,G8III,56.8591,,101.7294,40.0572,-82.3888,44.2309
96774,295.9379,41.7731,5.86,1.598,M0III,120.5591,,174.8252,57.0289,-117.2491,116.4655
96780,295.9644,34.1627,6.04,-0.071,B8III,366.4376,,331.1258,119.9557,-246.3341,185.9421
96784,295.9832,27.1354,6.27,1.015,B7V + G1:III,1551.6723,,757.5758,295.3682,-606.0448,345.5264
96811,296.0691,37.3544,4.89,0.948,G8III,75.7182,,88.6525,30.9683,-63.3004,53.7893
96814,296.0767,69.3371,5.9,0.072,A2III,66.3743,,132.1004,20.4904,-41.8692,123.6027
96832,296.1425,13.3028,6.25,-0.041,B9III-IV,265.7052,,310.559,133.1622,-271.3087,71.4587
96835,296.1591,34.4142,6.39,1.521,M1III,214.3878,,297.619,108.2445,-220.3794,168.2056
96837,296.1721,8.7265,6.43,0.94,K0,51.1918,,148.1481,64.587,-131.4198,22.4768
96844,296.2044,40.7168,6.36,1.561,M3III,157.181,,251.2563,84.0926,-170.8656,163.8997
96858,296.2436,45.1308,2.86,-0.002,B9.5III,159.9558,Fawaris,50.5817,15.7795,-32.0066,35.8482
96920,296.4152,36.091,6.38,-0.049,B9.5V,220.3941,,300.3003,107.9562,-217.3313,176.8978
96921,296.4164,7.6132,5.89,0.18,A3IV,11.0357,,53.6193,23.6445,-47.5973,7.1037
96933,296.464,35.0128,6.14,1.07,A2V+...,49.9804,,128.041,46.7332,-93.88,73.4646
96935,296.4676,-2.8835,6.47,0.016,B3III,295.1209,,362.3188,161.2782,-323.9322,-18.2263
96951,296.5051,-31.9086,5.51,0.024,B8III,258.464,,217.8649,82.5362,-165.5053,-115.1558
96970,296.5649,10.6133,2.72,1.507,K3II,1042.3174,Tarazed,121.0654,53.2156,-106.4319,22.2977
96981,296.5906,-19.7611,4.87,1.061,K0III,39.7741,,63.6537,26.8143,-53.5689,-21.5213
96986,296.6067,33.7276,5.0,0.476,F5,3.9264,,21.2314,7.9083,-15.7879,11.7886
96998,296.6459,32.8886,6.18,1.172,K2,43.3711,,121.5067,45.7591,-91.1962,65.979
97017,296.6861,68.438,6.34,0.309,F0III,77.7678,,175.1313,28.9052,-57.5063,162.8757
97056,296.8469,18.5343,3.68,1.313,M2II + B6,974.5407,,182.1494,77.9937,-154.0875,57.9002
97063,296.8618,47.9076,6.14,1.64,M2III,273.1492,,299.4012,90.683,-179.0418,222.175
97067,296.8657,38.4076,5.83,-0.087,B8Vn,85.1922,,144.9275,51.321,-101.3093,90.0365
97093,296.9522,25.3841,6.0,0.993,K0II-III,55.8213,,126.9036,51.9656,-102.1987,54.4015
97112,297.0048,-56.3626,5.33,0.196,A9Vn,15.7761,,49.554,12.464,-24.4568,-41.2567
97115,297.0126,-13.7036,6.11,0.193,A6:IIIm...,13.44,,65.4879,28.897,-56.6828,-15.514
97124,297.0428,70.2679,3.84,0.888,G8III,52.1915,,45.3721,6.9647,-13.6438,42.7079
97144,297.1271,10.6941,6.44,0.932,F8Ib-II,326.8888,,375.9398,168.4388,-328.7742,69.7614
97163,297.1752,11.8159,5.75,0.546,F2V:+...,108.6426,,157.7287,70.5104,-137.3444,32.2977
97174,297.2091,-12.3194,6.47,1.676,K5III,649.8304,,537.6344,240.1666,-467.132,-114.7105
97175,297.2108,33.4373,6.42,0.129,B0.5Ibvar,23550492.839,,100000.0,38158.3633,-74213.6529,55102.3868
97181,297.2295,-52.8881,6.27,1.131,K1III,219.3815,,284.9003,78.6545,-152.8513,-227.1962
97186,297.2444,19.142,5.01,0.095,A3V,52.7716,,78.1861,33.8136,-65.6688,25.6381
97189,297.2592,-10.8708,6.0,1.233,K5III,32.2404,,96.432,43.3749,-84.1843,-18.1865
97204,297.2983,-28.789,6.04,0.403,F3V,7.2044,,46.4253,18.6601,-36.1558,-22.3577
97224,297.3554,-72.5034,5.39,0.234,A4III,11.5771,,43.63,6.0275,-11.6505,-41.6114
97228,297.3646,38.7101,6.12,0.906,G6III,142.9552,,214.5923,76.9688,-148.7128,134.2019
97259,297.4726,-66.8131,6.44,1.482,K4III,220.1912,,308.642,56.0612,-107.8185,-283.7115
97261,297.478,28.4397,6.45,-0.104,B5V,841.7827,,606.0606,245.8939,-472.8008,288.6262
97262,297.4826,27.0852,6.46,0.937,G8III,46.9894,,143.8849,59.1178,-113.6486,65.5129
97287,297.5586,-47.5574,5.91,1.678,M1III,627.4802,,408.1633,127.4381,-244.1966,-301.2056
97296,297.5728,7.9024,6.49,-0.086,B2.5IVe,618.3011,,529.1005,242.5821,-464.5531,72.7441
97300,297.5906,-61.0611,6.21,-0.135,B5V,231.8462,,284.9003,63.8484,-122.1794,-249.3266
97319,297.6416,38.7224,5.18,1.665,M2IIIa,332.6596,,212.3142,76.8491,-146.7389,132.8127
97323,297.6555,40.5998,5.68,-0.058,B1III,1962.4563,,649.3506,228.8445,-436.7078,422.5786
97324,297.6572,52.988,5.03,1.286,K3IIIvar,32.6588,,62.0732,17.345,-33.0974,49.566
97335,297.6866,-59.1937,5.41,0.082,A0IV,43.0923,,84.9618,20.2173,-38.5301,-72.974
97338,297.6958,8.8683,0.76,0.221,A7IV-V,11.3763,Altair,5.1295,2.3556,-4.4875,0.7908
97339,297.6949,-10.7635,5.38,0.402,F0V,4.7687,,27.8707,12.7254,-24.2435,-5.205
97340,297.6953,37.8263,6.13,1.626,M3III,2032.357,,813.0081,298.4625,-568.6008,498.5935
97363,297.7548,-65.6051,6.04,0.317,F2III-IV,11.2099,,57.9039,11.1373,-21.1641,-52.7343
97365,297.7568,10.4157,5.12,0.563,F8V,2.8708,,19.1902,8.79,-16.7022,3.4694
97368,297.7671,22.61,4.9,-0.153,B2.5V,355.7951,,193.0502,83.0256,-157.6914,74.2195
97376,297.7962,-2.461,6.12,1.573,K5III,104.9059,,183.8235,85.6431,-162.4624,-7.8932
97386,297.8239,9.6299,6.25,0.102,A1m,22.1208,,89.6057,41.2346,-78.1294,14.9895
97389,297.8307,47.3772,6.22,0.398,F2V,11.0561,,62.5,19.759,-37.4275,45.9893
97398,297.8618,4.0886,6.47,1.345,K0...,1310.9919,,763.3588,355.8408,-673.1505,54.4271
97438,297.9608,-39.8744,5.32,-0.045,A0p,55.4115,,92.4214,33.2563,-62.6493,-59.2519
97446,297.9961,47.0273,5.6,-0.078,O9.5Ia,50118723.3627,,100000.0,31997.421,-60188.229,73167.9038
97454,298.0066,24.9922,5.54,0.68,A1Iab,1421.6739,,518.1347,220.521,-414.6238,218.9089
97456,298.0143,11.6283,6.16,0.642,G0V,2.1203,,26.617,12.2452,-23.016,5.365
97464,298.0299,47.9318,5.91,-0.174,B2III,980.8441,,510.2041,160.6435,-301.7469,378.7489
97472,298.05,-19.045,5.88,0.979,K0III,51.9996,,115.8749,51.5067,-96.6663,-37.8112
97478,298.0684,36.4323,6.13,1.434,K4III,144.6772,,216.9197,82.1183,-153.9983,128.8226
97485,298.0907,18.6719,6.24,-0.031,O8e,27797132.6776,,100000.0,44608.5425,-83577.0936,32014.7991
97493,298.1182,1.0057,3.87,0.63,F6Ibv SB,4425.8837,,423.7288,199.6693,-373.6616,7.4369
97505,298.1571,-54.971,5.76,0.915,G8/K0III,128.5879,,172.4138,46.7002,-87.2522,-141.1831
97534,298.2552,47.8077,6.3,-0.126,B0.5IIIn,664.3547,,502.5126,159.7714,-297.2843,372.3091
97538,298.2766,-14.6032,6.47,0.149,A1V,31.886,,119.0476,54.5744,-101.4548,-30.0147
97559,298.3224,57.5235,5.14,-0.125,B5V,288.6689,,194.1748,49.4657,-91.7818,163.8081
97560,298.3281,-3.1145,5.63,0.231,A5pvar,31.304,,80.1282,37.9662,-70.4283,-4.3534
97575,298.3654,24.0796,4.57,-0.047,B9.5III,136.1445,,102.5641,44.4872,-82.3962,41.8467
97581,298.3975,59.7087,6.06,0.033,A3V,35.6123,,104.1667,24.988,-46.219,89.945
97617,298.5345,-8.5742,5.76,1.664,K5III,162.48,,193.7984,91.5404,-168.3548,-28.8935
97627,298.562,8.4615,4.71,1.023,K0III,36.0413,Libertas,56.2746,26.6126,-48.888,8.2805
97633,298.574,-23.9411,6.22,1.017,K3/K4V,0.5587,,14.0489,6.1414,-11.2763,-5.701
97650,298.6295,24.3194,5.56,-0.018,A0III,108.243,,144.3001,63.0052,-115.4184,59.4261
97655,298.6569,-8.2273,5.7,-0.079,B7Vn,100.0,,147.929,70.2112,-128.4728,-21.1687
97656,298.6586,-8.237,6.49,-0.04,B8V,53.555,,155.7632,73.9318,-135.2711,-22.316
97659,298.6675,7.1404,6.14,0.043,A2V,20.3798,,81.7661,38.9211,-71.1867,10.1636
97660,298.6685,-61.1708,6.21,0.163,A3V,37.8443,,115.0748,26.6204,-48.6867,-100.8125
97669,298.6867,0.2736,5.6,0.098,A0III,65.0429,,113.8952,54.6713,-99.9143,0.5439
97674,298.701,36.9957,5.79,0.773,Fp,572.796,,369.0037,141.5344,-258.5066,222.0497
97700,298.7713,-33.0463,6.47,1.487,K2/K3III,301.7172,,366.3004,147.7848,-269.139,-199.7494
97721,298.8154,-41.8683,4.12,1.063,K0III,60.8695,,55.7414,20.0072,-36.3697,-37.203
97725,298.8283,6.4068,3.71,0.855,G8IVvar,5.3604,Alshain,13.6986,6.564,-11.926,1.5286
97727,298.8312,-6.7348,6.49,0.391,F2V,14.7911,,81.8331,39.1902,-71.1947,-9.5969
97733,298.8419,58.2502,6.1,1.021,G9III,57.1216,,134.4086,34.1184,-61.9539,114.2949
97744,298.9075,52.4389,4.91,0.124,A4Vn,70.4693,,86.2813,25.4255,-46.044,68.3956
97755,298.9598,-26.2995,4.7,0.748,G3/G5III,7.7553,Terebellum,25.9875,11.2806,-20.3844,-11.5141
97757,298.9657,38.4867,4.95,-0.086,B5IV,1784.8429,,442.4779,167.7327,-303.0257,275.3686
97762,298.9808,58.846,4.98,1.584,K5II-III,700.1644,,280.8989,70.4101,-127.1237,240.3875
97774,299.0053,16.6348,5.71,0.903,G5Ibv SB,45289757.9904,,100000.0,46459.6728,-83797.3247,28627.0359
97775,299.0068,-81.3498,6.39,1.402,K3/K4III,125.0835,,227.2727,16.5753,-29.8943,-224.6875
97792,299.0594,11.4237,5.28,0.014,A1IV,30.4789,,67.2948,32.0386,-57.6582,13.3286
97799,299.0766,35.0834,3.89,1.019,K0IIIvar,41.4572,,41.3736,16.4536,-29.5898,23.7802
97800,299.0793,56.687,6.16,0.09,A4Vn,17.5227,,76.5111,20.423,-36.724,63.939
97832,299.1839,36.2506,6.03,-0.14,B5IV,341.9794,,318.4713,125.2329,-224.2255,188.3178
97835,299.1882,50.9025,6.46,0.003,A1V,24.8428,,104.6025,32.1706,-57.5904,81.1793
97851,299.2368,-27.1699,4.54,1.462,K3III,866.1637,,255.102,110.8485,-198.0412,-116.4874
97863,299.2762,-58.9014,5.24,0.014,B9.5IV,50.9096,,85.3971,21.5701,-38.4748,-73.1238
97883,299.3078,40.3678,5.46,-0.09,B5V,659.4775,,340.1361,126.8544,-225.9799,220.3035
97923,299.4394,16.7892,5.54,-0.048,B9III,103.2761,,139.6648,65.7195,-116.4462,40.3423
97941,299.4838,42.2608,6.44,0.095,A3V,245.2449,,325.7329,118.6504,-209.8521,219.0573
97947,299.4876,-15.4915,5.01,0.055,A2V,57.2269,,81.4332,38.6281,-68.3093,-21.7504
97997,299.6197,63.5341,6.15,0.035,A3V,56.65,,136.9863,30.1734,-53.0722,122.6301
98009,299.6431,38.1057,6.33,-0.09,B5IV,496.5923,,440.5286,171.4471,-301.273,271.8564
98014,299.6582,30.9837,5.51,-0.06,B9Vn,110.7643,,142.6534,60.5165,-106.2767,73.4371
98021,299.6717,-69.164,5.74,0.224,Am,21.6571,,70.1262,12.3478,-21.6728,-65.5401
98022,299.6742,70.3669,6.32,0.868,G8III,49.2493,,138.1215,22.9752,-40.3219,130.0916
98026,299.6893,19.4921,3.51,1.571,K5III,215.7744,,79.2393,36.9976,-64.8919,26.4404
98035,299.7206,-68.7626,6.38,0.164,A2V,27.3149,,105.7082,18.9836,-33.254,-98.5293
98040,299.7351,-30.5384,6.27,1.051,K1III,9.367,,58.8582,25.1437,-44.019,-29.9068
98042,299.7383,-26.1958,4.84,0.882,G8II/III,93.1537,,96.0615,42.7562,-74.8432,-42.4053
98064,299.7939,23.1013,5.68,0.345,F0,11.2305,,49.1159,22.4478,-39.2058,19.271
98068,299.8139,52.0557,6.14,-0.183,B5III,173.6201,,238.6635,72.9634,-127.3295,188.2121
98072,299.8351,45.7725,5.92,0.185,A5III,71.978,,138.8889,48.1964,-84.0363,99.5245
98074,299.8443,1.3777,6.17,1.129,G8III,164.1345,,235.2941,117.0592,-204.0305,5.6572
98090,299.9028,76.4814,6.2,1.61,M3III,75.024,,161.2903,18.7963,-32.684,156.8216
98101,299.9341,-35.2763,4.37,-0.15,B2.5IV,393.3689,,158.9825,64.7654,-112.4757,-91.8156
98105,299.9473,-9.9582,5.87,0.598,F8V,1.9266,,22.2025,10.9166,-18.9483,-3.8395
98110,299.9639,-34.6978,5.3,0.17,A4/A5IV,15.5453,,48.4966,19.9144,-34.5429,-27.6066
98114,299.98,37.0429,5.15,-0.133,B3IV,1243.9416,,404.8583,161.4781,-279.9141,243.8917
98127,300.0138,17.5165,5.33,1.576,M4IIIa,627.4802,,312.5,149.0668,-258.0479,94.0564
98147,300.064,26.1879,6.49,1.132,G8II,1412.5375,,800.0,359.6348,-621.3022,353.0529
98150,300.0664,-37.7017,5.95,0.989,G8/K0III,42.1502,,107.7586,42.7151,-73.7872,-65.8999
98159,300.0843,-33.7035,5.65,0.498,F7V,2.1617,,21.2495,8.8615,-15.2965,-11.7912
98167,300.0963,-66.9494,5.75,1.033,K0IV,23.4207,,73.2601,14.384,-24.8175,-67.411
98171,300.1056,-49.3509,6.18,1.056,K0III,31.6228,,103.7344,33.8954,-58.4593,-78.7047
98174,300.1103,-43.0433,6.11,1.634,M0III,360.0808,,338.9831,124.2838,-214.3117,-231.3732
98184,300.1477,-72.9105,3.97,-0.032,A0V,23.3346,,32.2165,4.7548,-8.1867,-30.794
98201,300.2014,-45.1129,5.8,0.295,A8III,27.5931,,81.367,28.8854,-49.6274,-57.6484
98215,300.2457,8.5577,5.9,1.529,K5III,171.3957,,212.3142,105.7541,-181.3704,31.5936
98232,300.2752,27.7536,4.66,0.184,A4III,62.5749,,72.4638,32.3301,-55.3814,33.7442
98252,300.3138,37.099,6.23,1.314,K0III,183.4848,,255.7545,102.9601,-176.0979,154.2696
98260,300.3398,50.1047,5.06,1.122,K1II-III,146.1504,,133.1558,43.1401,-73.7078,102.1595
98263,300.3494,-22.7373,6.01,0.981,K0III,39.8107,,107.6426,50.162,-85.6724,-41.6046
98268,300.3616,-40.8143,6.31,0.113,A2/A3V,26.0136,,99.9001,38.2162,-65.2382,-65.2957
98272,300.3689,64.821,5.22,1.598,M1III,230.9936,,180.1802,38.7553,-66.139,163.06
98297,300.4363,24.8004,5.88,-0.134,B4V,424.6196,,331.1258,152.2716,-259.1644,138.8936
98298,300.4364,-59.3759,4.95,1.356,M6III,193.7314,,145.7726,37.6173,-64.0239,-125.4414
98313,300.4685,-66.944,5.32,1.218,K2IVCN...,34.0722,,72.4638,14.39,-24.4602,-66.6756
98321,300.4942,-13.6372,5.69,0.079,A1IV,38.1944,,90.9918,44.8721,-76.1955,-21.4534
98324,300.5059,24.938,5.23,0.374,F2III,32.5687,,67.981,31.2916,-53.1099,28.6634
98346,300.5841,64.6344,6.27,0.927,G7III:,33.0217,,110.4972,24.0848,-40.7509,99.8445
98375,300.6645,-27.7098,4.43,1.64,M4III,278.4838,,137.5516,62.1071,-104.7482,-63.9607
98388,300.7034,31.9588,6.39,1.205,K1III,198.7925,,286.533,124.1267,-209.0252,151.6647
98389,300.7044,67.8736,4.51,1.313,K3III,236.1566,,131.406,25.2722,-42.5558,121.7286
98425,300.8183,18.501,5.99,1.42,K3Iab:,215.3773,,248.139,120.5559,-202.0874,78.7397
98441,300.8751,16.0313,5.73,-0.095,B9MNp...,170.2943,,195.6947,96.5188,-161.4306,54.0434
98448,300.8894,-37.9407,4.77,1.417,K4III,135.8939,,112.3596,45.4919,-76.0434,-69.0838
98454,300.9056,29.8968,5.73,0.749,G6IV+...,1.1179,,15.8579,7.0611,-11.7956,7.9042
98459,300.9117,22.9411,6.45,1.028,K2,49.8425,,147.4926,69.7764,-116.5341,57.4903
98472,300.9346,-22.5956,6.44,0.503,F7V,8.6377,,61.1247,29.0098,-48.4054,-23.4856
98504,301.026,17.0702,5.8,0.6,G1V,1.3158,,17.7683,8.7548,-14.5555,5.2158
98508,301.0346,7.278,5.51,1.063,K0III,109.2446,Tianfu,141.6431,72.4366,-120.3899,17.9438
98527,301.0816,-32.0563,4.99,1.208,K1III/IV,69.8232,,89.1266,38.9967,-64.6925,-47.3041
98529,301.0965,-0.7093,5.67,1.301,K4III,76.8422,,127.8772,66.041,-109.4927,-1.5831
98543,301.12,48.2297,6.16,0.037,A2IV,100.7395,,183.4862,63.1717,-104.6384,136.8479
98548,301.1507,32.2186,5.62,0.76,B1.5Ia comp,49203953.5681,,100000.0,43763.8776,-72403.2043,53315.0919
98557,301.1855,63.8902,6.24,0.1,A2II-III,17.4261,,79.1766,18.0431,-29.8098,71.0968
98575,301.2225,68.0272,6.32,1.649,M3IIIa,283.1392,,331.1258,64.2233,-105.9513,307.0733
98594,301.2726,-11.5994,6.38,0.543,F1III,1283.5122,,724.6377,368.4842,-606.7045,-145.7014
98599,301.2781,51.8394,6.14,1.601,M1IIIa,146.5548,,219.2982,70.3492,-115.8038,172.4302
98604,301.2896,19.9911,5.09,1.058,K2III,19.3731,,49.1642,23.9955,-39.482,16.8079
98605,301.2906,38.4785,6.18,0.654,G5IV,1.0375,,18.7899,7.6398,-12.5699,11.6915
98630,301.3396,56.3414,6.19,0.437,F4V,7.4817,,50.7099,14.618,-24.005,42.2086
98638,301.3606,15.5004,6.37,1.615,M2  comp,39.3007,,126.2626,63.3199,-103.8953,33.7431
98643,301.3832,-67.3209,6.07,0.648,G2V,1.0214,,17.7274,3.5595,-5.8352,-16.3567
98646,301.3867,61.9954,5.4,1.191,K3III,16.734,,52.687,12.8842,-21.1188,46.5179
98708,301.5509,-4.0782,6.47,1.156,K0,28.0802,,111.7318,58.3163,-94.974,-7.9462
98710,301.5573,53.1657,5.81,0.445,F5V,5.5208,,36.5631,11.4717,-18.6781,29.2641
98715,301.5908,35.9725,5.38,0.85,K0IV,3.5188,,23.9464,10.1521,-16.5079,14.066
98764,301.7225,23.6144,5.08,-0.162,B3V,193.1968,,154.5595,74.4631,-120.46,61.9134
98804,301.8465,-52.8808,4.93,1.591,M1II,1018.5914,,331.1258,105.4374,-169.7454,-264.0336
98821,301.8962,-55.016,6.26,0.53,F8V,1.4983,,23.4302,7.0981,-11.4053,-19.1967
98829,301.9227,34.4229,6.12,0.117,B5Ib,878.2133,,531.9149,232.0103,-372.4115,300.6898
98842,301.9599,9.3998,6.43,0.463,F3V,3.6174,,39.3701,20.5598,-32.9538,6.43
98855,302.0076,-0.6782,5.97,1.023,K1IV,7.856,,46.9484,24.8824,-39.8084,-0.5557
98860,302.0271,16.6644,6.39,1.72,M3III,570.6897,,485.4369,246.6249,-394.2673,139.2064
98872,302.0398,-52.5778,6.47,0.682,G3V,7.0599,,56.0224,18.0606,-28.8583,-44.4918
98884,302.0853,-66.3547,6.45,1.587,K5III,254.4486,,333.3333,71.0143,-113.2709,-305.3486
98905,302.1303,-10.0626,6.18,0.031,B9.5III,84.4112,,169.4915,88.7568,-141.3244,-29.6142
98918,302.1595,10.7259,6.34,-0.136,B3IV,748.8589,,543.4783,284.2274,-452.0539,101.1469
98924,302.1774,-66.1821,3.55,0.751,G5IV-Vvar,1.2359,,6.1084,1.3137,-2.0879,-5.5882
98939,302.2222,77.7114,4.38,-0.046,B9III,143.6151,,96.5251,10.9541,-17.3799,94.3135
98953,302.266,-47.0679,6.46,1.463,K5III,69.8876,,175.4386,63.7933,-101.0438,-128.4494
98977,302.3432,56.0268,6.49,0.938,K0,232.7019,,324.6753,97.0631,-153.2828,269.253
98986,302.3567,36.8396,4.93,-0.139,B2.5V,935.8365,,317.4603,135.9749,-214.6202,190.3419
99087,302.6397,26.9042,5.51,0.087,A3III,91.8756,,129.8701,62.4646,-97.5241,58.7662
99127,302.7648,21.1346,6.24,0.894,K0,62.1155,,149.4768,75.4542,-117.2403,53.8953
99135,302.7809,-57.5242,6.36,0.057,A1V,63.7382,,160.0,46.5146,-72.2293,-134.979
99139,302.792,-8.8423,6.39,-0.135,B1V,1234.8096,,714.2857,382.2528,-593.3223,-109.7972
99143,302.7995,-36.1012,5.32,0.868,K2V,0.2346,,6.015,2.6327,-4.0852,-3.5441
99156,302.8262,-0.8215,3.24,-0.066,B9.5III,339.4689,Antinous,87.7963,47.5888,-73.7693,-1.2587
99161,302.8376,21.8749,6.24,-0.048,B1Ib,27797132.6776,,100000.0,50321.6167,-77971.5481,37258.1882
99182,302.8951,62.0785,5.7,0.53,F5V,10.6856,,48.3559,12.2976,-19.0127,42.7268
99200,302.9499,26.809,5.51,1.397,K3II-III,1020.4694,,432.9004,210.1488,-324.2211,195.2457
99211,302.9912,-12.3924,6.34,1.209,K0III,52.4807,,143.8849,76.5215,-117.8722,-30.8785
99213,303.0029,26.4788,5.91,-0.107,B7Ve...,229.7206,,246.9136,120.3813,-185.3503,110.0906
99252,303.0994,-42.7801,6.2,1.228,K2III,28.8935,,100.1001,40.1215,-61.5477,-67.9866
99254,303.1078,-12.6175,5.84,0.476,F5V,3.0818,,27.7008,14.7652,-22.6431,-6.051
99261,303.1322,51.4636,6.01,1.139,K1III:,38.7258,,106.1571,36.1487,-55.384,83.0374
99268,303.1464,0.8671,6.25,0.042,A0,89.7016,,180.5054,98.6854,-151.1156,2.7315
99306,303.2684,-0.3308,6.47,1.532,K5,92.1298,,202.4291,111.043,-169.2502,-1.1687
99312,303.3078,-1.0093,5.44,1.43,K5III,273.1492,,216.9197,119.1002,-181.2586,-3.8211
99320,303.3252,46.8157,4.8,0.1,A5IIIn,367.1132,,187.2659,70.4071,-107.0819,136.546
99336,303.3493,56.5677,4.28,0.114,A3IV-Vn,40.2903,,48.8281,14.7891,-22.4721,40.7489
99344,303.365,60.6406,5.81,1.476,K5III,130.7374,,177.9359,47.9792,-72.8612,155.082
99347,303.3849,-47.7132,6.47,1.249,K2III,87.1766,,196.8504,72.8816,-110.5941,-145.6273
99356,303.4079,46.7413,3.8,1.27,K2II+...,1931.9683,,271.0027,102.2547,-155.0307,197.3624
99366,303.4284,43.379,6.13,1.489,K4III,134.0294,,208.7683,83.5918,-126.637,143.3865
99400,303.5203,36.6049,6.47,-0.014,A0V,432.5138,,438.5965,194.436,-293.5345,261.5321
99419,303.5605,28.6948,5.19,0.191,A7IVn,60.7575,,91.1577,44.2047,-66.633,43.7688
99423,303.5692,15.1976,4.94,0.072,A2V,19.4626,,45.977,24.5336,-36.9691,12.0528
99428,303.5793,-52.4458,5.65,1.497,K4III,211.2516,,210.084,70.8225,-106.6802,-166.5497
99443,303.6122,-63.4158,6.09,0.308,F0IV,16.0546,,70.922,17.5695,-26.4319,-63.424
99451,303.6334,36.8063,4.93,0.151,A2V,16.9356,,42.6985,18.9355,-28.4642,25.5812
99505,303.8162,25.592,4.79,-0.181,B3V,976.3376,,303.9514,152.5628,-227.756,131.2946
99507,303.8221,-27.033,5.73,0.878,K3V,0.3532,,8.9111,4.4181,-6.5943,-4.0501
99523,303.8491,33.7291,5.7,0.926,K0III,43.411,,97.4659,45.1508,-67.3207,54.1196
99529,303.868,47.7142,3.96,1.451,K3Ib-II comp,2392.2138,,324.6753,121.7387,-181.385,240.1941
99534,303.876,23.5089,5.18,1.016,G2Ib SB,2553.8771,,588.2353,300.6661,-447.8434,234.6421
99550,303.9302,50.2329,6.36,0.096,A2Vn,30.7893,,111.2347,39.7165,-59.0372,85.5007
99554,303.9422,27.8142,4.5,1.258,K3III,148.8675,,103.8422,51.2822,-76.1945,48.4534
99558,303.9609,-30.0053,6.3,1.513,K4III,245.9235,,305.8104,147.9385,-219.6514,-152.9296
99569,304.0026,45.5795,5.87,0.447,F5V:,4.5878,,34.2583,13.4092,-19.8781,24.4681
99573,304.0143,38.898,6.28,0.006,A1V,45.9198,,130.8901,56.9845,-84.4375,82.1906
99574,304.025,4.5808,6.44,0.867,G5,9.9541,Chechia,65.6168,36.5989,-54.209,5.2405
99593,304.0824,21.5987,6.11,1.039,K1III,32.3594,,101.626,52.951,-78.2599,37.4089
99598,304.095,-12.3371,6.3,0.005,B9IV,48.5736,,135.8696,74.4052,-109.9166,-29.0303
99600,304.0984,-36.4536,6.3,1.467,M4III,266.6859,,318.4713,143.6066,-212.119,-189.2265
99609,304.1173,37.0564,6.47,-0.097,B6III,1027.0699,,675.6757,302.4415,-446.4138,407.1627
99631,304.1962,24.6711,5.3,0.951,G8III,119.0145,,134.2282,68.5538,-100.8883,56.028
99648,304.2304,40.3651,5.27,1.65,K5II,1584.8932,,483.0918,207.055,-304.3252,312.8771
99695,304.3711,42.7221,6.32,1.632,K4II:,893.717,,588.2353,243.9699,-356.6953,399.0839
99696,304.3788,66.8537,5.91,0.602,G3V,1.1631,,17.5685,3.8995,-5.6995,16.1543
99697,304.3814,29.1476,6.24,1.01,G9III,44.8745,,127.0648,62.6671,-91.5868,61.8883
99706,304.4119,-12.5082,4.3,0.928,G3Ib,505.359,,174.5201,96.2872,-140.561,-37.7975
99723,304.4467,38.0329,4.77,0.377,B2pe,107646521.363,,100000.0,44552.9378,-64954.3514,61611.4272
99741,304.5058,-21.81,5.86,1.002,G8III,37.1193,,96.9932,51.0127,-74.2078,-36.0358
99743,304.5136,-12.5449,3.58,0.883,G6/G8III,33.9156,Algedi,32.4465,17.9453,-26.0974,-7.0475
99748,304.5291,40.7321,5.83,0.073,O9V,1436.1507,,595.2381,255.6681,-371.5947,388.4064
99775,304.6031,55.3971,5.76,0.118,A2Vs,35.416,,90.4977,29.1851,-42.3013,74.4893
99786,304.6194,36.9998,5.58,0.056,A2V,19.9343,,62.5,28.3577,-41.0771,37.6133
99799,304.6628,34.9828,5.14,0.66,F5Ib,7217.7195,,970.8738,452.4147,-654.2771,556.6312
99819,304.707,46.3222,6.46,-0.123,B2V,1429.5521,,793.6508,312.0751,-450.5769,573.9958
99828,304.7332,-47.7108,6.28,1.657,M1III,241.6573,,300.3003,115.1272,-166.0591,-222.1494
99832,304.7397,39.0042,6.35,1.871,K5Ib,25118864.3151,,100000.0,44283.0198,-63858.1108,62937.714
99842,304.7625,-63.2307,6.27,1.045,K0III,46.2168,,130.719,33.5695,-48.3677,-116.7095
99861,304.8241,-47.5803,6.13,0.469,F5V,2.9134,,30.7692,11.8527,-17.0384,-22.7145
99873,304.8483,-19.1185,5.28,1.394,K2III,795.0602,,343.6426,185.5289,-266.4611,-112.551
99885,304.8721,13.2168,6.2,1.648,M1III,137.5308,,218.3406,121.5287,-174.3884,49.9205
99898,304.9029,62.2575,5.71,-0.043,B9V,60.8135,,115.8749,30.8636,-44.2371,102.5549
99909,304.9303,-1.0785,6.05,1.093,K0,48.0839,,120.4819,68.9732,-98.7595,-2.2678
99926,304.9835,46.8373,6.49,-0.084,B9p Si,277.7154,,354.6099,139.0803,-198.7489,258.6575
99932,305.0008,13.5481,5.96,0.299,A5m,23.206,,80.3213,44.7893,-63.9639,18.8162
99937,305.025,68.8803,5.59,1.472,M5III,213.2063,,205.3388,42.4637,-60.5882,191.5462
99944,305.0634,39.4032,6.22,0.06,A1V,92.2147,,180.5054,80.1266,-114.1635,114.5801
99950,305.0855,14.5693,6.17,0.926,G8III,85.7433,,170.068,94.6114,-134.6908,42.7806
99952,305.0892,17.7929,5.82,1.5,K5III,114.3931,,167.2241,91.5308,-130.2874,51.1
99971,305.1277,53.5957,6.23,1.547,K5,1030.8607,,606.0606,206.9625,-294.1759,487.7873
99976,305.1346,-55.0509,6.27,1.617,M0/M1III,215.7744,,282.4859,93.1283,-132.3381,-231.5427
99985,305.1659,-12.7591,4.77,-0.047,B9IV,64.8634,Alshat,77.6398,43.6122,-61.9024,-17.1469
100000,305.1939,-14.7849,6.09,-0.016,B9.5III/IV,34.5462,,104.0583,57.9879,-82.2215,-26.5547
100007,305.2162,-35.6737,6.46,1.311,K3III,28.9734,,112.9944,52.9326,-74.9917,-65.8947
100020,305.2528,-14.7814,3.05,0.79,A5:n,526.7445,Dabih,100.2004,55.9202,-79.1171,-25.5643
100032,305.298,63.9801,5.69,1.561,K5III,213.4027,,215.0538,54.5127,-76.9967,193.2564
100053,305.3682,-66.7497,6.49,0.505,F6V,4.3974,,44.6229,10.196,-14.364,-40.999
100086,305.4215,-49.9994,6.26,0.549,G2IV-V,2.6254,,31.0174,11.5557,-16.2476,-23.7605
100108,305.5127,41.1321,6.38,1.016,G5II+...,397.3745,,403.2258,176.4188,-247.2137,265.241
100109,305.5143,24.4461,5.5,-0.09,B8IIIn,513.807,,305.8104,161.7212,-226.6052,126.5557
100111,305.5223,45.795,5.58,1.077,K0IIIvar,78.7771,,124.2236,50.3234,-70.4927,89.0496
100128,305.5571,40.2567,2.23,0.673,F8Ib,35253.3181,Sadr,561.7978,249.3183,-348.7956,363.041
100143,305.6146,-42.0495,5.6,0.002,A0V,21.918,,66.1376,28.5991,-39.9253,-44.2972
100160,305.6555,31.265,6.09,1.363,K2,100.0,,176.9912,88.1872,-122.927,91.8578
100175,305.6887,41.026,5.95,1.632,M0III,243.6688,,259.0674,114.0181,-158.7388,170.0523
100185,305.7182,14.5511,6.16,0.498,F8V,2.0625,,26.2536,14.8352,-20.6315,6.596
100189,305.7313,42.9835,6.2,0.957,K0IIIvar,30.5914,,102.9866,43.9973,-61.1582,70.2151
100198,305.7533,-9.6547,6.29,0.913,G5II-III,67.9829,,160.0,92.1633,-128.0074,-26.8336
100215,305.7946,5.343,5.3,0.983,G8III-IV,37.7398,,75.5858,44.0166,-61.0427,7.0384
100248,305.9349,37.4764,5.87,-0.173,B2Vne,672.9767,,414.9378,193.2524,-266.626,252.4628
100260,305.9651,32.1902,4.43,1.331,K3III,86.457,,76.6284,38.0855,-52.4875,40.8223
100264,305.9716,-42.4229,5.64,0.201,A3V,44.0555,,95.511,41.4135,-57.0602,-64.4314
100325,306.1348,53.5519,6.49,-0.025,B9.5III,930.6792,,649.3506,227.4868,-311.5642,522.3348
100338,306.1562,1.0684,6.14,-0.036,B9V,186.7239,,247.5248,146.0116,-199.8195,4.6154
100346,306.174,1.3686,6.41,1.605,K5,130.9785,,234.7418,138.5143,-189.4362,5.6065
100372,306.2284,-83.3106,6.15,0.203,A2/A3m...,17.2982,,75.7002,5.2115,-7.1132,-75.1849
100388,306.2709,59.6001,6.44,0.094,A3III,146.0158,,251.2563,75.2187,-102.5071,216.7122
100412,306.3618,-28.6633,5.86,1.101,G8II/III,93.3254,,153.8462,80.0349,-108.7084,-73.794
100425,306.4119,-56.7351,1.94,-0.118,B2IV,438.5307,Peacock,54.8246,17.8502,-24.201,-45.8412
100428,306.4189,21.4096,5.68,0.921,G6III,98.9008,,145.7726,80.5709,-109.2084,53.2119
100432,306.4272,-2.8004,6.1,1.193,K1III:,82.0352,,161.0306,95.5059,-129.4124,-7.8674
100436,306.4338,10.056,6.32,1.571,K5IIIvar,137.1513,,230.4147,134.7396,-182.5308,40.2329
100438,306.4498,-40.7962,6.08,1.364,K3III,35.3834,,104.8218,47.1457,-63.8307,-68.4874
100453,306.5049,19.8655,6.45,1.037,K0III,74.4046,,180.1802,100.8091,-136.2116,61.2276
100455,306.5067,13.9116,6.35,1.453,K5,334.503,,364.9635,210.754,-284.7485,87.7463
100481,306.5965,17.3156,6.23,1.005,K0,270.645,,310.559,176.7568,-238.0338,92.433
100482,306.5978,56.6387,6.38,0.018,B9V,87.3373,,189.0359,61.9768,-83.4585,157.8865
100526,306.7208,-37.4029,6.24,0.961,K1IV,3.8726,,37.3274,17.7296,-23.768,-22.6733
100533,306.7594,49.3834,5.73,0.339,F0V:,6.2748,,37.5657,14.6353,-19.5923,28.5155
100540,306.7824,34.3291,6.39,0.48,F1II,24210290.4674,,100000.0,49447.7727,-66140.5855,56394.5097
100550,306.8091,20.4765,6.44,1.03,K0,436.9181,,434.7826,244.041,-326.108,152.0969
100555,306.83,-18.2117,5.08,-0.049,B4V,226.1518,,167.2241,95.2201,-127.1443,-52.2624
100581,306.8928,38.4403,5.63,0.072,A3V,32.3296,,81.4332,38.2902,-51.0112,50.627
100627,307.0314,8.4374,6.23,1.074,G9III,25.0726,,94.518,56.3076,-74.6376,13.8686
100639,307.0603,81.4227,5.38,1.01,G9III,119.6741,,139.6648,12.5534,-16.6224,138.1027
100643,307.07,2.9372,6.2,0.899,G8III,44.5041,,124.2236,74.7824,-98.9878,6.3653
100651,307.1038,-3.3578,6.12,-0.049,B9V,106.0718,,184.8429,111.317,-147.1673,-10.8264
100685,307.1816,-15.7415,6.41,0.999,G8III,92.8111,,197.6285,114.9562,-151.55,-53.6161
100691,307.1947,-35.5959,6.09,-0.094,B8II/III,152.1949,,218.3406,107.3288,-141.4274,-127.0883
100701,307.2151,-17.8137,4.77,0.386,F3V,9.8628,,30.2663,17.4277,-22.9476,-9.2591
100719,307.2618,83.6254,6.19,0.163,A4m,24.2326,,91.2409,6.1335,-8.0625,90.6768
100741,307.335,36.4547,5.9,0.407,A1Ib,2394.4182,,793.6508,387.1451,-507.5579,471.5773
100750,307.3489,30.3686,4.01,0.404,F5II,1205.591,,235.8491,123.4498,-161.7645,119.2359
100757,307.3629,56.0682,5.89,-0.052,B9Vn,271.3938,,265.9574,90.0941,-117.9963,220.6655
100758,307.364,81.0913,5.96,0.942,K0III+...,14.615,,63.7349,5.9899,-7.8447,62.966
100764,307.3806,-22.3916,6.13,1.543,K5III,84.0234,,165.2893,92.7822,-121.4393,-62.9644
100767,307.3952,62.9941,4.21,0.199,A7III,31.5646,,41.841,11.5384,-15.0942,37.2786
100775,307.4125,-2.8855,4.91,1.16,K2III,35.514,,61.2745,37.1801,-48.6075,-3.0846
100797,307.4746,-18.5832,5.94,0.062,A1V,16.1287,,66.357,38.2673,-49.9167,-21.1467
100807,307.4997,45.9286,6.43,1.137,K2+...,39.0481,,129.3661,54.7767,-71.3872,92.9461
100808,307.503,72.5317,6.23,1.353,K4III:,131.9471,,216.9197,39.6419,-51.6568,206.9161
100812,307.5147,48.9516,4.94,-0.087,B2.5IV,714.4963,,278.5515,111.3943,-145.0946,210.0709
100834,307.5748,10.8959,6.03,-0.019,A1sh,175.0653,,227.7904,136.4018,-177.2823,43.0582
100885,307.7367,-29.1127,6.35,0.227,A5V,109.9512,,209.205,111.8644,-144.5443,-101.7842
100887,307.7423,20.6061,6.21,0.138,A1m,21.2814,,86.2813,49.4348,-63.8637,30.366
100888,307.7468,36.9358,6.21,0.969,F5Iab,28575905.4337,,100000.0,48931.5388,-63203.2613,60092.0317
100895,307.7679,-15.0562,6.1,0.797,K1/K2III+..,43.1718,,116.8224,69.0934,-89.1777,-30.3465
100917,307.8284,49.2203,5.44,1.566,M2III,87.0162,,122.399,49.0303,-63.1448,92.6838
100919,307.8381,52.3095,6.2,1.018,K0III,38.2648,,115.2074,43.2085,-55.6277,91.1665
100934,307.8767,74.9546,5.18,0.1,A0p...,108.6426,,121.3592,19.3417,-24.8663,117.1991
100942,307.9011,34.3304,6.47,0.422,F2,4.7424,,45.9137,23.2915,-29.9181,25.8937
100959,307.9438,56.7799,6.14,1.431,K5III,167.9577,,234.7418,79.0777,-101.4198,196.3784
100974,307.9925,25.805,6.37,0.281,Am,18.6724,,87.0322,48.2312,-61.7496,37.8859
101013,308.0851,2.1328,6.47,1.514,K2,282.8785,,354.6099,218.5827,-278.9186,13.1971
101019,308.0987,-9.8534,5.66,0.689,G3V,2.8236,,24.4021,14.8344,-18.9199,-4.1759
101058,308.2182,-24.9438,6.35,0.001,A0V,32.719,,114.1553,64.0354,-81.3215,-48.1427
101095,308.3032,11.3033,4.03,-0.123,B6III,218.3735,Aldulfin,101.3171,61.5806,-77.9656,19.8584
101101,308.3234,-80.9649,5.76,1.122,G6/G8II,110.7643,,160.0,15.5809,-19.7123,-158.0148
101148,308.4758,35.2509,4.61,1.593,K2Ib comp,8961.8981,,847.4576,430.5896,-541.7953,489.1164
101149,308.4785,46.6939,5.78,-0.14,B9sp...,74.2677,,132.2751,56.4522,-71.0249,96.2565
101151,308.4795,-44.516,5.12,0.999,K0III,40.1421,,71.736,31.8283,-40.0431,-50.2948
101156,308.4877,13.0273,5.39,0.093,A3IVs,31.886,,72.4113,43.9051,-55.2206,16.3226
101163,308.4997,4.8987,6.42,1.016,K0,198.9757,,290.6977,180.3013,-226.6724,24.8237
101179,308.5416,20.9852,6.49,-0.138,B3IV,172.3455,,279.3296,162.5015,-203.9882,100.0353
101181,308.5487,-13.7211,6.11,0.543,G0V,3.3729,,32.8084,19.8621,-24.9265,-7.782
101226,308.6975,-30.4735,6.42,-0.075,B8V,76.2079,,179.8561,96.9144,-120.98,-91.2121
101230,308.71,51.8542,6.19,0.318,A9II,29107171.1807,,100000.0,38627.4447,-48197.6561,78644.1763
101232,308.7311,-38.0899,6.45,0.264,A5m...,10.2047,,66.7557,32.8723,-40.9857,-41.1814
101244,308.7763,-71.1888,6.41,1.305,K2III,136.0191,,239.2344,48.3122,-60.1392,-226.456
101263,308.8272,14.6742,4.64,0.12,A3V,55.2586,,67.4764,40.926,-50.8522,17.0933
101282,308.8844,-16.5259,6.19,0.218,A5II/III,14.7231,,71.1238,42.8037,-53.0768,-20.2311
101285,308.895,-60.5817,4.75,0.291,F1III,8.4723,,27.7932,8.5717,-10.6249,-24.2095
101296,308.9492,-44.3376,6.36,0.958,K1III,50.2111,,142.0455,63.8663,-79.0114,-99.2735
101299,308.9654,-69.6106,6.09,1.293,K2III,117.598,,191.9386,42.052,-51.9941,-179.913
101314,309.0347,25.8826,6.4,0.158,A5III,91.8756,,195.6947,110.884,-136.7607,85.4265
101357,309.1597,-63.121,6.34,0.413,F2V,6.5464,,50.813,14.5071,-17.813,-45.3233
101365,309.1818,-2.55,4.91,1.606,K5II,1502.4499,,398.4064,251.4572,-308.517,-17.7253
101389,309.2695,26.4619,5.59,-0.05,B9V,47.9513,,97.371,55.1755,-67.4847,43.3888
101419,309.3266,0.097,6.21,-0.076,B8IIIp,79.6526,,166.9449,105.7995,-129.1394,0.2826
101429,309.3483,38.3287,6.21,1.011,K0III,35.8426,,111.9821,55.6973,-67.932,69.4481
101438,309.3824,31.5725,6.32,-0.089,B8IIIn,177.0109,,261.7801,141.5116,-172.3869,137.0622
101442,309.3872,14.5951,3.64,0.425,F5IV,29.1608,Rotanev,30.931,18.9942,-23.1344,7.7942
101445,309.3917,-47.2915,3.11,0.998,K0III,45.1232,,30.1477,12.9768,-15.8029,-22.153
101446,309.397,-61.5299,4.86,0.447,Fm delta Del,33.4811,,58.1395,17.5905,-21.4173,-51.1085
101472,309.4547,11.3777,5.42,0.05,A2V,19.8609,,57.9374,36.0938,-43.8559,11.4296
101479,309.4676,-25.1092,6.38,0.328,A9V,5.5208,,47.5285,27.3562,-33.2239,-20.1685
101482,309.478,18.2686,6.22,1.162,M6III,38.6545,,116.8224,70.53,-85.6266,36.6205
101515,309.5775,-81.2891,5.89,1.692,K5III,146.9603,,195.6947,18.8829,-22.8438,-193.4374
101519,309.5845,-1.1051,4.31,0.949,G8III SB,175.8733,,103.4126,65.8839,-79.6838,-1.9945
101539,309.6306,21.2012,4.81,-0.03,A0V,52.8689,,71.3776,42.4457,-51.2523,25.8133
101540,309.633,24.116,5.06,-0.133,B5IV,211.6411,,160.2564,93.3004,-112.6488,65.4783
101542,309.6458,23.6805,5.91,0.953,K0II-III+..,1470.9571,,625.0,365.1977,-440.7305,251.0225
101553,309.6833,13.3151,5.69,1.509,K3Ib,1757.1142,,617.284,383.5667,-462.2828,142.1646
101570,309.748,30.3343,5.68,1.088,K2III,54.9035,,108.5776,59.921,-72.0523,54.8365
101571,309.7508,56.0048,6.45,0.403,F2Vn,38.4415,,129.5337,46.3123,-55.6829,107.3944
101580,309.7707,15.8382,5.99,-0.145,B3V,597.5854,,413.2231,254.3102,-305.5501,112.7775
101582,309.7744,-4.9295,6.46,1.016,K0,12.5661,,74.4048,47.4256,-56.9737,-6.3936
101587,309.7824,10.0862,5.07,0.702,G5IV+...,7.4063,,30.1205,18.9755,-22.7893,5.275
101590,309.7944,21.8174,6.08,-0.043,A0III,156.3148,,220.2643,130.8789,-157.1171,81.8613
101592,309.8052,-2.413,6.23,-0.09,B7IIIn,847.2274,,549.4505,351.4351,-421.7275,-23.1329
101594,309.818,-14.9548,5.24,-0.129,B7III,848.0081,,348.4321,215.5618,-258.5601,-89.9151
101607,309.8537,0.4864,5.15,1.06,K1III,38.7614,,71.4796,45.8046,-54.8717,0.6069
101620,309.8888,40.5797,6.07,-0.134,B6IIIp Mn,260.8555,,283.2861,137.9798,-165.0875,184.2789
101629,309.9095,15.9121,3.77,-0.057,B9V,163.6817,Sualocin,77.821,48.0151,-57.406,21.3355
101636,309.9656,-62.9078,6.22,1.099,K1III,54.4503,,138.6963,40.573,-48.412,-123.4778
101637,309.9662,11.2496,6.39,0.559,F8IV:,2.7214,,33.5233,21.1195,-25.1994,6.5399
101654,310.0102,-60.5489,5.11,0.544,F8V,4.7863,,24.6609,7.7956,-9.2871,-21.4741
101655,310.0123,-18.1387,5.15,1.647,M1III,240.1043,,177.9359,108.719,-129.5099,-55.3946
101657,310.0132,43.4589,5.97,1.186,K2III,67.4217,,137.5516,64.1964,-76.4704,94.6126
101668,310.0489,-23.7739,6.36,0.719,G8/K0V,0.5148,,14.3823,8.4689,-10.0754,-5.7979
101681,310.0745,60.5053,6.02,0.443,F6IV,3.6847,,32.9056,10.4298,-12.397,28.6411
101684,310.0826,-33.4318,5.47,1.118,K1III,29.7852,,72.6216,39.0235,-46.3705,-40.0105
101696,310.1355,-16.1242,5.79,0.997,K0III,42.4229,,100.4016,62.1727,-73.7397,-27.8835
101703,310.1511,29.8056,6.02,0.163,A2V,18.7586,,74.239,41.5374,-49.238,36.9011
101710,310.1881,19.9355,6.43,0.611,G5V,1.0242,,20.9468,12.707,-15.043,7.1421
101727,310.2318,-42.3967,6.25,0.934,G6III,74.2677,,164.2036,78.3217,-92.5771,-110.7159
101736,310.2606,32.3073,5.53,0.871,G8IIb,319.4479,,244.4988,133.5499,-157.6965,130.6748
101749,310.3175,14.5829,6.01,1.235,K4III:,83.0998,,155.521,97.384,-114.76,39.1571
101761,310.3485,-31.5983,5.75,1.551,M1III,84.1783,,138.8889,76.5901,-90.157,-72.7723
101763,310.3511,-25.9999,6.29,1.224,K2III,79.726,,173.3102,100.8565,-118.7112,-75.9739
101765,310.3527,-42.1338,6.28,1.584,M3II,329.9134,,350.8772,168.4796,-198.2941,-235.3909
101767,310.358,45.2803,1.25,0.092,A2Ia,51617.8605,Deneb,432.9004,197.2507,-232.1134,307.6009
101824,310.4854,41.7169,5.68,-0.107,B8II-III,524.3243,,335.5705,162.6279,-190.5109,223.3055
101826,310.4878,-66.7607,5.14,-0.061,B8Vvar,444.6313,,240.9639,61.7326,-72.3108,-221.4132
101827,310.4923,17.5215,6.24,0.942,G8III,61.546,,148.8095,92.1457,-107.918,44.8011
101831,310.511,-76.1806,5.99,0.45,F4III-IV,35.7767,,101.1122,15.6889,-18.3622,-98.1853
101846,310.5526,50.34,5.41,-0.107,B2V,911.1712,,390.625,162.087,-189.427,300.721
101877,310.6463,82.5312,5.75,0.0,A0V,51.0035,,108.1081,9.1537,-10.6624,107.1909
101885,310.6654,60.6013,6.17,0.034,A2IV,106.3653,,189.3939,60.5832,-70.5207,165.0047
101899,310.7206,-39.5588,6.3,1.073,K1III,207.5869,,280.8989,141.2808,-164.1344,-178.8961
101922,310.7958,66.6574,5.59,0.218,A8V,9.264,,42.7899,11.0775,-12.8353,39.2876
101927,310.807,57.114,6.34,0.282,B2III,25351286.305,,100000.0,35483.7708,-41098.1629,83975.2524
101945,310.8508,35.5878,6.48,1.251,G8Ib,22284351.4927,,100000.0,53192.3423,-61513.5643,58194.9837
101950,310.8647,15.0746,4.43,0.302,A7IIIp d Del,68.9922,,68.4463,43.2417,-49.9817,17.8013
102002,311.0095,-51.921,4.51,0.278,A6:var,7.9947,,24.1721,9.7825,-11.2497,-19.0273
102027,311.0919,56.4884,5.91,1.643,M3III,426.9726,,336.7003,122.1823,-140.1004,280.732
102057,311.2188,25.2706,4.92,1.183,K2III,92.9822,,99.6016,59.3503,-67.7505,42.5193
102064,311.2397,-66.2032,3.42,0.163,A5IV,64.0324,,41.425,11.0185,-12.5688,-37.9031
102091,311.3222,61.8388,3.41,0.912,K0IV,7.663,,14.2653,4.4455,-5.0562,12.5766
102100,311.3382,57.5797,4.52,0.535,F8IV-V,10.0925,,27.2926,9.6646,-10.9863,23.0387
102122,311.4156,30.7197,4.22,1.051,K0III,67.9204,,61.6523,35.0611,-39.7471,31.4944
102154,311.5239,-25.2709,4.13,0.426,F5V,4.1802,,14.6778,8.7992,-9.9373,-6.2659
102156,311.5416,-21.514,5.91,0.066,A1V,24.615,,80.8407,49.8755,-56.2915,-29.6466
102157,311.5527,33.9703,2.48,1.021,K0III,44.0961,Aljanah,22.2916,12.2626,-13.8347,12.4557
102165,311.5775,-36.1202,6.49,0.433,F3/F5V,10.1672,,67.8426,36.3684,-40.9952,-39.9919
102166,311.5836,-39.1993,5.48,-0.078,B8/B9V,55.4115,,99.5025,51.1786,-57.6772,-62.8875
102168,311.5885,52.9953,6.34,1.131,K0,47.2933,,136.612,54.5784,-61.498,109.0964
102199,311.6608,46.5317,6.3,0.064,A3V,46.1318,,132.4503,60.569,-68.0748,96.1265
102200,311.6619,16.1241,5.15,0.495,A2Ia+...,10.9245,,37.9507,24.2347,-27.2369,10.5396
102201,311.6646,16.1243,4.27,1.042,K1IV,25.5859,,38.7297,24.7335,-27.7948,10.7561
102230,311.7648,-2.4869,6.28,1.558,K2,153.3204,,239.2344,159.198,-178.2732,-10.3807
102240,311.7948,34.3741,4.93,1.294,K3IIIvar,172.8224,,136.4256,75.0449,-83.9485,77.0251
102254,311.8365,45.5799,6.41,1.606,K3III,296.7563,,353.3569,164.9638,-184.2654,252.3773
102258,311.8522,36.4907,4.53,-0.083,B6IV,746.7926,,235.8491,126.5111,-141.2357,140.2577
102268,311.8897,80.5523,5.36,1.144,K1III,93.4114,,122.2494,13.3987,-14.9385,120.5912
102287,311.919,-9.4958,3.78,0.0,A1V,108.7427,Albali,63.6943,41.9698,-46.7449,-10.508
102293,311.9343,-5.0277,4.43,1.639,M3IIIvar,474.679,,179.5332,119.5165,-133.0429,-15.7338
102300,311.9495,3.3065,6.38,-0.013,A0Vn,51.3334,,144.9275,96.7192,-107.6081,8.3589
102302,311.9514,6.0082,5.57,-0.01,A0V,88.9611,,131.406,87.3623,-97.1914,13.7544
102304,311.9554,47.8319,5.6,1.466,K5III,162.181,,179.8561,80.7202,-89.7894,133.3054
102311,311.9706,52.4072,6.29,0.883,K0V:,4.7995,,42.517,17.3456,-19.2841,33.689
102339,312.0767,-44.1968,6.47,1.161,K1IV,58.13,,160.7717,77.2421,-85.5553,-112.078
102362,312.1213,-43.9885,5.11,0.361,F1IV,9.8719,,35.4233,17.0937,-18.9039,-24.602
102381,312.1781,51.9103,6.26,-0.071,B8np,135.3942,,222.7171,92.2507,-101.8165,175.2887
102393,312.2346,46.1141,4.81,0.571,B3Ia,5291.7583,,714.2857,332.8304,-366.6162,514.8015
102439,312.3218,-0.5633,6.24,1.401,M3,256.8029,,303.9514,204.6388,-224.7231,-2.9884
102440,312.3225,64.0423,6.45,0.025,B0.5V,1004.6158,,662.2517,195.1722,-214.3225,595.4418
102441,312.3234,-25.7812,5.86,-0.069,B8II,345.1437,,295.858,179.3768,-196.9709,-128.6794
102442,312.326,-68.7765,5.41,1.122,K0III,51.1918,,92.5926,22.57,-24.7816,-86.3126
102449,312.3356,-18.0359,6.2,1.402,K3III,273.1492,,307.6923,197.0398,-216.2739,-95.2653
102459,312.3706,-46.2268,4.9,1.494,K5III,153.0383,,126.5823,59.0157,-64.697,-91.4031
102474,312.4074,12.5451,6.01,0.42,F5V,3.2211,,30.6185,20.156,-22.068,6.6506
102488,312.4511,7.8642,6.32,0.019,A1Vs,60.7575,,153.3742,102.5479,-112.1034,20.9855
102496,312.4777,46.6613,6.33,-0.066,B4V,621.155,,492.6108,228.3087,-249.3501,358.2807
102500,312.492,-33.7797,4.89,1.004,G8III,129.6582,,116.0093,65.1337,-71.1009,-64.5013
102502,312.4962,5.5446,6.2,0.986,K0,46.3447,,126.7427,85.2194,-93.0129,12.2459
102513,312.5204,44.0593,5.06,0.198,A4me...,13.8293,,40.9668,19.8968,-21.698,28.4884
102560,312.6741,-12.5449,5.87,1.075,K1III,25.633,,80.9717,53.5745,-58.1109,-17.5874
102570,312.6965,-32.0546,6.42,1.513,K5III,92.7257,,198.4127,114.0339,-123.5927,-105.303
102585,312.7532,-37.9133,5.52,1.38,K3III,175.2266,,180.1802,96.4984,-104.3798,-110.7151
102614,312.8573,-5.6266,5.99,0.464,F5IV-V,12.9062,,60.7165,41.0988,-44.2938,-5.953
102618,312.8677,28.2505,5.66,0.616,F5Ib,645.6542,,369.0037,221.1342,-238.2382,174.6596
102619,312.8752,-51.6082,5.06,1.125,K1II/III,168.733,,143.0615,60.4514,-65.1099,-112.129
102631,312.9102,-62.4293,5.67,0.203,A2,27.3905,,76.3359,24.0555,-25.8775,-67.6672
102647,312.9554,-26.9191,4.12,1.633,K4III,1307.3745,,258.3979,157.0008,-168.6259,-116.9851
102659,312.9948,-33.178,6.06,0.029,A1IV,71.7794,,147.929,84.432,-90.5586,-80.9529
102662,313.0016,32.8489,6.42,-0.138,B3III,666.1929,,531.9149,304.7697,-326.8069,288.5241
102673,313.032,27.097,4.56,0.835,G8III,43.6516,,57.8035,35.1158,-37.615,26.3294
102674,313.0362,-5.5071,5.55,-0.076,B9III,208.1613,,199.2032,135.3209,-144.93,-19.1172
102714,313.1635,-8.9833,4.73,0.325,A3m,25.9657,,48.216,32.5791,-34.7376,-7.5288
102740,313.2548,-23.7832,6.32,0.876,K0III,29.9778,,107.7586,67.5702,-71.8172,-43.4566
102746,313.2733,-11.5737,6.38,0.661,G1V,4.7643,,44.1501,29.6486,-31.4917,-8.8577
102748,313.2807,29.6491,6.36,1.085,K2,37.4628,,122.6994,73.1058,-77.6303,60.6978
102758,313.3115,44.3873,4.8,-0.134,B5V,271.6439,,161.0306,78.9387,-83.7341,112.6416
102763,313.3274,45.1817,5.48,1.088,K0II,533.0893,,308.642,149.2752,-158.2555,218.9338
102772,313.354,-30.719,6.35,1.1,K1III,76.4892,,174.5201,102.9976,-109.0922,-89.1496
102796,313.4174,-39.8099,5.34,1.318,K2III,95.8517,,122.6994,64.7818,-68.4632,-78.5573
102814,313.4746,33.4379,5.47,1.522,K5III,191.602,,184.1621,105.737,-111.5227,101.4793
102823,313.4933,-6.8895,6.44,0.361,F1IV,10.2991,,66.7557,45.6142,-48.0786,-8.0076
102837,313.5274,-27.9252,6.41,1.634,M1III,235.0715,,314.4654,191.3548,-201.453,-147.2701
102868,313.6402,28.0576,5.03,1.481,K4III,270.1469,,178.5714,108.7535,-114.0423,83.9927
102873,313.6463,-50.7273,6.23,-0.098,B5IV,217.771,,278.5515,121.7011,-127.5923,-215.6385
102887,313.6846,75.9256,5.99,0.946,G5III,54.1502,,124.3781,20.8909,-21.8729,120.6443
102894,313.6992,-17.9229,5.78,1.122,K0III,53.1129,,111.8568,73.5286,-76.9453,-34.4225
102895,313.7025,-58.4542,3.67,1.25,K0III,1043.2779,,187.6173,67.8185,-70.9619,-159.8916
102962,313.9029,13.7215,5.19,1.119,K0III,158.052,,147.0588,99.0658,-102.9342,34.8828
102966,313.9107,12.5686,5.54,0.131,A4V,19.391,,60.4961,40.9508,-42.5383,13.1644
102969,313.9195,4.5327,6.04,0.824,G6III-IV,67.0502,,141.6431,97.943,-101.7086,11.1938
102980,313.9575,47.4177,5.68,0.408,B8Ia,46558609.3523,,100000.0,46967.8916,-48708.9035,73630.5635
103014,314.0709,56.8875,6.23,-0.172,B2.5IV,239.8833,,292.3977,111.1014,-114.7645,244.9122
103027,314.1061,50.7286,5.83,0.337,F0III,10.666,,51.2821,22.5927,-23.3089,39.7004
103028,314.1079,49.1958,5.92,1.054,G8II-III,205.6838,,234.7418,106.7668,-110.1444,177.6873
103039,314.1449,44.9247,5.96,0.02,O6...,35974933.5156,,100000.0,49312.915,-50807.2326,70617.714
103057,314.1972,-26.2964,5.7,0.507,F7V,2.206,,21.9684,13.73,-14.1202,-9.7323
103069,314.2251,-9.6975,5.49,1.474,K5III,155.5966,,167.5042,115.1613,-118.3191,-28.2156
103081,314.2934,41.1671,3.94,0.027,A1Vn,304.7895,,114.8106,60.3559,-61.8633,75.575
103083,314.2941,0.4638,6.06,1.217,K2III,28.9734,,93.985,65.6314,-67.269,0.7608
103128,314.4194,-16.0315,5.89,0.18,A2/A3III,11.5452,,54.8546,36.8999,-37.6555,-15.149
103179,314.5681,22.3259,5.3,1.419,K4III,127.0574,,138.6963,90.035,-91.4026,52.6872
103187,314.581,44.4717,5.55,0.973,G8III,32.9913,,79.3021,39.7213,-40.3065,55.5556
103195,314.6081,10.8393,5.51,0.934,G6III:,30.8745,Musica,75.3012,51.937,-52.6525,14.1608
103198,314.6251,50.4618,5.59,-0.144,B5Vn,554.6257,,331.1258,148.0743,-150.0246,255.3643
103200,314.629,41.9399,6.17,-0.079,B7III,69.3107,,152.9052,79.9024,-80.944,102.1944
103213,314.6743,-14.4831,5.95,0.244,A9V,27.5931,,87.184,59.3491,-60.0276,-21.8043
103237,314.7687,4.2935,5.3,0.464,F5III...,19.3197,,54.0833,37.9811,-38.289,4.049
103240,314.7713,4.2946,5.24,0.457,G0V,22.346,,56.5611,39.7229,-40.0413,4.2356
103264,314.8526,42.3245,6.47,-0.077,B9,136.3955,,246.3054,128.4354,-129.0981,165.8444
103266,314.8557,59.4386,5.54,1.411,K4III,188.6253,,188.6792,67.666,-68.0078,162.4688
103284,314.9006,-19.0353,6.26,-0.11,Ap Si,73.5868,,164.2036,109.5697,-109.9507,-53.5551
103300,314.9565,47.521,4.74,-0.084,B1ne,2091.2213,,434.7826,207.4612,-207.7767,320.6627
103314,314.9987,-36.1296,6.1,0.4,F2V,5.1239,,40.2576,22.9914,-22.9924,-23.7365
103320,315.0166,7.5162,5.98,0.283,A7V,20.3049,,75.815,53.1641,-53.1333,9.9171
103341,315.0896,-51.2653,5.76,0.48,F5IV-V,3.3947,,28.0112,12.4129,-12.3741,-21.8502
103344,315.1154,19.3296,5.69,1.588,M3III,118.905,,160.5136,107.3177,-106.8864,53.1303
103350,315.141,-4.7303,6.21,0.635,G1V,2.1184,,27.2257,19.2331,-19.1386,-2.2452
103361,315.1809,-53.7391,6.26,1.563,K5/M0III,146.9603,,232.0186,97.3426,-96.7298,-187.084
103371,315.2157,-17.5309,6.07,1.267,K3III,83.7915,,160.5136,108.6353,-107.8205,-48.3499
103400,315.2955,46.1558,5.38,-0.206,B1V,1340.2938,,467.2897,230.0621,-227.7009,337.0214
103402,315.3036,36.026,6.01,0.994,G5III,126.5902,,191.9386,110.3445,-109.1813,112.8892
103406,315.3228,-32.2578,4.67,0.89,G8III,58.1835,,70.2247,42.2281,-41.755,-37.481
103421,315.3668,-68.2096,6.36,0.101,A2V,15.8343,,79.7448,21.0655,-20.7975,-74.0469
103445,315.4387,-26.881,6.04,0.073,A3V,28.8669,,92.9368,59.0625,-58.165,-42.0203
103478,315.5375,56.6696,5.83,-0.058,B8III,323.5937,,282.4859,110.7794,-108.7201,236.0215
103496,315.6008,44.791,6.18,1.687,M3Ib-II:,263.2692,,299.4012,151.813,-148.6619,210.9349
103504,315.6131,-38.531,5.93,1.106,K2III,16.7649,,67.3401,37.6456,-36.8484,-41.9487
103550,315.7415,-38.6314,5.32,0.424,F3V,8.1133,,35.3732,19.7905,-19.2848,-22.0838
103559,315.7575,14.73,6.33,1.68,M1III,154.4543,,245.7002,170.233,-165.7904,62.4729
103560,315.7626,1.5321,6.24,0.479,F5V,13.9444,,70.8215,50.7223,-49.3897,1.8935
103562,315.7701,38.6574,6.1,1.011,G8III,153.4617,,220.2643,123.2485,-119.9789,137.5908
103570,315.7925,-27.7316,6.25,0.945,K0III,235.5049,,292.3977,185.5213,-180.4592,-136.0615
103597,315.8586,50.3519,6.37,0.986,K0,30.8461,,111.8568,51.2186,-49.7061,86.1273
103617,315.9312,46.8631,6.32,0.259,F0IVn,16.5196,,80.0,39.3018,-38.0447,58.3778
103624,315.9484,53.2859,5.93,1.001,K0III,48.3059,,114.2857,49.1044,-47.5051,91.6147
103631,315.9672,41.6282,6.34,0.39,F3IV,23.5288,,96.3391,51.7716,-50.0525,63.9975
103649,316.0197,-5.8231,5.53,0.683,G4,126.4736,,153.8462,110.1332,-106.2813,-15.6087
103684,316.1013,-19.855,4.82,0.169,A5V,25.1884,,49.505,33.5511,-32.2856,-16.8139
103696,316.1444,5.5029,5.63,1.65,K5III,271.144,,235.8491,169.2842,-162.6534,22.6169
103706,316.1735,2.9423,6.41,1.051,K0,54.25,,151.0574,108.8352,-104.4659,7.7537
103708,316.1793,-77.0238,5.13,0.49,F4III,14.642,,43.535,7.0532,-6.7687,-42.4233
103713,316.1891,2.2698,6.34,0.965,G5,37.1535,,121.0654,87.2957,-83.7455,4.7947
103725,316.2328,43.9279,3.72,1.609,K5Ibv SB,1889.7311,,258.3979,134.3945,-128.7323,179.2641
103750,316.3093,-54.727,5.17,1.201,K2III,93.5837,,112.1076,46.8115,-44.7194,-91.5258
103766,316.3613,5.9582,5.94,0.538,F8V,8.774,,48.9237,35.2151,-33.5802,5.0784
103770,316.3717,78.1264,5.91,-0.065,B8Vn,57.4381,,123.4568,18.3865,-17.5265,120.8153
103804,316.4868,-17.2329,4.08,-0.01,A1V,50.2574,,49.7265,34.4435,-32.7008,-14.7318
103813,316.5048,-30.1251,5.69,1.047,K0/K1III,39.4094,,92.4214,57.9897,-55.021,-46.3854
103836,316.5974,71.4318,5.88,0.386,F3IV,9.196,,48.7329,11.2746,-10.6629,46.1961
103837,316.5978,26.9244,6.13,1.026,K0II-III,48.9328,,126.1034,81.6891,-77.2554,57.1014
103839,316.6028,-32.3416,5.2,1.104,K2III,73.3162,,100.6036,61.7598,-58.3975,-53.8195
103842,316.6063,-41.386,5.55,1.35,K3III,250.2649,,218.3406,119.0363,-112.5422,-144.3511
103850,316.626,31.1847,5.77,0.554,F7.5Ib-IIv,1150.2705,,518.1347,322.2039,-304.4161,268.2891
103859,316.6504,47.6484,4.56,1.569,K4II,1308.5792,,316.4557,155.0267,-146.3434,233.8686
103867,316.666,3.8031,6.48,0.88,K0,11.6198,,72.2022,52.4018,-49.4396,4.789
103879,316.7219,38.7494,5.2,1.069,K5V,0.0881,,3.4865,1.9796,-1.864,2.1823
103883,316.7274,38.7421,6.05,1.309,K7V,0.0405,,3.498,1.9865,-1.8702,2.1891
103899,316.782,-25.0059,4.49,1.604,K5/M0III,272.3955,,139.8601,92.3696,-86.7956,-59.1204
103944,316.8902,15.6587,6.27,1.008,K2IV,58.9929,,147.7105,103.8332,-97.1988,39.8679
103959,316.9355,-45.3795,6.45,0.245,A9V,20.893,,95.511,49.0133,-45.8089,-67.9823
103960,316.9362,-17.4559,6.18,-0.035,B9.5V,42.228,,119.9041,83.567,-78.1016,-35.9678
104020,317.1173,6.9894,6.14,1.669,K5III,388.687,,357.1429,259.751,-241.2298,43.4589
104027,317.1363,-63.9283,5.75,1.18,K0III,107.5474,,156.9859,50.5713,-46.9341,-141.0117
104028,317.1401,-21.1937,5.3,0.0,A0V,20.0817,,55.1268,37.6759,-34.9615,-19.9295
104034,317.162,30.2056,5.6,-0.048,B9V,67.112,,115.7407,73.347,-68.0105,58.2297
104046,317.1918,-88.9565,5.45,0.283,F0III,42.6973,Polaris Australis,86.1326,1.1508,-1.0659,-86.1183
104102,317.3408,-73.173,5.67,0.59,G3IV,1.8365,,19.7668,4.2081,-3.8775,-18.9204
104104,317.343,-36.7059,6.47,0.52,F7V,13.4153,,77.2201,45.5289,-41.9496,-46.1551
104115,317.3875,-20.5567,6.25,0.385,F2IV/V,7.3316,,51.5996,35.5567,-32.7104,-18.1183
104122,317.3985,-11.3717,4.5,0.926,G8III,32.9306,,48.852,35.253,-32.4185,-9.6323
104144,317.4928,2.9437,6.44,0.375,F5IV,13.0858,,75.2445,55.3965,-50.7744,3.8641
104180,317.5648,53.5631,5.75,-0.111,B9III,80.6121,,135.8696,59.5585,-54.4514,109.3086
104184,317.5854,10.1316,4.7,0.262,F0p,15.1217,,36.2976,26.38,-24.1006,6.3851
104200,317.629,47.6922,6.46,0.007,B6IV,407.3803,,423.7288,210.7175,-192.2161,313.3643
104201,317.6305,10.0489,6.07,0.022,A2Vs,60.0344,,135.8696,98.8424,-90.1591,23.7077
104220,317.6956,-9.3541,6.27,1.161,K0III,29.0269,,103.6269,75.6212,-68.8207,-16.843
104260,317.837,-72.5444,6.18,1.087,K1III,42.5402,,120.3369,26.7566,-24.2299,-114.7953
104297,317.9222,-14.4724,6.47,0.316,Fm delta Del,35.416,,125.4705,90.1736,-81.4145,-31.3567
104305,317.951,59.9866,5.64,0.11,B0V,48305880.204,,100000.0,37143.6403,-33501.8531,86590.853
104342,318.0571,-40.2694,5.83,0.45,F5IV,4.0663,,31.6656,17.9714,-16.1492,-20.4681
104394,318.2341,30.2269,3.21,0.99,G8II SB,87.1766,,43.8789,28.2783,-25.2535,22.0898
104400,318.2627,-39.4249,5.25,0.46,F5V,7.5162,,32.9598,18.9984,-16.9492,-20.9317
104412,318.3222,-27.6193,5.41,1.425,K3III,75.5092,,112.4859,74.4415,-66.2732,-52.1479
104414,318.329,-36.4235,5.97,0.967,K0III,44.792,,112.1076,67.3826,-59.9746,-66.5638
104417,318.3353,-70.1263,5.06,1.578,M2III,618.8708,,273.9726,69.5774,-61.9145,-257.6559
104418,318.34,81.231,6.12,0.092,A3IV,80.7607,,161.2903,18.3705,-16.3445,159.405
104427,318.3601,36.6333,6.07,0.223,F0III,723.1027,,471.6981,282.8846,-251.5091,281.4579
104433,318.3699,15.9824,6.27,0.238,A7Vn,20.7778,,87.6424,62.9762,-55.9719,24.1316
104450,318.427,64.404,6.38,0.625,G2IV+...,4.4668,,42.7533,13.8179,-12.2565,38.5576
104484,318.5428,29.901,6.18,1.105,G2Ib,877.4048,,546.4481,355.0221,-313.624,272.4056
104520,318.6201,10.007,4.47,0.529,F5V+...,4.8484,,18.4877,13.6611,-12.0354,3.2126
104534,318.6544,0.0923,6.38,1.574,M1III,205.3052,,289.8551,217.6051,-191.4779,0.4667
104549,318.6978,38.0453,3.74,0.393,F1IV,11.5027,,20.3417,12.0345,-10.5734,12.5363
104576,318.7776,-17.3451,6.05,0.978,K0III,40.8884,,111.1111,79.7726,-69.8908,-33.1252
104587,318.8099,-40.5061,6.2,1.138,K1III,84.5668,,171.2329,97.9752,-85.741,-111.2207
104624,318.9049,47.974,6.45,-0.129,B4IV,469.0293,,452.4887,228.2915,-199.1169,336.1272
104625,318.9079,-20.6517,5.17,1.161,K0II/III,289.7344,,197.2387,139.0978,-121.3089,-69.5633
104630,318.9267,77.0123,5.92,1.531,K5III,317.3949,,291.5452,49.3954,-43.0498,284.087
104637,318.9368,-15.1715,5.31,1.639,M2III,230.3563,,187.6173,136.5304,-118.9486,-49.1012
104641,318.9411,-53.2631,5.73,0.191,A6IV,76.5597,,131.2336,59.1889,-51.5591,-105.1694
104642,318.9449,-36.2107,6.13,1.38,K3III,143.4829,,215.9827,131.41,-114.4549,-127.5932
104649,318.956,5.2478,3.92,0.549,G0III+...,80.1678,Kitalpha,58.3431,43.8182,-38.1498,5.3363
104679,319.0714,44.2382,6.36,0.979,K0III+...,428.5485,,414.9378,224.603,-194.7538,289.4785
104681,319.0741,-9.2147,6.45,1.612,M4III:,590.4729,,507.6142,378.5821,-328.2382,-81.2861
104696,319.1234,42.2518,6.23,1.251,K2,137.9113,,221.7295,124.0972,-107.4077,149.0887
104708,319.1645,-1.6078,6.48,0.981,K0,97.5439,,209.205,158.22,-136.7432,-5.8697
104727,319.2585,53.9977,6.12,0.049,A1V,57.491,,136.0544,60.5941,-52.1956,110.0671
104741,319.3064,-13.279,6.41,0.035,A1V,89.619,,194.1748,143.2884,-123.2196,-44.6006
104742,319.3093,55.798,6.0,1.447,K3III,472.063,,369.0037,157.2754,-135.2336,305.1886
104753,319.3283,58.6115,6.42,0.194,B2III,1662.6468,,840.3361,331.9607,-285.2461,717.3573
104763,319.3466,42.6836,6.17,-0.094,B7Vn,201.0018,,260.4167,145.2347,-124.7162,176.5492
104764,319.354,39.3947,4.22,0.098,B9Iab,13995.8732,,884.9558,518.8983,-445.4731,561.645
104800,319.4795,34.8969,4.41,-0.103,B2Vne,581.2996,,196.8504,122.7325,-104.8995,112.6184
104802,319.4845,-32.1725,4.71,0.07,A0V,35.514,,55.8659,35.9495,-30.7206,-29.747
104805,319.4887,-17.9851,5.4,-0.118,B5II/III,161.4359,,163.6661,118.3515,-101.1222,-50.5352
104810,319.502,-64.6816,6.32,-0.064,B8V,64.4466,,157.9779,51.3738,-43.8743,-142.8034
104826,319.5461,-4.5195,5.83,-0.13,B5V,393.3689,,311.5265,236.3124,-201.5009,-24.5477
104848,319.6133,43.9459,5.04,-0.061,O8,83945998.6519,,100000.0,54841.1679,-46651.6034,69397.9409
104855,319.6351,61.1844,6.43,1.543,M3,226.3602,,311.5265,114.4072,-97.2473,272.9519
104861,319.6445,62.5856,2.45,0.257,A7IV-V,20.6253,Alderamin,15.0376,5.2761,-4.4833,13.3489
104886,319.7168,11.2034,5.97,1.612,K5III,297.8516,,289.0173,216.2776,-183.3078,56.1538
104890,319.7258,-28.7658,6.4,0.966,K0IV,29.1072,,110.1322,73.6571,-62.4087,-52.999
104891,319.7305,41.0405,6.15,0.257,A5IV,1150.2705,,617.284,355.2463,-300.9455,405.3041
104920,319.8154,58.6235,5.51,1.114,B3Vv comp,1907.2165,,591.716,235.3656,-198.7911,505.1861
104929,319.8424,38.2375,5.89,0.505,F2Ib,1682.6741,,662.2517,397.55,-335.4516,409.8823
104930,319.8426,64.8719,5.19,-0.045,B3IVe,2718.9424,,609.7561,197.8934,-166.981,552.049
104943,319.8698,49.5103,5.75,-0.119,B6V,122.0113,,167.2241,83.0187,-69.9831,127.1777
104979,319.9664,-53.4494,4.39,0.191,A5V,14.0088,,30.2847,13.8092,-11.6011,-24.3287
104994,320.0395,-45.0219,6.15,2.387,C5II,1020.4694,,581.3953,314.9892,-263.9373,-411.2656
105003,320.0586,22.0262,6.29,-0.106,B6IV,144.278,,233.1002,165.6741,-138.7285,87.4196
105030,320.1395,60.7564,6.11,1.005,G5III,48.4842,,124.3781,46.6411,-38.9434,108.5262
105041,320.1901,-40.8095,4.8,0.029,A2p,38.2648,,60.4595,35.1524,-29.2981,-39.513
105049,320.2085,32.4522,6.45,0.802,G8IV,9.8628,,65.6168,42.5452,-35.4366,35.2097
105067,320.2559,40.3451,6.39,0.533,F8V,1.7669,,27.0124,15.8301,-13.163,17.4875
105071,320.2683,23.856,5.58,1.057,K1III,35.0913,,82.9187,58.3202,-48.473,33.5355
105072,320.268,-4.5601,5.87,0.912,G7III:,32.2998,,90.9091,69.6916,-57.9249,-7.2277
105073,320.2701,7.3545,5.81,1.663,M2III,166.5712,,200.8032,153.1605,-127.2913,25.7044
105085,320.3192,-49.9382,6.4,1.327,K3III,29.1072,,110.1322,54.5521,-45.2592,-84.2898
105092,320.3414,32.6127,6.05,0.062,A1V,115.2391,,186.5672,120.9849,-100.296,100.5519
105156,320.5017,49.3888,5.68,1.1,K0III,47.4242,,100.9082,50.6841,-41.7783,76.6039
105162,320.5217,19.8045,4.08,1.108,K1III,46.3874,,47.7783,34.6972,-28.5801,16.1879
105175,320.5616,-16.8345,4.28,0.888,G8III,61.4894,,60.3136,44.5845,-36.6721,-17.4674
105217,320.6752,30.3099,6.07,1.079,K1III,40.9638,,112.2334,74.9524,-61.402,56.6416
105229,320.7234,6.8111,5.16,0.064,A3V,77.3393,,101.4199,77.9549,-63.7523,12.0281
105233,320.7344,-9.3193,5.99,1.516,M0III,175.8733,,224.2152,171.3007,-140.0364,-36.3087
105235,320.752,-22.669,5.63,1.641,M0III,275.1693,,237.5297,169.7361,-138.6701,-91.5458
105296,320.9516,37.3515,6.46,1.472,K5,180.1358,,281.6901,173.9022,-141.0665,170.9022
105305,320.9829,-25.2025,6.47,1.123,K1III,159.9558,,266.6667,187.4662,-151.8999,-113.5516
105311,320.9951,24.2741,5.7,0.314,F1IV,12.2687,,51.8135,36.7041,-29.7276,21.3007
105319,321.031,25.3124,6.2,0.026,A2V,88.1455,,174.8252,122.8742,-99.3914,74.7472
105321,321.033,-22.7471,6.38,1.026,K0III,46.3447,,137.741,98.765,-79.8841,-53.2595
105324,321.04,-20.8519,5.38,1.176,K0III,33.0522,,73.3676,53.313,-43.1105,-26.1154
105327,321.0479,-12.8781,5.48,0.297,F0V,12.4165,,47.1032,35.7094,-28.8675,-10.4983
105337,321.0697,-69.7339,6.28,2.607,C5II,435.7125,,403.2258,108.6507,-87.7648,-378.2637
105344,321.0868,-46.6147,6.3,0.235,A5m...,26.8411,,101.0101,53.9875,-43.583,-73.4092
105348,321.0964,24.5284,6.35,1.057,K0III,54.0008,,146.6276,103.8087,-83.7739,60.8716
105354,321.1023,10.1743,6.33,0.474,F5III,33.0522,,113.6364,87.049,-70.2338,20.073
105355,321.1034,-41.0067,5.76,-0.036,A0III,62.0583,,119.7605,70.3373,-56.7481,-78.5805
105362,321.1417,26.1746,5.67,0.323,A8III,22.1411,,68.6342,47.9648,-38.6452,30.2751
105386,321.2059,80.5248,5.97,0.95,G6III:,44.0149,,111.1111,14.2562,-11.4598,109.5952
105388,321.2153,-3.3984,6.38,0.334,F0III,9.8719,,63.5728,49.4682,-39.7517,-3.7685
105420,321.3043,-9.7486,5.71,0.208,F0IV,38.1944,,91.8274,70.6343,-56.5801,-15.5486
105426,321.3207,-3.5567,5.48,1.451,K4III,79.3597,,119.0476,92.7562,-74.2568,-7.3854
105427,321.3251,-71.7991,6.09,1.265,K2III,94.189,,171.8213,41.8992,-33.5375,-163.2246
105428,321.3312,46.7143,5.59,0.335,F0V,5.665,,33.4672,17.9158,-14.3373,24.3623
105471,321.4459,36.6674,5.93,0.033,B0Ib,36982817.978,,100000.0,62727.0834,-49992.0884,59716.8662
105478,321.4649,0.5343,6.45,0.162,A1IV,12.6241,,74.239,58.0692,-46.2484,0.6923
105499,321.5643,-54.6605,6.1,0.366,F1III,14.1254,,66.8449,30.2861,-24.0352,-54.528
105513,321.5952,-37.8294,5.64,1.185,K2III,31.5646,,80.8407,50.0365,-39.6652,-49.5806
105519,321.6106,-65.3662,4.21,0.494,F6V,1.546,,9.2618,3.0259,-2.3974,-8.4189
105520,321.6111,19.3756,6.08,0.235,A8m,6.9247,,46.3607,34.2801,-27.1593,15.3806
105523,321.6169,1.1034,6.12,0.481,F5V,7.6068,,49.505,38.7986,-30.7328,0.9533
105540,321.6668,-22.4113,3.77,1.002,G4Ibp...,377.7461,,118.2033,85.7175,-67.7764,-45.0654
105550,321.6873,52.8985,6.01,-0.109,B6V,64.8037,,137.3626,65.016,-51.3699,109.5561
105557,321.715,48.8352,5.29,0.108,A6pe...,106.0718,,126.1034,65.1536,-51.4275,94.933
105572,321.7568,-42.5479,5.5,0.392,Am,17.5065,,56.4334,32.6527,-25.735,-38.1606
105587,321.8118,-21.1962,5.78,1.44,K3III,125.3141,,171.8213,125.9124,-99.0415,-62.1242
105601,321.839,37.1168,5.3,-0.14,B3V,1056.8175,,400.0,250.7934,-197.0785,241.3767
105608,321.8554,59.7501,6.11,1.72,M3II-III...,303.9485,,311.5265,123.425,-96.9329,269.1079
105625,321.9169,27.6086,5.39,0.049,A1V,20.7014,,58.3431,40.6938,-31.8886,27.0379
105631,321.9423,66.8091,5.42,-0.099,B7V,360.7447,,246.9136,76.5608,-59.9401,226.9625
105662,322.0343,32.2253,5.75,0.333,F0V,8.7337,,44.7227,29.8272,-23.2748,23.8484
105680,322.1035,8.1956,6.39,1.64,M1,134.0294,,235.2941,183.7793,-143.0503,33.542
105691,322.1649,70.5607,3.23,-0.201,B2IIIv SB,1962.4563,Alfirk,210.084,55.2195,-42.8868,198.1081
105698,322.1808,-21.8072,4.5,0.889,K0III,37.9839,,52.4659,38.4796,-29.8684,-19.4903
105703,322.1868,-69.5054,5.47,1.553,M5III,90.0326,,126.2626,34.9241,-27.1028,-118.2708
105711,322.2197,55.4187,6.14,0.1,B8III,465.1575,,390.625,175.2312,-135.8267,321.61
105721,322.2491,22.1794,5.84,1.37,M4III,167.3401,,204.0816,149.4233,-115.6998,77.0425
105723,322.2496,17.9059,6.42,1.393,K5,49.6135,,145.1379,109.1999,-84.5527,44.6233
105724,322.2505,-53.7059,6.39,1.14,K2IIICN...,33.6667,,117.9245,55.1929,-42.7342,-95.0459
105752,322.3622,46.5406,5.22,0.965,K0III,31.3906,,66.4452,36.1922,-27.9098,48.23
105762,322.3937,6.5814,6.41,1.179,K0,88.9611,,193.4236,152.2248,-117.2554,22.1691
105798,322.4871,23.6388,4.52,1.618,M1III,197.697,,120.7729,87.7606,-67.3726,48.4263
105829,322.5847,52.958,6.02,0.08,A3V,85.5067,,158.4786,75.8253,-58.005,126.4967
105885,322.7471,60.4594,5.53,0.102,B1II,1146.0406,,462.963,181.6876,-138.1732,402.781
105902,322.7901,12.1375,6.1,-0.047,B9.5V,72.3769,,151.2859,117.7946,-89.443,31.8091
105925,322.8644,52.6199,6.17,0.9,G2Ib+...,830.233,,529.1005,256.0773,-193.9198,420.4365
105936,322.8897,-5.5712,2.9,0.828,G0Ib,1635.3097,Sadalsuud,164.7446,130.7592,-98.9293,-15.9938
105964,322.959,23.8452,6.43,1.064,G8Ib,44.3813,,137.931,100.6994,-75.9955,55.7609
105978,323.012,-84.8101,6.42,1.405,K3III,102.2351,,208.3333,15.0529,-11.3382,-207.4792
105985,323.0245,-41.1793,5.29,1.109,K0III,136.1445,,142.8571,85.8983,-64.6715,-94.0596
105998,323.0607,-33.9446,5.97,0.051,A2V,84.879,,154.321,102.3239,-76.9367,-86.1715
106021,323.1386,-24.5904,6.43,0.2,A7V,10.7647,,67.9348,49.4243,-37.0568,-28.2696
106051,323.2358,49.9776,5.77,-0.042,A0V,97.8138,,151.0574,77.8218,-58.1424,115.6788
106077,323.3234,-52.7378,6.43,1.481,K4III,210.4747,,300.3003,145.824,-108.6013,-239.0008
106078,323.3245,45.854,6.27,1.805,K1Ibvar,450.4017,,408.1633,228.0024,-169.7961,292.8847
106081,323.3378,-80.0394,6.47,0.044,A0V,30.7044,,116.8224,16.2094,-12.0655,-115.0615
106087,323.348,-44.8487,5.57,1.044,K0III,206.8236,,200.4008,113.9862,-84.8142,-141.3301
106132,323.477,-82.6831,6.35,0.089,B3IV,118.6861,,217.3913,22.2493,-16.4774,-215.6211
106139,323.4952,45.5918,3.98,0.885,G8III,32.0037,,37.8931,21.314,-15.7742,27.0698
106158,323.5715,-42.9247,6.32,1.093,K1IIICN...,33.8844,,114.5475,67.4876,-49.808,-78.011
106176,323.6144,51.6985,6.17,-0.015,B9III,493.8556,,408.1633,203.6595,-150.0716,320.3101
106185,323.6416,22.7545,6.45,0.513,F7V,9.1622,,63.2511,46.9732,-34.579,24.4645
106202,323.6782,1.8292,6.41,1.398,M3,181.3009,,276.2431,222.4565,-163.5409,8.8175
106208,323.6913,18.3289,6.47,1.254,K2,209.1221,,304.878,233.2181,-171.3703,95.8755
106210,323.6939,38.5341,4.87,1.085,K1III,49.4311,,70.9723,44.7394,-32.8717,44.2143
106217,323.7127,-20.0843,5.7,0.423,F5V,3.3574,,27.1003,20.5161,-15.0635,-9.3063
106222,323.7208,-29.6961,6.42,-0.097,B8IIIw,313.6173,,364.9635,255.5725,-187.5936,-180.8028
106248,323.8165,-23.4543,6.39,1.098,K1III,30.3669,,111.9821,82.9164,-60.649,-44.5709
106250,323.8234,-3.9833,5.79,1.11,G9III:,69.1831,,128.2051,103.2374,-75.4936,-8.9059
106253,323.8296,28.1976,6.25,0.357,F0IV,13.9316,,71.1238,50.6019,-36.9948,33.607
106262,323.858,68.2193,6.47,-0.083,Ap Si,80.9841,,189.7533,56.8593,-41.5264,176.207
106263,323.8626,24.4522,6.22,0.141,A4V,110.5605,,197.6285,145.2904,-106.0927,81.805
106300,324.0103,45.3746,5.96,1.341,M4IIIe-M6e,109.9512,,174.8252,99.3678,-72.1675,124.4256
106313,324.0457,-26.1715,5.73,0.234,A7/A8IV,15.1915,,58.4454,42.4603,-30.7975,-25.7779
106318,324.0583,30.0554,6.36,1.24,G8III-IV,30.5914,,110.8647,77.689,-56.3237,55.5252
106361,324.2033,-33.0479,6.1,0.226,A5V,17.2822,,73.9098,50.2494,-36.2366,-40.306
106369,324.2374,40.4135,5.04,0.198,A5V,36.3747,,65.8328,40.673,-29.2939,42.6794
106381,324.2701,-19.466,4.51,-0.18,B3V:p,1432.1879,,323.6246,247.6949,-178.1828,-107.8471
106410,324.3662,44.6966,6.19,0.218,A7III,83.0233,,168.9189,97.5915,-69.9559,118.8094
106416,324.3907,-0.3906,6.22,0.056,A2V,36.0745,,112.8668,91.7592,-65.7158,-0.7694
106429,324.4117,54.0422,6.16,0.991,K1III,81.508,,165.0165,78.7977,-56.3893,133.5725
106441,324.4318,6.6184,6.19,0.046,A2V,22.3666,,87.6424,70.8154,-50.6393,10.1013
106444,324.438,-7.8542,4.68,0.175,A7V,35.059,Bunda,54.7645,44.1322,-31.5514,-7.4837
106445,324.4393,19.3186,5.46,0.321,F1IV,55.2586,,98.4252,75.5605,-54.0177,32.5611
106459,324.4801,62.0819,4.76,0.246,B2Ib,108642562.3617,,100000.0,38108.1259,-27202.2319,88361.8092
106475,324.5118,-64.8242,6.22,0.021,A0/A1IV,92.2147,,180.5054,62.5223,-44.5773,-163.3586
106513,324.6331,5.7717,5.66,0.265,A9IV-Vn,14.1906,,54.7046,44.3834,-31.5031,5.5014
106529,324.6882,25.4988,6.18,1.026,G9III,49.1587,,129.3661,95.2824,-67.4933,55.6912
106538,324.7341,-79.4426,6.17,0.46,F4IV,12.314,,64.433,9.6389,-6.8161,-63.3423
106543,324.7401,57.489,5.74,0.2,O6 (f),1618.8254,,606.0606,265.9753,-188.0418,511.084
106554,324.7549,20.2655,5.77,0.314,F2V,6.7671,,39.7456,30.4506,-21.5164,13.7667
106564,324.7755,-33.6789,6.28,0.949,G8IV,5.415,,44.964,30.566,-21.5816,-24.9342
106595,324.8671,-10.5769,6.07,1.034,K0,28.8138,,94.162,75.6991,-53.2672,-17.2839
106601,324.8886,2.2436,5.1,1.034,K0III,38.3001,,69.4444,56.7644,-39.9116,2.7186
106635,324.9989,-52.359,6.2,0.584,F7III,87.2569,,173.913,87.0015,-60.9217,-137.7135
106642,325.0227,-16.6623,3.69,0.32,A7III:mp...,67.4839,Nashira,48.1464,37.7937,-26.4411,-13.805
106656,325.0462,43.2738,5.09,1.601,M1IIIvar,122.8005,,123.7624,73.8552,-51.6252,84.8374
106687,325.1404,-55.738,6.33,1.06,K0III-IV,125.1988,,221.2389,102.2024,-71.1902,-182.8477
106698,325.1804,54.8721,6.16,1.116,K0III,144.544,,219.7802,103.8197,-72.2091,179.7517
106746,325.3688,-77.39,3.73,1.008,K0III,12.6125,,21.1999,3.8082,-2.6302,-20.6885
106752,325.3869,-14.0476,5.16,0.672,G2V,8.3023,,33.2336,26.5335,-18.3132,-8.0667
106754,325.3927,40.8052,6.07,0.068,A2V,75.3009,,152.207,94.826,-65.4338,99.4657
106776,325.4798,71.3114,4.55,1.108,K0III,41.2287,,55.9284,14.7654,-10.1557,52.9795
106785,325.5029,-23.2629,5.24,0.991,K0III,34.9301,,70.7214,53.5469,-36.7978,-27.9314
106786,325.5045,35.5102,5.98,2.5,C6.3,1379.1135,,625.0,419.3032,-288.1304,363.0299
106795,325.5236,51.1896,4.69,-0.119,B3IV,3244.8902,Azelfafage,529.1005,273.3667,-187.714,412.288
106797,325.5348,45.7657,6.11,1.415,M4.5,137.6575,,209.6436,120.5756,-82.7615,150.2082
106801,325.5421,1.2853,5.66,1.446,K2III,556.1603,,342.4658,282.3066,-193.7184,7.6815
106808,325.5644,5.6801,5.3,1.653,M2III,330.5217,,223.7136,183.6045,-125.8844,22.142
106819,325.5956,41.077,5.73,0.055,A0V,71.0559,,126.4223,78.6297,-53.8476,83.0687
106830,325.6373,10.8243,6.06,-0.115,B5IV,151.0776,,214.5923,173.9902,-118.9671,40.3
106843,325.6617,49.6003,6.1,0.993,G8II,306.7609,,311.5265,166.7177,-113.8905,237.2403
106845,325.6646,-18.8663,4.72,0.868,G8III,91.622,,90.1713,70.4587,-48.1275,-29.1579
106854,325.689,59.2708,6.1,1.349,K1III,356.123,,335.5705,141.6326,-96.6549,288.4538
106887,325.7671,72.3201,5.18,1.063,K0III,41.4572,,74.9625,18.822,-12.8072,71.4219
106889,325.7683,-14.3997,5.88,0.255,A9/F0V,69.0558,,133.5113,106.9153,-72.746,-33.2023
106892,325.777,41.155,5.51,1.615,M2III,211.0571,,196.8504,122.5523,-83.3585,129.5468
106895,325.8064,-19.621,6.23,0.269,A0m...,33.0826,,108.5776,84.5944,-57.4765,-36.4599
106910,325.8569,38.2836,5.69,-0.01,A0V,32.6889,,84.1751,54.685,-37.0846,52.151
106916,325.8769,58.78,4.23,2.242,M2Ia,177010895.8317,Garnet Star,100000.0,42908.7097,-29076.6115,85518.3799
106928,325.9157,7.5287,6.47,1.114,K0,42.1891,,136.9863,112.4759,-76.107,17.9482
106954,325.9921,22.8153,6.43,1.295,K2,73.8584,,177.9359,135.9613,-91.7342,68.9967
106956,325.9962,-57.3252,6.49,0.484,F7IV/V,4.5709,,45.4959,20.3618,-13.7362,-38.2961
106959,326.004,-14.7494,5.96,0.219,A7IV/V,10.1018,,52.9942,42.4885,-28.6545,-13.4919
106967,326.0357,28.7426,4.49,0.512,F6V,6.8865,,22.237,16.1706,-10.8926,10.6932
106972,326.0465,9.875,2.38,1.52,K2Ibvar,4349.1061,Enif,211.4165,172.7699,-116.3309,36.2578
107001,326.1227,-38.5525,6.28,1.129,K1IIICN...,189.496,,265.9574,172.6791,-115.9361,-165.7531
107005,326.1279,17.35,4.34,1.161,G5Ib,1290.6248,,284.0909,225.1439,-151.1313,84.7182
107007,326.1305,14.7719,5.96,0.587,G0V,1.1513,,17.8859,14.36,-9.6384,4.5604
107011,326.1614,25.645,4.14,0.425,F5IV,22.532,,34.2231,25.6259,-17.18,14.8116
107031,326.222,62.4606,5.94,0.312,O9II,3084.6081,,917.4312,352.5797,-235.8355,813.4797
107037,326.2367,-33.0258,4.35,-0.053,B9.5V,62.1155,,62.6174,43.6454,-29.1776,-34.1275
107039,326.2511,-9.0824,5.1,1.108,G8II-III,468.1661,,242.7184,199.2852,-133.1527,-38.3144
107055,326.3017,52.2676,6.4,1.901,K5Ib,23988329.1902,,100000.0,50914.47,-33953.5993,79087.735
107066,326.328,-49.4988,6.46,1.148,K1III,37.3938,,128.3697,69.3839,-46.2244,-97.6113
107075,326.3622,61.1208,4.25,0.474,A2Iavar,173780082.8749,,100000.0,40209.4928,-26753.3774,87563.9965
107080,326.3701,-71.0088,6.02,-0.099,B8IV,176.6851,,227.7904,61.7214,-41.0541,-215.3915
107102,326.4354,35.8573,6.44,0.997,G8III,53.064,,151.5152,102.3245,-67.8931,88.7529
107129,326.5182,22.9489,5.29,1.381,K0Ib,1217.8674,,427.3504,328.2255,-217.0979,166.6281
107144,326.5678,-9.2759,6.0,1.629,M3III,458.3529,,363.6364,299.5002,-197.7257,-58.6143
107159,326.5997,25.5635,6.28,1.212,K3III:,33.1436,,111.2347,83.7731,-55.2387,47.999
107174,326.6337,-11.366,5.57,-0.002,A1V,38.4061,,86.3558,70.7075,-46.5633,-17.0186
107190,326.6984,49.3096,4.23,-0.12,B3III,2034.2297,,338.9831,184.7162,-121.3434,257.0316
107212,326.7536,70.1509,6.45,-0.007,A0V,53.555,,152.9052,43.4202,-28.4636,143.8211
107213,326.7602,-16.1273,2.85,0.18,A5mF2 (IV),8.8879,Deneb Algedi,11.8666,9.5344,-6.2486,-3.2962
107215,326.7698,17.194,6.18,0.35,F3V,6.8929,,48.4496,38.7157,-25.364,14.3221
107232,326.8082,2.6861,5.63,0.012,A1V,148.4568,,174.5201,145.8854,-95.435,8.1788
107243,326.8554,60.6927,5.53,1.575,M1III,105.4873,,140.4494,57.5632,-37.5888,122.4728
107254,326.9093,-5.9168,6.17,0.23,A7V,14.3615,,69.5894,57.9919,-37.791,-7.1736
107265,326.934,-30.8983,5.02,0.042,A1V,82.8705,,98.4252,70.7783,-46.08,-50.5429
107294,327.035,36.5804,6.25,1.545,K5,87.1766,,177.9359,119.8821,-77.7483,106.0409
107306,327.0654,-47.3036,5.57,0.601,G2V,1.3183,,15.9949,9.1033,-5.897,-11.7556
107321,327.1223,38.6486,6.1,-0.072,B8V,66.9885,,145.5604,95.4732,-61.7117,90.9086
107367,327.2838,66.792,6.49,0.391,F3IV,21.2227,,98.0392,32.5053,-20.881,90.1059
107380,327.3292,61.2728,6.18,1.685,M1II-III,216.9702,,271.7391,109.9447,-70.5041,238.2928
107391,327.3619,20.4624,6.27,-0.097,B2V,347.3762,,358.4229,282.7812,-181.1108,125.3023
107406,327.4171,41.1488,6.48,0.381,A2Ib,22284351.4927,,100000.0,63449.0262,-40550.7312,65801.6662
107407,327.4209,-12.7229,6.31,0.223,A1/A2III,49.8425,,138.3126,113.6873,-72.6476,-30.4613
107420,327.4612,30.1742,5.07,0.01,A1Vs,57.9696,,84.246,61.3983,-39.1735,42.3446
107430,327.5005,-64.7125,5.62,1.018,K1III,52.8202,,103.6269,37.3332,-23.7834,-93.697
107445,327.5362,17.2859,5.34,0.394,F2III-IV,7.1121,,33.4225,26.9259,-17.1298,9.9311
107454,327.5541,-16.8449,6.38,1.42,K3III,115.9845,,217.8649,175.967,-111.87,-63.1334
107492,327.6967,-69.6294,5.52,1.378,M0III,149.8304,,166.6667,49.0362,-31.0033,-156.2435
107500,327.7262,-82.7189,5.27,0.756,G8/K0III+..,106.9547,,125.4705,13.4451,-8.491,-124.4587
107513,327.7707,39.5367,6.2,-0.068,B9p HgMn,279.7693,,311.5265,203.2365,-128.1298,198.309
107544,327.8927,19.8267,5.78,-0.1,B8III,110.8664,,161.5509,128.7307,-80.7755,54.7942
107550,327.9052,65.7527,6.37,0.281,Am+...,18.9147,,87.5657,30.4652,-19.1069,79.8408
107558,327.9239,-18.6229,6.19,0.374,F0V,12.1787,,64.6831,51.9391,-32.5511,-20.6558
107587,328.0043,55.7967,5.7,-0.081,B6IV-V,970.957,,460.8295,219.694,-137.2571,381.1284
107613,328.0758,21.2732,6.27,1.601,M8III,203.9858,,274.7253,217.2845,-135.3753,99.6744
107632,328.1247,28.7935,5.52,0.426,F6IVwvar,4.0663,,27.4499,20.4284,-12.7033,13.2214
107679,328.2657,25.9251,5.09,-0.155,B3V,301.1619,,193.7984,148.2379,-91.6762,84.728
107693,328.324,-13.5518,5.08,0.378,F3IV,5.7332,,26.617,22.0212,-13.5878,-6.237
107717,328.4058,19.6684,5.69,0.011,A0Vs,24.1213,,72.3066,57.9959,-35.6713,24.3367
107742,328.4821,-37.3649,3.0,-0.084,B8III,230.1442,Aldhanab,64.7249,43.8536,-26.8923,-39.2808
107747,328.4907,6.8648,6.14,0.786,G0IIIs,60.1451,,140.4494,118.8825,-72.8778,16.7875
107759,328.5432,-4.2762,5.71,1.185,K2III,36.4418,,89.6861,76.2923,-46.6729,-6.6874
107776,328.5726,19.7181,6.36,0.938,K0III+...,26.3998,,102.9866,82.7258,-50.5504,34.747
107790,328.6106,80.3086,6.43,1.453,M3,120.0052,,226.7574,32.5861,-19.8824,223.5213
107802,328.6496,-3.3013,6.24,0.466,F5IV,9.7454,,59.2066,50.4786,-30.7523,-3.4095
107822,328.7215,56.6112,5.74,0.655,B8Ibvar,44055486.3507,,100000.0,47033.0542,-28572.3886,83495.5713
107852,328.7973,-61.8866,5.92,0.393,F1III,8.0612,,46.4684,18.7292,-11.344,-40.9859
107866,328.8358,61.5418,6.17,1.599,G8Ib...,29648313.8952,,100000.0,40775.0147,-24659.3985,87916.5072
107883,328.8791,65.3208,5.84,-0.037,B2.5Ve,397.3745,,314.4654,112.404,-67.8623,285.7421
107916,328.9818,-30.6059,6.41,0.927,G8III,40.1051,,129.8701,95.794,-57.6002,-66.1208
107938,329.0585,-57.8996,6.17,0.215,A3m...,60.5341,,142.8571,65.1117,-39.0326,-121.0168
107949,329.0949,-37.2537,5.45,0.084,A3V,61.038,,102.9866,70.3349,-42.1031,-62.3424
107951,329.0999,21.2399,6.39,1.698,K5V,393.7314,,403.2258,322.491,-193.0074,146.0778
107972,329.1631,63.6256,5.11,1.547,M2 comp,4450.4098,,751.8797,286.7925,-171.213,673.6165
107994,329.2349,12.0765,5.54,0.054,A2Vnn,79.9466,,122.8501,103.2254,-61.4496,25.7024
108000,329.259,-37.7468,6.18,0.321,F2/F3V,60.6457,,143.6782,97.646,-58.0726,-87.956
108019,329.2962,66.1562,6.41,-0.056,B2V,665.5796,,529.1005,183.9035,-109.2103,483.9421
108075,329.4628,74.9967,6.32,1.56,K5,311.315,,347.2222,77.4196,-45.6714,335.3857
108086,329.4794,-54.9926,4.4,0.297,F0IV,50.3501,,57.6701,28.5004,-16.8018,-47.2363
108108,329.5554,-5.4249,6.33,0.378,F5IV,7.4405,,53.9374,46.2922,-27.2079,-5.0993
108133,329.6253,-59.0121,6.13,0.469,F3V,13.8548,,67.1141,29.8111,-17.4724,-57.5353
108149,329.6825,-21.1829,6.06,1.621,M2III,341.3501,,322.5806,259.6494,-151.8334,-116.5635
108160,329.723,62.698,5.96,1.64,M3III,290.2686,,284.0909,112.5329,-65.6984,252.4435
108161,329.7291,-4.3731,6.24,0.971,K2V,3.7809,,36.8868,31.7646,-18.5401,-2.8127
108190,329.8128,73.1799,5.04,0.439,F5V,11.324,,36.7242,9.1857,-5.3434,35.1531
108198,329.8246,-38.3951,5.5,0.996,K1II/III,96.6496,,132.626,89.8596,-52.2479,-82.3714
108267,330.033,6.7174,6.0,-0.112,B3III,375.3185,,328.9474,283.0153,-163.1815,38.478
108282,330.101,-55.8835,6.02,-0.061,B9IV/V,94.5366,,166.6667,81.038,-46.5971,-137.9831
108287,330.1113,33.0059,6.46,0.463,F5III,10.7349,,68.7758,50.0051,-28.7411,37.464
108316,330.2093,-28.4537,5.43,-0.095,B8/B9V+...,368.129,,250.6266,191.2311,-109.478,-119.4108
108346,330.2709,0.6047,5.6,1.279,K4III:,240.9905,,219.2982,190.4235,-108.7439,2.3145
108348,330.2723,13.1198,5.61,0.336,F4III,29.621,,77.2201,65.3069,-37.2923,17.5281
108354,330.2885,8.2572,5.65,1.44,K5III,131.5831,,165.8375,142.542,-81.3425,23.817
108413,330.4608,52.8823,5.79,-0.106,B5III,395.9132,,306.7485,161.0482,-91.2623,244.6003
108414,330.4693,-77.6625,6.39,0.231,A5IV/V,24.0547,,99.7009,18.5356,-10.5,-97.3984
108422,330.5057,10.9738,6.36,-0.104,B5IIIn,892.0722,,598.8024,511.67,-289.4215,113.9881
108427,330.5191,58.0004,5.55,0.017,O9V,4583.5292,,934.5794,431.1218,-243.7277,792.5714
108439,330.5494,-17.9035,6.28,1.002,K0III,21.6571,,89.9281,74.5156,-42.0742,-27.6452
108452,330.6094,-16.9648,6.39,0.447,A0/1V + K1/2,176.8479,,270.2703,225.2376,-126.8663,-78.8607
108499,330.7361,44.6499,5.57,-0.029,A0IV,117.598,,151.0574,93.7496,-52.5321,106.159
108503,330.7657,-76.1184,5.94,0.399,F3III,14.3483,,62.5782,13.1012,-7.3323,-60.7505
108522,330.8186,-6.5224,5.55,0.959,K0III,45.4988,,93.1099,80.7662,-45.1044,-10.5765
108526,330.8323,-56.786,4.69,1.056,K5V,0.1521,,3.6224,1.7326,-0.9671,-3.0306
108528,330.8285,-2.1554,4.74,-0.1,B7IVe,197.3331,,133.5113,116.4949,-65.0307,-5.0213
108529,330.8293,11.3866,5.83,-0.05,B9.5V,151.0776,,193.0502,165.2481,-92.2432,38.1134
108573,330.947,64.628,4.26,0.379,Am,15.08,Kurhah,29.5946,11.0855,-6.1582,26.74
108578,330.9706,63.1199,5.26,1.557,M5III,115.8777,,130.039,51.4076,-28.5302,115.9889
108606,331.0993,-29.9165,6.45,1.603,K5III,929.8224,,636.9427,483.3162,-266.8124,-317.6674
108623,331.1438,32.9417,6.36,1.121,G5Ia,201.9296,,284.9003,209.4076,-115.3903,154.9248
108629,331.1532,-26.8224,5.97,-0.167,B3V (+B),507.6916,,377.3585,294.971,-162.4757,-170.2739
108645,331.1976,-0.9063,5.29,0.231,A5m,30.9314,,68.1199,59.6851,-32.8154,-1.0775
108659,331.252,62.7857,5.27,1.413,K4III,58.6678,,92.9368,37.2633,-20.4416,82.6489
108663,331.2644,14.8159,6.38,1.523,M2.5III:,66.9885,,165.5629,140.3468,-76.9509,42.3368
108671,331.2866,62.2798,5.07,0.24,O9.5Ib,3271.8998,,632.9114,258.1999,-141.4387,560.272
108677,331.2972,26.6737,5.75,1.249,K2III,62.1727,,119.3317,93.5295,-51.2118,53.569
108687,331.3188,46.7448,6.16,1.611,M4III,278.2275,,304.878,183.2838,-100.2669,222.0455
108710,331.3945,28.964,5.69,-0.048,B9Vn,52.1915,,106.383,81.7158,-44.5631,51.517
108722,331.4198,5.0585,4.86,1.443,K4III,68.6752,,83.2639,72.8333,-39.6774,7.3417
108728,331.446,-0.3199,2.95,0.969,G2Ib,1483.201,Sadalmelik,160.5136,140.9876,-76.7222,-0.8961
108735,331.4624,-59.6361,5.62,1.468,K4III,111.5835,,150.6024,66.8789,-36.369,-129.9446
108736,331.4634,48.2315,6.26,-0.088,B2V SB,27289777.8281,,100000.0,58519.6867,-31821.9964,74584.2263
108756,331.5081,45.0143,5.09,1.568,K5III,278.9973,,186.5672,115.916,-62.9159,131.956
108765,331.5287,-39.5434,4.47,1.349,M0III,78.1988,,74.239,50.325,-27.2916,-47.2651
108775,331.5511,45.2487,6.19,0.078,A3V,27.8227,,97.7517,60.5096,-32.7842,69.4203
108779,331.5565,56.3434,6.38,-0.091,A0III,95.4113,,197.6285,96.307,-52.1676,164.5008
108793,331.6093,-13.8697,4.29,-0.075,B8V,48.3059,,53.7057,45.8687,-24.7915,-12.874
108830,331.7527,25.3451,3.77,0.435,F5V,3.7188,,11.7261,9.3354,-5.0155,5.0196
108844,331.7902,58.8407,6.34,0.877,G6III,110.0525,,208.3333,94.9919,-50.9552,178.2775
108859,331.8566,53.3074,6.17,0.389,A3Ib,29648313.8952,,100000.0,52687.6093,-28183.86,80185.322
108863,331.8691,19.4755,5.74,0.331,F2V:,16.9044,,61.9579,51.5128,-27.5409,20.657
108866,331.8748,18.0007,6.31,1.605,M1,245.2449,,306.7485,257.286,-137.5231,94.7941
108894,331.9596,21.7029,5.79,-0.077,B7Vn,146.4199,,186.5672,152.9946,-81.4871,68.9915
108922,332.0581,-46.961,1.73,-0.07,B7IV,169.8244,Alnair,30.9693,18.6724,-9.904,-22.6351
108926,332.0679,49.797,6.41,1.579,K5III,303.1098,,357.1429,203.6783,-107.9885,272.7722
108930,332.0718,25.5435,6.08,0.311,F1IV,25.0496,,88.1834,70.2978,-37.265,38.0244
108939,332.0958,-32.9885,4.5,0.054,A2V,23.9442,,41.6493,30.8728,-16.3492,-22.6768
108943,332.1081,-34.0438,4.99,1.499,K4III,148.5936,,130.039,95.2342,-50.4068,-72.7994
108957,332.1701,45.7423,6.11,0.763,K2III comp,5.7332,,42.7716,26.3973,-13.9353,30.6333
108960,332.1777,-33.1257,6.37,0.205,A2III/IV,15.0107,,78.0031,57.7739,-30.4895,-42.6269
108986,332.2458,-18.5196,5.8,-0.154,B2III,2126.1799,,714.2857,599.3759,-315.403,-226.8778
109006,332.3068,33.1723,5.58,0.985,G6III:,39.9945,,88.4956,65.5882,-34.4246,48.4212
109029,332.3707,-23.6591,6.36,0.921,G8III,77.6962,,176.6784,143.3745,-75.0479,-70.9
109054,332.4516,72.3412,4.79,0.919,G8III,154.4543,,120.919,32.5217,-16.9646,115.2213
109058,332.4821,-34.015,5.37,0.241,A5IV,24.8657,,63.3714,46.5853,-24.2693,-35.4506
109062,332.4911,-48.1077,6.43,1.38,K3III,91.5377,,198.0198,117.2749,-61.0727,-147.4061
109064,332.4969,33.1782,4.28,0.471,F5III,109.9512,,80.6452,59.8696,-31.1703,44.1327
109066,332.5006,-28.2924,6.44,0.147,A5V,37.914,,128.041,100.0068,-52.0589,-60.6878
109076,332.5364,-32.5484,4.94,0.489,F6V,3.0761,,18.2782,13.671,-7.1057,-9.8339
109081,332.5499,6.1979,3.52,0.086,A2V,27.2647,Biham,28.2965,24.9639,-12.9677,3.055
109088,332.5638,72.1113,6.36,-0.053,B9MNp...,62.1155,,157.9779,43.068,-22.3589,150.3404
109093,332.5792,19.6163,6.18,0.688,G0V,10.3086,,59.2417,49.5338,-25.6987,19.8886
109096,332.5879,-3.8941,6.28,-0.006,A1Vnn,58.776,,148.1481,131.2102,-68.0479,-10.0611
109100,332.5918,14.6299,6.36,1.08,K0III,45.8353,,135.6852,116.5491,-60.4344,34.2705
109112,332.6258,20.978,6.45,0.099,A3III,99.4489,,208.3333,172.7421,-89.4425,74.5852
109120,332.6406,-4.2669,5.98,0.981,K0III-IV,36.7113,,101.9368,90.2834,-46.7173,-7.5843
109125,332.656,11.6245,5.78,1.617,M1III,185.012,,208.7683,181.6379,-93.9271,42.0663
109126,332.6562,-11.5649,5.43,-0.117,B5III,111.4808,,137.931,120.0321,-62.0695,-27.6522
109128,332.6619,70.1326,5.52,0.391,F2V,6.087,,33.5909,10.1407,-5.2425,31.5916
109146,332.7136,58.2013,3.39,1.558,K1Ibv SB,2523.4808,,256.4103,120.0777,-61.9406,217.9242
109147,332.7154,30.553,6.3,0.227,A8IV,44.2588,,129.7017,99.2669,-51.2016,65.9319
109163,332.7599,-21.2328,6.1,0.503,F6/F7V,10.0369,,56.338,46.6896,-24.0365,-20.4033
109176,332.791,50.8234,5.38,0.152,A5V,19.3553,,56.1482,31.5447,-16.218,43.5262
109210,332.8774,59.4145,5.05,0.192,O6e,3056.3283,,606.0606,274.4667,-140.5882,521.7398
109226,332.9527,56.8394,5.24,0.534,F8V,9.7454,,37.3552,18.1981,-9.2913,31.2715
109231,332.9639,16.0406,5.93,0.951,K1III,11.1686,,54.9451,47.0353,-24.003,15.1823
109238,332.9796,-76.116,6.13,1.001,K0III,23.9221,,88.1834,18.8504,-9.6133,-85.607
109239,332.9867,59.0846,6.29,1.123,K0III,36.9148,,117.9245,53.9764,-27.5181,101.1706
109246,333.0084,60.7591,5.37,1.184,K1III,77.8395,,112.1076,48.7975,-24.8546,97.8221
109256,333.0337,24.9506,5.97,1.5,K0,35645113.3426,,100000.0,80809.2354,-41114.4748,42183.7342
109274,333.0935,63.291,5.76,1.645,M3III,365.4265,,290.6977,116.5126,-59.1268,259.6806
109278,333.1073,-14.194,6.04,0.386,F0V,5.9102,,42.0521,36.3594,-18.4403,-10.3114
109301,333.1828,-4.7207,6.39,0.498,F7V,19.1955,,89.0472,79.2006,-40.037,-7.3284
109308,333.1993,34.6046,5.34,1.134,K2III,39.8474,,79.1139,58.123,-29.361,44.9296
109313,333.2197,73.3072,6.11,1.006,A3V+...,139.4441,,210.9705,54.0994,-27.3042,202.0799
109321,333.2395,-26.3278,6.19,0.169,A3V,11.7166,,63.4518,50.7791,-25.6064,-28.1413
109347,333.2925,86.108,5.27,-0.03,B9.5Vn,42.0339,,78.6782,4.7707,-2.4002,78.4967
109384,333.4112,28.608,5.87,1.169,K2III,21.8978,,74.8503,58.7627,-29.4118,35.8394
109391,333.4351,-25.1809,5.58,0.497,F7II,30.5914,,77.3994,62.6494,-31.3245,-32.9317
109399,333.4551,45.4406,5.53,0.021,A0III,31.8273,,77.1605,48.4324,-24.1949,54.9787
109400,333.4571,63.1623,6.13,-0.089,B8Vn,492.0395,,400.0,161.552,-80.6978,356.9157
109408,333.4697,39.7149,4.5,1.385,K3III,301.9952,,147.929,101.8094,-50.8276,94.5219
109440,333.5751,-21.0746,5.33,0.812,K1III,32.9306,,71.582,59.8154,-29.725,-25.7396
109443,333.5781,-27.7669,5.45,-0.121,B7V,135.7688,,153.6098,121.7236,-60.482,-71.5631
109475,333.6606,-41.3817,6.23,0.648,G5V,1.364,,22.0507,14.8274,-7.3409,-14.5771
109485,333.6848,42.9539,5.72,0.014,A2Vnn,30.4509,,82.3723,54.0407,-26.7264,56.1293
109511,333.7582,57.0436,4.18,0.278,F0IV,12.7174,,26.1986,12.7832,-6.3017,21.9828
109555,333.896,-44.4515,6.1,0.988,G8/K0III,115.558,,191.2046,122.5677,-60.056,-133.9016
109562,333.9038,-41.3467,4.79,0.79,G8III+...,75.024,,84.246,56.7982,-27.8205,-55.6541
109591,333.9924,37.7487,4.14,1.447,K3III,697.5896,,190.4762,135.3587,-66.0411,116.6095
109593,333.9993,8.5496,6.21,0.019,A1Vn,40.2903,,118.7648,105.5583,-51.4858,17.6562
109626,334.1106,57.2202,5.88,0.95,G8III,138.4204,,189.0359,92.0745,-44.688,158.9334
109627,334.1107,-41.6272,5.11,0.93,G8III,52.0955,,81.367,54.7164,-26.5563,-54.0506
109631,334.1235,27.804,6.38,0.982,G9III,35.1237,,119.9041,95.427,-46.2884,55.9291
109638,334.1402,-1.5964,6.16,0.194,A5Vn,19.4984,,80.7103,72.6001,-35.1898,-2.2485
109644,334.1561,-25.8982,6.14,1.11,K1II/III,94.4496,,176.0563,142.5354,-69.0391,-76.8966
109654,334.2002,-12.8314,5.34,1.132,K1III,206.063,,179.8561,157.8843,-76.3237,-39.9431
109657,334.2085,-7.7833,4.17,0.979,G8III-IV,61.7732,Ancha,57.4713,51.2695,-24.7753,-7.7831
109663,334.219,-9.0401,5.8,1.158,K3III:,53.4564,,113.2503,100.711,-48.6444,-17.7945
109672,334.2493,-23.1402,6.17,1.051,K0III,59.9791,,142.2475,117.8134,-56.8282,-55.9009
109677,334.2771,-5.3872,5.75,0.878,G6III,39.2283,,94.7867,85.0165,-40.9576,-8.8991
109710,334.368,49.127,6.46,1.046,K0,118.905,,228.833,135.0087,-64.7781,173.0347
109733,334.4611,-77.5116,5.49,0.312,F3III,8.2186,,38.4911,7.5102,-3.5884,-37.5804
109745,334.5178,-0.2377,6.39,0.441,F3V,4.2658,,41.9815,37.8972,-18.0616,-0.1741
109757,334.5526,62.8044,5.75,1.256,K3III,348.3373,,282.4859,116.5788,-55.474,251.2575
109763,334.5643,-53.6271,5.36,0.614,G1V,1.188,,13.7855,7.3829,-3.5113,-11.0997
109784,334.6256,-60.2596,2.87,1.39,K3III,232.2737,Lang-Exster,61.237,27.4473,-13.0179,-53.171
109825,334.7342,37.7693,6.19,0.27,A9IIIp,15.7326,,73.5294,52.5635,-24.8083,45.0355
109833,334.7531,-13.305,5.96,1.075,K0III,46.2594,,113.3787,99.796,-47.0603,-26.0924
109912,335.0063,-80.4397,5.09,1.276,M6III,63.6796,,89.1266,13.4164,-6.2544,-87.8888
109927,335.0496,-7.8211,5.35,-0.048,B8IIIMNp...,460.8929,,270.2703,242.7675,-112.9483,-36.7785
109952,335.1149,5.7895,5.37,-0.037,B5IV,945.366,,390.625,352.5494,-163.5365,39.4039
109965,335.1511,-57.5098,6.41,1.404,K3/K4III,303.1098,,357.1429,174.0805,-80.6169,-301.244
109968,335.1615,58.4099,6.46,0.99,G8III,78.1268,,185.5288,88.1969,-40.8246,158.0367
109970,335.1647,50.9808,6.4,1.195,K2,430.5266,,423.7288,242.1,-112.0472,329.2098
109995,335.2325,8.1867,6.18,0.451,F6V,2.8106,,30.931,27.7996,-12.8261,4.4046
110000,335.2502,26.9352,6.46,1.526,M4III,115.6645,,225.7336,182.7605,-84.2528,102.2532
110005,335.2564,46.5366,4.55,-0.1,B6V,381.2414,,170.068,106.2476,-48.9664,123.4377
110025,335.3306,28.3305,4.78,-0.01,B9III,484.8417,,213.2196,170.5517,-78.3348,101.1849
110040,335.3795,12.2052,4.82,-0.132,B2IV-V,2544.4856,,497.5124,442.059,-202.5819,105.1807
110045,335.3982,-21.5982,5.12,1.057,K0III,21.4388,,52.4384,44.3306,-20.2978,-19.3024
110049,335.4141,-1.3873,3.86,-0.057,A0V,62.748,Sadachbia,50.2008,45.6361,-20.8803,-1.2154
110062,335.462,42.0782,6.38,-0.086,B5V,70.9251,,170.3578,115.0251,-52.5122,114.1642
110132,335.6842,-45.9479,6.42,2.231,S57:,62.6902,,163.1321,103.3654,-46.7057,-117.2444
110141,335.7095,36.659,6.45,1.052,K0,42.9734,,136.9863,100.1623,-45.205,81.7879
110151,335.7507,57.2846,6.18,-0.112,B8III-IV,283.4001,,310.559,153.0371,-68.9358,261.2937
110153,335.7521,62.4194,6.04,0.035,A1V,173.4603,,227.7904,96.1617,-43.3134,201.9043
110158,335.7792,55.9632,6.44,2.215,G8Iavar,23120647.9018,,100000.0,51045.3128,-22962.9023,82867.8536
110160,335.783,-45.9285,5.62,0.372,F3III-IV,7.8705,,40.0,25.3738,-11.4125,-28.7389
110183,335.8785,-24.7627,5.53,0.979,K0IIICN...,34.4826,,80.3213,66.5671,-29.8069,-33.6434
110186,335.884,-7.1944,5.92,0.998,G6V,76.4188,,143.0615,129.547,-57.9927,-17.9165
110192,335.8901,52.229,4.42,1.015,G9III,40.3645,,52.1105,29.1336,-13.0381,41.1916
110202,335.9148,20.8482,6.2,0.518,F7V,3.2749,,33.7041,28.7552,-12.8539,11.9951
110220,335.9759,38.5736,6.18,0.485,F5IV:,8.2186,,52.8821,37.7622,-16.8319,32.973
110232,336.0287,-4.837,5.79,-0.033,A0V,65.1028,,124.3781,113.2456,-50.3523,-10.4878
110256,336.1128,-13.5294,5.76,0.97,K0III,85.3493,,140.4494,124.8555,-55.2951,-32.8573
110263,336.1291,49.4764,4.55,0.092,B9Iab,6269.025,,689.6552,409.7798,-181.3402,524.2333
110271,336.1465,-72.2554,5.28,0.66,A3V: + F9V,5.5463,,28.7026,8.0006,-3.5376,-27.3371
110303,336.2346,-57.7974,5.31,0.665,F9V,2.7669,,20.5634,10.0293,-4.4162,-17.4001
110322,336.2936,-70.4316,5.78,0.396,F3III,10.3848,,49.456,15.1666,-6.6597,-46.5995
110326,336.3193,1.3774,4.8,-0.171,B1Ve,602.0049,,239.8082,219.5523,-96.2887,5.7645
110350,336.4196,18.4443,6.26,1.201,K0,102.8964,,194.1748,168.8195,-73.6867,61.4336
110366,336.4627,-75.0157,6.12,0.599,G3IV,1.6489,,23.0468,5.4631,-2.3796,-22.2631
110379,336.5033,70.7709,5.47,1.216,K2III,133.2907,,153.6098,46.396,-20.1704,145.0398
110400,336.5446,-23.6824,6.29,-0.021,A0V,38.6189,,120.6273,101.3407,-43.9705,-48.452
110432,336.6428,-16.7421,5.55,0.618,G3V,2.1419,,20.202,17.7603,-7.6698,-5.8195
110439,336.6558,4.3938,5.76,0.519,F7V,6.298,,38.1534,34.9272,-15.074,2.923
110441,336.6768,78.7859,5.83,0.171,A2m,16.1883,,63.1712,11.2814,-4.864,61.9651
110444,336.6898,37.4437,6.46,-0.132,B2V,477.7492,,458.7156,334.4705,-144.1162,278.8907
110471,336.7721,65.1323,5.52,0.302,B0.5Ib,53951062.2515,,100000.0,38643.8639,-16585.0402,90728.1005
110492,336.833,-64.9664,4.51,-0.029,B8V,80.9096,,76.9231,29.9253,-12.8056,-69.6969
110503,336.8604,39.81,6.16,-0.136,B2V,1295.3884,,657.8947,464.7186,-198.5989,421.2132
110527,336.9427,31.84,6.0,1.442,K2,245.2449,,265.9574,207.8879,-88.4886,140.3057
110536,336.9647,4.6957,4.78,1.039,K0III,22.0597,,45.4752,41.7087,-17.7347,3.7227
110561,337.0464,27.0188,6.48,0.986,G8III,59.1017,,162.8664,133.6026,-56.5834,73.9874
110573,337.0812,64.0852,6.3,1.113,K0,33.358,,112.6126,45.3304,-19.1659,101.2888
110589,337.1564,-67.4891,5.56,0.208,A3V,9.665,,43.122,15.2148,-6.4093,-39.8364
110591,337.1634,-39.1318,5.47,0.959,G8III,43.1718,,87.4126,62.4907,-26.3157,-55.1666
110614,337.208,-0.02,3.65,0.406,F3III-IV,23.9662,,28.169,25.9695,-10.9123,-0.0098
110639,337.2833,9.129,5.6,1.578,K5III,167.4943,,182.8154,166.4976,-69.7046,29.0052
110641,337.2885,58.4041,6.31,-0.033,A0,191.4256,,271.0027,130.9756,-54.8192,230.8305
110644,337.2926,26.7632,5.79,1.252,K2II,622.3003,,384.6154,316.795,-132.5662,173.1939
110645,337.2927,58.4152,4.07,0.778,G2Ibvar,1442.7796,,265.252,128.1599,-53.6295,225.9591
110650,337.3174,-43.4956,3.97,1.022,G6/G8III,202.4883,,94.8767,63.5028,-26.5412,-65.3035
110675,337.3826,47.7069,4.34,1.679,M0II,4081.3139,,505.0505,313.7229,-130.7021,373.5919
110696,337.4393,-43.7492,4.12,1.57,M4.5IIIa,200.6319,,101.2146,67.5195,-28.0513,-69.9902
110698,337.4417,-27.1073,5.95,0.362,F0V,5.7703,,39.8724,32.7771,-13.6158,-18.1682
110709,337.4707,78.8243,5.45,0.093,A3V,32.4788,,75.1315,13.4506,-5.5795,73.7068
110715,337.4914,4.4317,5.51,0.385,F5IVs,14.642,,51.8672,47.7728,-19.7965,4.0078
110719,337.5062,-12.9151,6.41,0.356,F2/F3IV/V,15.0938,,79.6813,71.7568,-29.7136,-17.8094
110721,337.5075,32.5726,5.64,-0.031,B9.5V,58.9929,,110.4972,86.0336,-35.623,59.4882
110725,337.5271,49.3564,6.41,1.166,K2III SB,29.4036,,111.2347,66.9509,-27.6948,84.4022
110739,337.5723,-14.5857,6.36,-0.047,B8II,93.1537,,193.4236,173.0312,-71.4162,-48.7096
110757,337.6219,43.1234,4.52,-0.086,B2IV,3753.1852,,526.3158,355.2196,-146.252,359.7745
110776,337.6617,-10.6779,4.82,-0.053,A0IVs,81.0588,,88.8099,80.7228,-33.1699,-16.4554
110791,337.724,-26.0738,6.43,1.083,K1III,40.9261,,132.4503,110.0918,-45.098,-58.2156
110822,337.8227,50.2825,3.76,0.031,A1V,27.0147,Stellio,31.4564,18.6137,-7.5875,24.1964
110823,337.8263,-6.5552,6.15,0.565,F7V,1.9498,,25.413,23.3797,-9.5286,-2.9011
110824,337.8267,-2.9113,6.15,1.083,K0,43.411,,119.9041,110.8935,-45.1944,-6.0899
110841,337.8764,-32.3461,4.29,0.011,A1V,32.1218,,43.7828,34.2657,-13.9303,-23.4252
110844,337.8931,29.5428,6.33,0.209,A5m,36.7113,,119.7605,96.5305,-39.2104,59.0507
110849,337.9075,-85.9673,5.76,1.02,K0III,42.7366,,99.4036,6.4774,-2.6292,-99.1575
110853,337.9222,-10.9056,6.39,0.29,A8III,12.4051,,71.582,65.1352,-26.4193,-13.5427
110895,338.0678,76.2264,5.7,0.02,A2V,265.4606,,240.9639,53.2179,-21.4282,234.0348
110900,338.0779,54.037,6.41,1.043,G8III,107.1519,,212.3142,115.6685,-46.5502,171.8464
110911,338.1099,39.7797,5.88,0.166,A6V,170.1375,,209.6436,149.497,-60.0674,134.1379
110930,338.1478,20.23,6.43,0.35,F1V,5.8939,,50.2513,43.7634,-17.5504,17.3764
110947,338.1954,15.8633,6.35,1.19,K0,84.2558,,183.1502,163.571,-65.4388,50.0627
110961,338.2502,-61.9821,4.91,1.612,M4III,74.8859,,88.968,38.8173,-15.4864,-78.541
110965,338.2615,69.9135,6.01,0.334,A9III,20.7396,,77.7001,24.7874,-9.8834,72.974
110976,338.3199,70.3737,6.26,0.018,A0V,43.1718,,125.7862,39.2609,-15.608,118.4785
111013,338.4192,56.6247,5.72,0.966,G8III-IV,50.0265,,105.5966,54.0187,-21.3665,88.1822
111045,338.5121,-1.5743,5.88,0.977,G6III,44.0149,,106.6098,99.1625,-39.0369,-2.9289
111099,338.6735,-20.7082,5.21,0.446,F7V,3.6915,,22.6809,19.7628,-7.7157,-8.0202
111147,338.8391,-0.1175,4.04,-0.083,B9IV-Vn,55.8727,,51.4668,47.9963,-18.5789,-0.1055
111154,338.86,-78.7716,6.15,1.368,K1III,255.1526,,290.6977,52.7955,-20.4145,-285.1334
111165,338.9016,-23.9911,5.97,0.984,K1III,30.7893,,92.9368,79.2159,-30.5644,-37.7876
111182,338.9412,73.6432,5.08,0.395,F3III-IV,24.3669,,54.8847,14.4242,-5.5539,52.6633
111189,338.9534,-17.4604,6.39,1.42,K4III,53.9511,,149.2537,132.8786,-51.1315,-44.7831
111193,338.9666,56.0706,6.37,0.107,A3V,30.7893,,111.7318,58.2102,-22.3837,92.7067
111196,338.9679,39.6343,5.73,-0.16,B1Ve,1949.8446,,662.2517,476.0427,-183.0422,422.4408
111198,338.9704,-57.8838,6.22,0.212,F0Vn,12.7174,,67.0241,33.2593,-12.7868,-56.7675
111200,338.9724,50.0708,6.29,-0.071,B3V,719.7804,,520.8333,312.0308,-119.9498,399.3948
111217,339.0329,35.5775,6.11,0.997,K0,64.1505,,143.0615,108.6517,-41.6359,83.2337
111244,339.1221,-40.5827,6.28,0.119,A3Vn,12.4968,,68.306,48.4701,-18.4875,-44.4361
111250,339.1477,-31.6638,5.82,1.074,K2III,49.204,,109.6491,87.2142,-33.2207,-57.5585
111251,339.1514,11.6966,6.42,0.027,A1III,36.8808,,125.1564,114.5329,-43.6182,25.3729
111276,339.2028,35.6524,6.28,1.392,K5,180.8007,,259.7403,197.3049,-74.9379,151.394
111292,339.2452,-40.591,5.85,0.06,A1V,17.2504,,65.8328,46.7475,-17.7155,-42.8345
111298,339.2702,12.5768,6.3,1.431,K5,256.8029,,312.5,285.2558,-107.9588,68.0464
111310,339.3037,75.3718,5.8,1.594,M1III,191.0733,,214.1328,50.5884,-19.112,207.1917
111323,339.3435,51.5451,4.64,0.254,A8IV,33.6047,,52.6316,30.6273,-11.5465,41.2157
111359,339.4391,-4.2281,5.04,1.14,K2III,36.1077,Situla,65.5738,61.2296,-22.967,-4.8345
111402,339.5725,45.1829,6.38,0.771,G2III+...,70.4044,,169.7793,112.1428,-41.7668,120.4348
111410,339.5923,-7.8976,6.23,0.783,G1IV-V,39.9577,,119.3317,110.781,-41.2161,-16.3965
111443,339.6579,56.7956,5.11,1.537,M4III,150.522,,138.3126,71.0199,-26.3304,115.7293
111445,339.6627,63.5845,5.19,0.083,A3IV,56.65,,88.0282,36.7206,-13.6105,78.8373
111449,339.6861,-28.7482,6.46,1.034,K1III,36.9148,,127.551,104.8741,-38.8229,-61.3471
111457,339.7144,-33.0813,5.66,0.037,A0V,80.0203,,129.8701,102.0684,-37.727,-70.8869
111458,339.7191,19.5223,5.84,0.922,G8II,52.5775,,114.4165,101.1534,-37.3794,38.2349
111489,339.8153,39.0503,4.89,-0.207,O9V,2698.9821,,529.1005,385.661,-141.7785,333.3344
111516,339.893,37.5928,6.03,0.854,G3Ib-IICNe.,315.3552,,305.8104,227.5454,-83.3011,186.5584
111526,339.9341,-28.3257,6.3,1.006,K0/K1III,33.266,,112.4859,93.0069,-33.973,-53.3726
111531,339.9459,19.6811,6.33,0.035,A2V,108.3428,,205.7613,181.9944,-66.4353,69.2973
111572,340.0767,53.8459,5.94,0.946,B8V,46.2594,,112.3596,62.3202,-22.5883,90.7229
111580,340.093,-30.6589,5.88,1.297,K2/K3III,175.3881,,212.766,172.0889,-62.3191,-108.4948
111591,340.1285,44.2763,4.5,1.318,K3III,143.7474,,102.0408,68.7092,-24.8337,71.2366
111601,340.1639,-27.0436,4.18,-0.105,B8V,413.0475,,149.2537,125.047,-45.1087,-67.861
111612,340.1998,-3.5542,6.32,0.52,F6V,3.0846,,34.5662,32.4601,-11.6865,-2.1429
111614,340.2037,-57.4223,5.98,1.45,K4III,240.7687,,261.0966,132.2773,-47.6131,-220.0162
111621,340.2195,14.5492,5.72,0.723,G3V+...,5.1239,,33.7952,30.7814,-11.0701,8.4897
111676,340.3655,10.8314,3.41,-0.086,B8.5V,147.9108,Homam,62.6566,57.9621,-20.6787,11.7744
111678,340.3694,40.2254,5.25,-0.137,B2IIIv SB,1171.6557,,411.5226,295.9393,-105.5575,265.76
111679,340.3804,30.9659,6.36,1.579,K5,223.0489,,299.4012,241.8238,-86.2026,154.0501
111688,340.4001,41.5491,5.93,0.998,G9III,31.1315,,91.7431,64.6811,-23.0318,60.8497
111698,340.4392,29.3076,4.8,-0.013,A1IV,87.8213,,91.5751,75.2452,-26.7356,44.8259
111713,340.4894,14.5164,5.92,1.114,K0III:,26.9401,,84.9618,77.5267,-27.4698,21.2963
111724,340.5251,-5.102,6.28,1.569,M0,119.234,,210.9705,198.1123,-70.0576,-18.7613
111744,340.5867,53.9087,6.14,1.634,K2,450.8167,,384.6154,213.6852,-75.3061,310.7999
111748,340.592,-29.361,6.12,1.522,M3III,138.8034,,211.4165,173.7892,-61.228,-103.6599
111763,340.6537,-47.2108,5.99,0.584,G0,1.9552,,23.6351,15.1488,-5.3188,-17.3448
111768,340.6667,-46.8846,2.07,1.61,M5III,380.8904,Tiaki,54.2594,34.9934,-12.2773,-39.6082
111773,340.6795,-44.248,6.06,0.956,K1IV,38.6901,,108.5776,73.3967,-25.7327,-75.7617
111790,340.731,37.8027,6.43,-0.119,B1V,241.2126,,321.5434,239.8272,-83.8405,197.0883
111804,340.7506,30.2212,2.93,0.852,G2II-III..,253.0463,Matar,65.703,53.5991,-18.7171,33.071
111814,340.7642,-8.3114,6.45,0.166,A5V,49.2493,,146.6276,136.9874,-47.8,-21.1956
111815,340.768,47.1688,6.39,0.45,A1V+...,1454.789,,775.1938,497.5977,-173.5936,568.4955
111825,340.8094,-6.9629,6.4,-0.039,A0Vn,31.2464,,114.1553,107.0166,-37.2474,-13.8387
111849,340.8749,-41.4143,4.84,1.027,K0III,50.3501,,70.6215,50.039,-17.3521,-46.7161
111857,340.8968,-18.8304,4.68,1.358,K3III,206.2529,,132.8021,118.7724,-41.136,-42.8642
111887,341.0217,39.4653,5.93,1.49,K5III+...,166.7247,,212.3142,154.9988,-53.3046,134.9493
111888,341.0228,41.8192,5.11,0.96,K0III,48.708,,78.6782,55.4482,-19.0676,52.4613
111905,341.0686,-60.4996,6.29,0.568,F3V,56.5979,,145.9854,67.999,-23.3228,-127.0587
111946,341.2047,52.5172,6.43,1.541,K2,198.4266,,291.5452,167.9516,-57.1601,231.3517
111951,341.2207,39.201,6.47,1.498,K5,127.5264,,238.0952,174.6857,-59.3973,150.4865
111968,341.2653,58.1471,6.45,0.43,F5,2.8761,,35.4359,17.7101,-6.0065,30.0994
112000,341.3674,19.3666,6.27,1.057,G6III:,34.7696,,113.3787,101.357,-34.1746,37.5976
112012,341.3937,30.4426,6.37,0.933,K1III-IV,8.8716,,59.988,49.0148,-16.5013,30.3944
112018,341.4078,-53.5001,4.84,1.18,K2IIICNIV,163.3804,,127.2265,71.7276,-24.1281,-102.2721
112025,341.42,-46.5473,5.52,1.302,K3III,314.7748,,241.5459,157.4659,-52.9321,-175.3485
112050,341.5154,-81.3816,4.13,0.208,A9IV/V,40.6631,,45.7666,6.5044,-2.1744,-45.2498
112061,341.5425,44.5461,5.84,0.358,F0III-IV,13.0137,,56.9152,38.4761,-12.8422,39.925
112076,341.6178,-49.6858,6.49,1.162,K0III-IV,122.2362,,235.2941,144.4626,-48.0066,-179.4136
112084,341.6328,23.5657,3.97,1.07,G8II-III,282.098,,111.9821,97.4141,-32.3434,44.7704
112090,341.6732,12.1729,4.2,0.502,F7V,4.835,,16.2973,15.1228,-5.0092,3.4365
112142,341.8299,-34.1617,6.28,1.145,K1III,32.1514,,109.529,86.1111,-28.2622,-61.5039
112149,341.8468,58.483,6.33,0.017,B9.5IV,243.6688,,308.642,153.3124,-50.2678,263.1128
112160,341.8707,83.1538,4.77,1.257,K3III,99.3574,,96.0615,10.8825,-3.5631,95.3766
112170,341.888,-19.6134,5.24,0.941,G8III,42.3448,,77.8816,69.7278,-22.8067,-26.1426
112174,341.8987,-65.5603,6.49,1.208,K1III,113.0316,,226.2443,88.9728,-29.083,-205.9721
112183,341.9282,-14.0564,5.68,-0.016,B9V,44.1367,,97.371,89.7958,-29.3009,-23.6492
112208,341.9841,-25.912,6.31,0.913,G8III,46.9462,,134.2282,114.8143,-37.3405,-58.6565
112231,342.046,37.4167,5.82,1.024,G8III:,43.6918,,103.3058,78.0539,-25.292,62.7693
112244,342.0889,-61.6844,6.36,1.059,K0III,44.1367,,133.1558,60.0985,-19.4242,-117.2234
112255,342.1259,-10.5555,6.19,0.274,A9III-IV,36.241,,111.6071,104.4227,-33.6756,-20.445
112263,342.1386,-51.3169,3.49,0.083,A3V,54.6512,,39.5257,23.5134,-7.5771,-30.8543
112276,342.1844,62.9384,6.07,1.194,K0,105.5845,,180.1802,78.0417,-25.0799,160.4537
112282,342.1995,54.4149,6.14,-0.083,B5Vn,159.6614,,228.833,126.7858,-40.7076,186.0989
112309,342.2531,68.5702,6.19,0.44,F5,11.8141,,63.6943,22.164,-7.0934,59.2909
112337,342.3227,-70.348,6.35,0.071,A2V,27.9512,,105.4852,33.8003,-10.7723,-99.341
112357,342.3979,-13.5926,4.05,1.57,K5III,198.0615,,97.371,90.2125,-28.6207,-22.8839
112364,342.4203,66.2004,3.5,1.053,K0III,43.3311,,35.3482,13.5982,-4.3083,32.3423
112372,342.4428,55.9028,5.43,1.167,K1III,86.9361,,121.8027,65.1016,-20.5979,100.8633
112387,342.4968,-32.8055,6.34,0.317,F0V,12.0226,,68.8705,55.2065,-17.41,-37.3132
112389,342.5008,24.6016,3.51,0.933,M2III,36.3413,Sadalbari,32.5309,28.2091,-8.8939,13.5428
112402,342.5421,50.6769,6.23,1.129,G4Ib,479.0711,,413.2231,249.7946,-78.5584,319.6632
112419,342.5907,41.9534,5.91,0.062,B3IV:var,457.5094,,348.4321,247.255,-77.529,232.9359
112421,342.5948,-80.1238,5.32,-0.126,B6IV,148.0471,,151.0574,24.7229,-7.7501,-148.8188
112474,342.759,-39.1568,5.43,1.444,K3III,329.0031,,236.9668,175.4924,-54.4617,-149.6316
112475,342.7623,85.3737,5.89,1.34,K5,68.2339,,133.3333,10.2711,-3.1868,132.8989
112502,342.8373,-29.5363,5.99,0.907,G8/K0III,34.2295,,98.912,82.2256,-25.3945,-48.7611
112504,342.844,61.6967,5.61,0.775,G2IV+...,26.2543,,72.7273,32.9485,-10.1715,64.0328
112535,342.9374,-59.8814,6.47,1.132,K1IIICN...,46.4301,,143.6782,68.9232,-21.1543,-124.2799
112557,343.0084,43.3124,4.95,1.559,M0III,90.615,,99.7009,69.378,-21.1999,68.3924
112564,343.0416,-63.1887,6.14,1.025,K0III,47.9954,,125.4705,54.1331,-16.5071,-111.982
112575,343.1003,9.8357,5.16,0.487,F7IV,5.5924,,27.2777,25.7161,-7.813,4.6597
112588,343.1314,-32.8755,4.46,-0.037,A0III,62.4597,,66.0502,53.0856,-16.0969,-35.8531
112601,343.1536,-7.5796,3.73,1.626,M2IIIvar,391.201,,118.0638,112.0098,-33.9167,-15.573
112626,343.2177,50.4123,6.46,-0.047,B8V,158.052,,263.8522,160.9807,-48.5487,203.3377
112637,343.2594,16.8412,5.86,1.132,K1III SB,31.6228,,89.5255,82.0544,-24.6808,25.9373
112638,343.2657,60.101,6.01,1.748,K2V:,519.996,,389.1051,185.744,-55.8469,337.3174
112649,343.2974,40.1674,6.33,-0.074,B7III-IV,237.903,,304.878,223.1472,-66.9584,196.6532
112670,343.3696,-11.6165,5.8,-0.082,B8IV/V,267.1776,,253.1646,237.6063,-70.9708,-50.9773
112684,343.4078,-48.5983,6.03,0.621,G3IV,3.5876,,32.6158,20.6718,-6.1595,-24.4648
112688,343.4173,44.7492,5.79,0.282,A3m,13.627,,56.9152,38.7398,-11.5361,40.0685
112720,343.5235,-19.1751,6.37,1.515,K5III,42.2669,,130.8901,118.5515,-35.0636,-42.9918
112724,343.529,40.3769,5.82,1.136,K0III,35.5468,,93.1966,68.0836,-20.1298,60.374
112756,343.6018,84.3462,4.7,1.418,K4III,136.5212,,109.0513,10.3065,-3.033,108.5208
112767,343.6422,-7.2046,6.2,1.284,K3III,122.5745,,206.1856,196.2775,-57.6107,-25.8584
112771,343.6484,16.9418,6.39,1.729,S51,423.8381,,418.41,384.0622,-112.6829,121.925
112776,343.6626,-15.8208,3.27,0.066,A3V,103.8484,Skat,49.2368,45.4589,-13.3254,-13.4234
112777,343.6647,-70.0737,6.04,0.66,G4IV-V,2.39,,26.7451,8.7471,-2.5637,-25.1439
112788,343.6895,-16.272,5.53,1.111,K1III,9.0698,,41.1862,37.9452,-11.1035,-11.5402
112805,343.7479,1.0649,6.11,0.192,A7III,36.7113,,108.2251,103.8824,-30.2832,2.0114
112814,343.761,37.0768,5.91,0.397,F5II,5.7332,,39.0168,29.8868,-8.705,23.5227
112824,343.7957,-4.9879,5.72,0.881,K0III-IV,31.2176,,83.4028,79.7861,-23.1866,-7.2515
112826,343.807,8.8162,4.91,-0.003,A1V,86.6164,,95.6938,90.8116,-26.3713,14.6665
112829,343.8121,-36.3886,6.4,1.313,K2III,77.6247,,179.8561,139.0459,-40.3648,-106.7011
112844,343.8775,-20.1394,6.36,1.429,K4/K5III,112.7197,,212.766,191.9006,-55.471,-73.2565
112862,343.9354,36.3514,5.73,-0.051,B7III,162.48,,191.2046,147.9822,-42.6137,113.3338
112874,343.9647,-31.6332,6.09,1.358,K3III,523.3594,,404.8583,331.2938,-95.2177,-212.34
112886,343.9871,-32.5396,4.2,0.952,G8III,40.6256,,47.259,38.2944,-10.9901,-25.4198
112921,344.0985,41.6039,5.6,-0.149,B2IV,764.8918,,390.625,280.9139,-80.0286,259.3659
112923,344.1001,-31.5656,6.48,1.094,K4Vp,0.1291,,7.6092,6.2353,-1.7762,-3.9832
112928,344.1083,49.7335,4.99,1.778,K5Ibvar,2112.516,Tengshe,490.1961,304.7258,-86.7556,374.0426
112947,344.1992,-47.9692,5.72,0.226,Am...,24.9804,,74.6269,48.077,-13.6051,-55.4318
112967,344.2688,48.6841,5.34,-0.102,B4IIIpe,404.0173,,251.8892,160.071,-45.0881,189.1891
112985,344.3217,-4.8101,6.31,0.948,G9III,36.9488,,119.0476,114.2146,-32.0577,-9.9825
112997,344.3666,20.7688,5.45,0.666,G5V,1.4022,Helvetios,15.6079,14.0538,-3.9327,5.5345
113000,344.3867,3.8102,6.28,1.122,K1III,34.9945,,114.2857,109.8253,-30.6913,7.5945
113008,344.4126,-29.6222,1.17,0.145,A3V,17.5873,Fomalhaut,7.7036,6.4505,-1.7995,-3.8077
113011,344.4197,39.3088,6.17,-0.148,B2IV-V,659.4775,,471.6981,351.5623,-98.0274,298.8205
113061,344.5648,-2.3954,6.17,0.744,G8IV,1.1695,,19.857,19.1241,-5.2803,-0.8299
113073,344.5986,-1.4102,6.38,0.366,F0V,26.5216,,104.1667,100.3955,-27.6562,-2.5636
113085,344.6462,9.3569,6.43,0.64,G2V+...,2.4751,,32.5627,30.9827,-8.5072,5.2941
113086,344.6459,-35.5232,6.15,0.582,F7V,16.6878,,74.3494,58.3517,-16.0225,-43.1995
113105,344.6776,7.3401,6.35,0.052,A1V,20.3798,,90.0901,86.1758,-23.6112,11.5098
113138,344.7875,59.8147,6.46,0.012,B9III,247.2863,,330.033,160.1256,-43.5426,285.2817
113141,344.7931,52.6545,6.31,1.414,K2,127.0574,,220.7506,129.2227,-35.1257,175.495
113143,344.7992,11.7288,5.76,0.293,A7V,38.4769,,94.3396,89.1381,-24.2196,19.1774
113161,344.8644,0.9629,5.43,0.982,K1III:,49.2493,,91.659,88.4669,-23.9292,1.5404
113171,344.8986,-13.0709,6.12,1.459,K3/K4III,230.5685,,272.4796,256.254,-69.1491,-61.623
113172,344.899,-29.4623,5.51,0.271,F0V,49.9344,,95.7854,80.5185,-21.7271,-47.1121
113201,345.0213,56.9454,5.1,1.011,G0Ia,79432823.4724,,100000.0,52690.535,-14097.4384,83815.0926
113202,345.0241,-25.1642,5.66,1.253,K0IICNIII,210.281,,210.5263,184.0739,-49.2395,-89.5186
113233,345.1026,-25.6268,6.3,1.124,K1III,38.089,,120.3369,104.8525,-27.8939,-52.0467
113250,345.1579,0.1859,6.22,0.892,G4III,91.2851,,179.5332,173.5423,-45.9881,0.5824
113262,345.1788,3.0118,5.85,1.343,K4III,74.2677,,136.612,131.8843,-34.8977,7.1778
113278,345.2202,-52.7541,4.11,0.96,G8III,22.0191,,33.3778,19.5331,-5.1535,-26.5703
113297,345.2814,-50.95,5.68,1.411,K3III,104.3278,,149.7006,91.2163,-23.9617,-116.257
113309,345.3308,-28.854,5.55,1.349,K3III,140.9938,,163.9344,138.9021,-36.3606,-79.1113
113312,345.346,-22.7909,6.27,0.126,A2V,39.4457,,120.7729,107.7217,-28.1678,-46.7837
113314,345.3485,-7.0612,6.23,1.418,K5III,64.6249,,151.7451,145.6972,-38.0911,-18.6538
113324,345.378,57.1055,6.24,1.499,K2II,256.8029,,303.9514,159.7279,-41.6716,255.2194
113326,345.3821,-4.7115,5.94,0.992,K0,750.2396,,452.4887,436.3624,-113.8093,-37.1665
113345,345.4316,3.5309,6.44,0.97,G5,36.8468,,126.2626,121.971,-31.6993,7.7761
113366,345.4803,42.326,3.62,-0.099,B6pv SB,1376.5754,Alfarasalkamil,210.5263,150.6764,-39.023,141.7574
113390,345.5472,44.5729,6.43,0.959,K0,34.1979,,121.0654,83.5127,-21.5245,84.9656
113421,345.6357,-6.574,6.18,1.59,M2III,585.5986,,446.4286,429.6286,-110.0249,-51.11
113424,345.6421,-36.4209,6.46,0.938,K1III,36.1743,,126.2626,98.4272,-25.1948,-74.9636
113428,345.6515,42.7578,5.09,0.094,A3Vn,133.7827,,129.199,91.9027,-23.5085,87.7133
113441,345.6844,-20.8707,5.97,0.946,K0III,19.2486,,73.4754,66.5226,-16.9757,-26.1764
113442,345.6881,44.0588,6.37,-0.02,B2V,261.5773,,325.7329,226.8157,-57.8647,226.5132
113492,345.839,58.5639,6.43,0.898,G8IV,17.7992,,87.3362,44.1659,-11.1437,74.5172
113500,345.8742,-34.7494,5.12,0.305,A9V,6.7484,,29.4204,23.4424,-5.8995,-16.7693
113504,345.8869,67.2092,5.25,1.248,K3III,111.1732,,126.7427,47.6141,-11.9714,116.8473
113521,345.9435,28.0828,2.44,1.655,M2II-IIIvar,332.3533,Scheat,60.0962,51.4334,-12.8776,28.2901
113529,345.9692,3.82,4.48,-0.115,B6Ve,220.1912,Fumalsamakah,125.1564,121.1527,-30.2759,8.3383
113541,345.9985,-41.4789,5.79,1.069,K0III,38.2296,,95.3289,69.2984,-17.28,-63.1405
113544,346.0032,6.6163,6.42,0.417,F2V,18.5012,,88.6525,85.4475,-21.2993,10.2146
113559,346.0455,50.0521,4.64,1.058,K0III,35.6123,,54.1712,33.7563,-8.3879,41.5292
113597,346.165,-53.9649,5.37,1.453,K5III,77.1259,,111.6071,63.7515,-15.7001,-90.2518
113603,346.1902,15.2053,2.49,-0.002,B9.5III,146.9603,Markab,40.8831,38.3115,-9.4171,10.7227
113609,346.2174,-68.8202,5.53,0.395,F4III,15.2757,,53.4474,18.7543,-4.6005,-49.8371
113634,346.2762,16.5628,6.43,0.886,G8IV,3.062,,36.2188,33.7249,-8.2361,10.3248
113636,346.2908,-7.6938,5.44,0.312,F2V,23.9662,,64.2261,61.8347,-15.0842,-8.5985
113638,346.3036,-17.0792,6.15,1.37,K4III,118.4677,,198.0198,183.9044,-44.819,-58.1573
113645,346.3235,1.3071,6.39,0.928,G9III,33.266,,117.2333,113.8796,-27.7115,2.6743
113720,346.5756,18.5178,6.16,0.482,F6Vs,5.6754,,43.554,40.1706,-9.5881,13.8327
113735,346.6328,19.9109,6.44,0.544,F7V,1.8063,,27.9486,25.566,-6.0752,9.5181
113743,346.6534,59.4198,4.84,-0.06,B0.5IV,1208.9268,,346.0208,171.2817,-40.6364,297.8954
113757,346.6702,-23.7431,4.48,0.892,G8III,61.8301,,66.313,59.0649,-13.9948,-26.7
113770,346.7198,-43.5204,4.28,0.423,F5me...,27.6439,,40.4367,28.5377,-6.7356,-27.8452
113771,346.7234,-38.8923,5.62,0.006,A0V,37.5319,,87.3362,66.1594,-15.6109,-54.8348
113783,346.7511,9.4095,4.54,1.559,M2III,135.145,,100.8065,96.8032,-22.7922,16.4808
113791,346.7709,35.6365,6.38,1.158,K0,95.0605,,197.2387,156.0478,-36.6842,114.9193
113794,346.7781,25.4683,4.76,1.285,K0IIp,357.7668,,181.4882,159.5084,-37.4767,78.0419
113798,346.7893,-49.6061,6.33,1.452,K4III,406.2562,,398.4064,251.3502,-59.0031,-303.4294
113800,346.7919,52.8166,6.12,1.06,K0III,36.8468,,108.9325,64.0938,-15.0426,86.7871
113802,346.7935,59.7274,6.41,-0.03,B2.5IV,416.1022,,418.41,205.3483,-48.1885,361.3542
113806,346.8116,-50.6867,5.81,0.486,F6.5IV-V+..,8.6298,,45.7038,28.1924,-6.6064,-35.3607
113827,346.8655,32.8253,6.13,0.137,A3,82.1107,,163.3987,133.7163,-31.2016,88.5752
113828,346.8696,21.1343,5.97,0.259,A5V,5.536,,39.4011,35.7901,-8.3486,14.2062
113839,346.9136,46.3872,5.3,1.409,K5III,75.5788,,106.9519,71.8575,-16.7037,77.4351
113849,346.9389,49.2958,5.68,0.449,F5V,5.4903,,34.3407,21.8161,-5.0611,26.0332
113851,346.9489,63.6335,6.25,-0.025,B3V,462.594,,409.8361,177.3115,-41.1021,367.2014
113861,346.9743,75.3875,4.41,0.802,G2III,85.8223,,75.643,18.5922,-4.3011,73.1963
113866,346.9883,64.2225,6.21,1.084,K0,301.1619,,324.6753,137.5686,-31.7897,292.3668
113893,347.0878,-28.8237,5.6,0.882,G8III,34.0722,,82.4402,70.4001,-16.1396,-39.7457
113897,347.0983,-79.4807,6.11,0.145,A7Vn,16.92,,73.4754,13.0755,-2.9951,-72.2405
113906,347.1482,-73.5861,6.18,1.419,K3III,99.6323,,184.1621,50.7357,-11.5751,-176.6567
113912,347.1705,2.1279,5.42,0.908,G8IV,39.3007,,81.4996,79.4102,-18.0846,3.0261
113980,347.3616,-21.1724,3.68,1.202,K1III,202.3019,Safina,82.9876,75.5107,-16.9317,-29.9731
113986,347.3811,8.6772,5.05,1.484,M4Sv,478.1895,,239.8082,231.337,-51.7902,36.1791
114003,347.4339,59.3327,5.68,0.315,A5III,1331.6804,,534.7594,266.2216,-59.3421,459.9698
114004,347.436,-28.0886,5.88,1.311,K2III,153.6031,,199.2032,171.5328,-38.2291,-93.792
114005,347.4364,-67.8763,6.47,0.394,F3IV,6.2058,,52.521,19.3062,-4.3026,-48.654
114009,347.4565,-14.5106,6.43,0.01,A0V,25.3746,,104.2753,98.5395,-21.9243,-26.127
114013,347.4787,-22.4576,4.71,0.674,A3IV:,271.6439,,154.5595,139.4408,-30.9676,-59.0417
114019,347.4893,-42.8613,5.83,0.475,F4IV,4.5248,,33.4113,23.9091,-5.3052,-22.7272
114027,347.5061,9.8221,5.39,-0.068,B9III,374.2829,,248.139,238.7118,-52.8946,42.3298
114045,347.5405,-40.5915,5.9,1.565,M4III,301.7172,,281.6901,208.8685,-46.15,-183.2851
114046,347.5505,-66.8576,6.47,0.956,K0IV,9.1033,,63.6132,24.4132,-5.3897,-58.4943
114059,347.5896,-45.2467,3.88,0.998,K0III SB,77.1259,,56.1798,38.6295,-8.5006,-39.8958
114068,347.6135,43.5442,5.91,0.45,F5IV,2.8787,,27.6472,19.5734,-4.2986,19.0466
114087,347.6776,17.5944,5.68,1.33,K4III,112.616,,155.521,144.8306,-31.6374,47.0103
114158,347.9341,8.7201,5.15,0.139,A5Vn,41.8794,,74.2942,71.8131,-15.3507,11.2636
114164,347.955,26.8473,6.19,0.937,G8III-IV,14.3351,,70.1754,61.233,-13.0657,31.6922
114188,348.0519,-80.9127,6.43,1.498,K4III,120.5591,,227.2727,35.1176,-7.4313,-224.4202
114208,348.1374,49.4062,4.53,0.302,F0V,8.1208,Honores,24.5881,15.6576,-3.2889,18.6708
114245,348.2666,29.4415,6.34,0.924,G8III,34.4509,,116.5501,99.3777,-20.6405,57.2885
114260,348.3165,57.1684,5.57,1.0,K3Vvar,0.2208,,6.5462,3.4756,-0.7187,5.5006
114279,348.3604,11.065,5.85,1.004,G5III:,44.6684,,105.9322,101.8251,-20.975,20.3308
114324,348.4973,19.6339,6.47,1.151,K2,72.2437,,179.2115,165.4018,-33.6594,60.2167
114337,348.5261,-62.7,6.12,0.787,G5IV,2.6742,,29.3513,13.1929,-2.6779,-26.0821
114352,348.5599,50.6179,6.32,-0.005,A0V,39.4457,,123.6094,76.8706,-15.5559,95.5416
114362,348.5807,-6.049,4.22,1.545,M2III,68.5488,,61.9579,60.3933,-12.1986,-6.5291
114363,348.5905,29.7718,6.41,0.448,F6IVw,25.8941,,104.3841,88.8159,-17.9238,51.8316
114380,348.652,24.1029,6.36,1.167,K2III,77.1259,,176.0563,157.5648,-31.6218,71.8973
114383,348.6543,74.2313,5.89,-0.01,A0V,73.9946,,138.8889,37.0062,-7.4252,133.662
114388,348.6674,-10.6887,6.13,1.504,K5III,115.133,,193.4236,186.3618,-37.3491,-35.8749
114413,348.7442,-41.1054,5.77,1.16,K2III,25.1189,,76.5697,56.5856,-11.2616,-50.3405
114460,348.8927,-3.4964,5.56,0.062,A3V,26.3755,,71.2251,69.7608,-13.6957,-4.3437
114469,348.9072,70.8881,5.55,0.263,F0IV,70.9905,,116.2791,37.3602,-7.3249,109.8699
114493,348.9729,-9.0877,4.24,1.107,K0III,37.0169,,45.9348,44.5208,-8.6758,-7.2553
114559,349.1658,-44.4892,5.92,1.053,K1III,29.703,,89.2061,62.5038,-11.9619,-62.5133
114562,349.1761,53.2135,5.58,0.556,F7V,2.1459,,20.5044,12.0603,-2.3058,16.4214
114575,349.2077,-41.1944,6.49,1.07,K0III,55.8213,,158.9825,117.515,-22.4009,-104.7084
114577,349.2123,-7.7265,4.93,1.613,M3III,328.0953,,187.9699,182.9716,-34.8631,-25.2715
114586,349.2399,-62.0012,5.64,0.521,F7V,2.038,,20.5381,9.4721,-1.8001,-18.1343
114607,349.2865,-28.4383,6.24,1.556,M1/M2III,1571.8098,,751.8797,649.6263,-122.907,-358.0539
114609,349.2914,3.2823,3.7,0.916,G7III,51.6179,,42.3012,41.4963,-7.8473,2.422
114618,349.3194,45.1642,6.44,1.077,K0IV,13.8931,,77.5194,53.7103,-10.1299,54.9713
114622,349.3286,75.299,6.35,0.049,A2Vs,84.879,,183.8235,45.8429,-8.6384,177.8057
114634,349.3575,-58.2357,3.99,0.41,F1III,11.7382,,23.0574,11.9292,-2.2417,-19.6039
114653,349.417,-11.7129,6.33,0.058,A1/A2IV/V,37.6704,,121.3592,116.8108,-21.8247,-24.6369
114660,349.436,49.0153,4.82,1.668,M2III,306.7609,,172.7116,111.3543,-20.767,130.3774
114670,349.4759,-9.1825,4.41,-0.144,B5Vn,227.405,,123.1527,119.5294,-22.2055,-19.6527
114674,349.4833,45.4889,6.48,-0.037,B9p...,72.1107,,179.8561,123.9696,-23.0137,128.2581
114692,349.5411,-40.8244,5.54,0.445,F5V,6.6435,,35.4108,26.3508,-4.8643,-23.1495
114700,349.5834,-67.4712,6.15,1.356,K2/K3III,116.5199,,196.4637,74.0341,-13.61,-181.4709
114703,349.5972,41.7737,5.98,0.215,A7m,59.2652,,129.5337,95.016,-17.4435,86.294
114727,349.656,68.1114,4.75,0.836,K0III,42.5011,,62.2665,22.8358,-4.1681,57.7778
114740,349.706,-32.532,4.41,1.109,K1III,46.8166,,55.8659,46.3419,-8.4167,-30.0431
114753,349.7403,-9.6107,4.99,-0.022,A0V,56.5458,,80.1925,77.8027,-14.0826,-13.3884
114759,349.7637,-28.3878,6.49,1.535,K5III,138.6756,,250.6266,216.9792,-39.1825,-119.1573
114764,349.7778,-13.4586,5.2,0.787,G6/G8IV,3.23,,21.1193,20.2133,-3.645,-4.9153
114766,349.7857,-79.4724,6.34,0.913,K0III,51.5703,,142.6534,25.651,-4.622,-140.2521
114779,349.8499,-5.1244,5.56,0.386,F3IV,6.0702,,34.1647,33.4956,-5.9967,-3.0515
114781,349.8504,-18.0754,5.96,1.534,K2/K3III,657.0524,,427.3504,399.9028,-71.5904,-132.5931
114785,349.8642,34.7932,6.32,-0.053,B8III,241.4349,,305.8104,247.2174,-44.1954,174.5003
114789,349.8742,48.6253,5.44,1.014,K0III,44.6684,,87.7193,57.0776,-10.1936,65.8248
114808,349.9229,48.3809,6.29,1.123,K1III,35.059,,114.9425,75.1642,-13.3578,85.9284
114815,349.9298,-33.7081,6.35,1.308,K2III,83.0233,,181.8182,148.9201,-26.4469,-100.9021
114828,349.9684,42.078,5.81,1.512,M0III,89.8669,,147.4926,107.8002,-19.0694,98.841
114855,350.0599,61.9701,6.39,1.678,K1V,255.1526,,324.6753,150.2849,-26.3373,286.5918
114864,350.0858,5.3813,5.05,1.204,K2III,146.2851,,132.626,130.0696,-22.7341,12.4381
114882,350.1439,62.2133,6.41,1.605,K2III,1028.9636,,657.8947,302.1719,-52.4989,582.0322
114887,350.1593,23.7403,4.58,0.18,A5V,31.5065,Salm,49.5786,44.7155,-7.7564,19.96
114893,350.1704,-5.908,6.17,1.089,K0III,37.949,,113.1222,110.8695,-19.2096,-11.6438
114898,350.1837,44.1162,6.25,0.152,A5Vn,15.5883,,75.2445,53.2294,-9.2099,52.3789
114907,350.2065,30.4149,5.58,1.501,M0III,84.5668,,128.7001,109.3712,-18.879,65.1555
114908,350.209,-50.3066,6.04,0.423,Fm...,24.8428,,86.2069,54.2567,-9.363,-66.3339
114916,350.2218,38.1823,5.77,0.468,F5V,7.544,,41.9639,32.5064,-5.6021,25.9407
114948,350.3146,-26.9868,5.65,0.817,G5IV,49.1134,,101.3171,88.9979,-15.1894,-45.9762
114991,350.4789,31.8125,5.35,-0.101,B6III,408.5075,,254.4529,213.2499,-35.7666,134.1325
115026,350.6191,25.9185,6.38,1.54,K3III,533.5806,,467.2897,414.6675,-68.5059,204.2486
115031,350.6355,60.1335,5.56,1.679,K3II,1440.1244,,526.3158,258.6024,-42.6466,456.4147
115040,350.6632,-15.0393,5.19,0.203,A3V,31.2464,,65.3595,62.2846,-10.2406,-16.9596
115043,350.6688,20.8287,6.28,-0.033,B9.5V,82.1864,,175.1313,161.5201,-26.5402,62.2724
115068,350.7364,-60.0558,6.08,1.603,M3III,218.3735,,260.4167,128.2932,-20.9252,-225.6543
115073,350.7426,-20.1006,3.96,1.082,K0III,56.9639,,50.1002,46.4359,-7.5687,-17.2179
115079,350.769,12.3139,5.09,1.315,K3III,113.658,,119.0476,114.8025,-18.6576,25.389
115111,350.8831,0.2913,6.33,1.583,K2,109.2446,,206.6116,203.9989,-32.737,1.0505
115131,350.9393,-43.1244,6.12,1.464,K3III,281.5788,,301.2048,217.0974,-34.6209,-205.8991
115146,350.9771,-53.8087,6.13,0.258,A4III,43.2912,,118.624,69.1786,-10.9852,-95.7355
115157,351.0166,-21.7744,6.46,0.433,F3IV/V,8.8797,,62.5391,57.3646,-9.0686,-23.1991
115163,351.0327,-18.688,6.18,1.02,K0III,27.2647,,96.3391,90.1444,-14.2247,-30.8685
115165,351.037,41.6129,6.37,1.702,M0,212.0313,,293.2551,216.5746,-34.1588,194.749
115171,351.0552,-51.8912,5.75,1.611,M0III,142.1674,,180.5054,110.0454,-17.3208,-142.0289
115225,351.2094,62.2828,4.96,1.676,M1III,524.8075,,240.9639,110.7577,-17.1276,213.3143
115226,351.2118,32.3849,5.56,-0.075,B9III,109.5469,,145.1379,121.1256,-18.7257,77.7364
115255,351.3309,-56.849,5.6,1.063,K0III,39.7375,,89.0472,48.1389,-7.3397,-74.5532
115258,351.3449,23.4041,4.42,0.617,F8IV,40.5509,Alkarab,52.2466,47.402,-7.2155,20.7531
115304,351.5116,-20.642,4.38,1.46,K4III,116.4126,,86.881,80.4127,-12.0011,-30.628
115344,351.6478,-21.7408,6.43,1.036,K0III,31.9154,,116.9591,107.4874,-15.7807,-43.3227
115348,351.6524,-52.7216,5.53,0.409,F4V,5.0629,,30.7692,18.4391,-2.7056,-24.4831
115376,351.7331,1.2556,4.95,0.036,A0p,20.193,,47.0588,46.5586,-6.7647,1.0312
115381,351.7498,87.3075,5.56,0.25,A7IV,54.25,,102.145,4.7487,-0.6885,102.0322
115390,351.7808,42.912,5.75,-0.007,B9III,36.9488,,91.9963,66.686,-9.6325,62.6379
115391,351.781,-66.5809,6.47,1.455,K4III,200.4472,,298.5075,117.4244,-16.9608,-273.9171
115394,351.7879,-50.1572,6.22,-0.08,B9V,55.7186,,140.2525,88.936,-12.835,-107.6867
115403,351.8116,1.1226,6.26,1.013,G7III,34.8337,,112.9944,111.821,-16.0905,2.2138
115404,351.8124,-58.4761,5.63,0.983,G8III,45.2481,,96.3391,49.8579,-7.1737,-82.1216
115405,351.8187,70.3598,5.6,0.163,A6IV,21.419,,65.3595,21.7446,-3.1262,61.557
115441,351.9183,25.1673,5.99,-0.066,A0MNp...,42.8154,,110.6195,99.1241,-14.0752,47.0423
115465,351.9921,6.379,4.27,1.062,K1III,35.3834,,45.5373,44.8141,-6.3045,5.0594
115468,352.0029,-35.5445,6.34,1.201,K2III,75.6484,,172.7116,139.1626,-19.5509,-100.4033
115471,352.0149,-87.4822,5.5,1.278,K2III,122.0113,,149.0313,6.4834,-0.9095,-148.8874
115474,352.0216,-11.4498,6.37,0.902,G6/G8III,38.8329,,125.4705,121.7832,-17.0686,-24.907
115541,352.2528,-9.2661,6.2,1.438,K0,238.1223,,287.3563,281.018,-38.231,-46.2701
115542,352.2534,-44.4981,6.43,1.177,K2III,60.7016,,161.2903,113.9943,-15.5071,-113.046
115543,352.254,-63.1107,5.66,-0.142,Ap Si,66.558,,118.4834,53.0974,-7.2225,-105.6732
115550,352.2737,23.0481,6.45,1.088,G9III,42.4229,,136.0544,124.0575,-16.8313,53.2658
115554,352.2887,12.7606,4.54,0.939,G8III,38.2648,,53.6193,51.8221,-7.017,11.8433
115580,352.3624,-1.7912,6.35,1.125,K0,196.065,,279.3296,276.7163,-37.1064,-8.7311
115588,352.3837,-4.5327,6.26,1.123,K3IIIvar,6.1038,,47.3037,46.7397,-6.25,-3.7384
115626,352.508,58.5489,4.89,-0.122,B3IV,349.623,,190.4762,98.5364,-12.9585,162.4926
115631,352.5309,49.1331,6.19,1.464,K5III,223.2544,,277.0083,179.7096,-23.5608,209.4826
115665,352.6648,38.6623,6.07,0.992,G9III,141.6446,,208.7683,161.681,-20.8127,130.4235
115694,352.7548,-6.2881,6.39,1.259,K0,514.2804,,460.8295,454.3997,-57.7686,-50.4735
115711,352.8224,39.2362,5.22,1.029,K0III,44.5862,Veritate,79.1766,60.8453,-7.6624,50.0807
115731,352.8623,-44.8436,6.02,1.014,K0III,37.4973,,104.9318,73.8237,-9.2446,-73.9951
115752,352.9252,-21.3695,6.24,0.319,F0V,16.1287,,76.1615,70.3854,-8.7356,-27.7518
115753,352.9293,28.4035,6.41,0.035,A1p Sr(CrEu),39.5549,,129.0323,112.6362,-13.9711,61.3778
115779,352.9899,-1.0859,6.39,1.177,K1III,103.3713,,206.6116,205.0303,-25.2114,-3.9155
115821,353.121,23.8436,6.41,1.492,K5,92.4698,,197.2387,179.1061,-21.6078,79.7321
115865,353.2427,-37.8183,4.38,-0.095,B9.5IVMNpe.,43.8935,,53.3618,41.8608,-4.96,-32.7193
115881,353.3193,-20.9145,4.7,0.02,A0V,92.9822,,90.009,83.5078,-9.7814,-32.1309
115884,353.3315,-77.3853,5.82,0.681,G2V,4.0439,,31.4367,6.8191,-0.7973,-30.6778
115899,353.3671,22.4988,5.33,1.481,M5IIIa,163.531,,159.4896,146.3642,-17.0202,61.0309
115926,353.4291,45.0581,6.25,0.986,G8II,93.0679,,183.8235,128.998,-14.8591,130.1146
115941,353.4812,20.8409,6.1,1.654,M3III,243.8934,,277.7778,257.9249,-29.4725,98.8263
115944,353.4883,31.3253,4.97,1.383,K4III,253.7465,,168.3502,142.8819,-16.309,87.5246
115957,353.5376,-1.2476,5.91,0.299,A2m,15.8782,,64.9351,64.5072,-7.3068,-1.4138
115988,353.6564,40.2364,5.55,0.096,A1III,33.8532,,80.3213,60.9407,-6.7748,51.883
115989,353.6592,33.4973,5.63,1.042,K0III:,38.5834,,88.968,73.7376,-8.1939,49.1013
115999,353.6947,38.024,6.18,1.586,K5,158.9278,,232.5581,182.0901,-20.1198,143.2538
116002,353.7057,-15.246,5.95,1.35,K4III,47.1194,,113.8952,109.2243,-12.0475,-29.9503
116014,353.746,71.642,5.86,1.681,K0Ib,1641.3455,,645.1613,201.986,-22.1354,612.3273
116023,353.769,-42.6151,4.69,0.078,A2V,67.4217,,76.2777,55.8026,-6.0927,-51.6453
116056,353.8691,1.3131,6.47,1.151,K0,16.6571,,86.0585,85.5438,-9.1887,1.9722
116062,353.8836,-7.4644,6.4,0.874,G5III:,49.9344,,144.3001,142.2628,-15.2446,-18.7461
116099,353.9831,24.561,6.44,1.703,M1III,179.4734,,278.5515,251.9522,-26.5564,115.7833
116129,354.097,2.1022,5.68,0.449,F6Vbwvar,4.4668,,30.9789,30.7939,-3.1839,1.1364
116139,354.1271,32.9042,6.35,0.459,F6V,13.0377,,72.0461,60.171,-6.1893,39.1381
116216,354.3835,44.429,5.81,-0.064,B8V,253.0463,,247.5248,175.9135,-17.2996,173.2735
116218,354.3908,46.4582,3.81,0.984,G8III-IV,18.1803,Udkadua,26.4061,18.1036,-1.778,19.141
116225,354.4148,-13.0602,5.66,1.025,K0III,31.798,,81.9001,79.4028,-7.7648,-18.5074
116226,354.4156,16.8255,6.26,0.025,A1V,34.6737,,112.7396,107.4011,-10.5013,32.6334
116236,354.4624,-45.4924,4.74,0.082,A2V,41.6869,,61.3874,42.832,-4.1526,-43.7788
116245,354.4867,18.4007,5.49,0.01,A1Vn,28.2618,,71.3776,67.4149,-6.5071,22.5311
116258,354.5126,-15.0951,6.38,1.078,K0III,34.2926,,118.4834,113.8709,-10.9392,-30.8557
116265,354.5342,43.2681,4.29,-0.083,B8V,392.6449,Rasalnaqa,153.1394,111.0022,-10.6215,104.9637
116287,354.5989,-76.8696,5.99,0.907,K0II/III,91.622,,161.8123,36.5955,-3.46,-157.5818
116343,354.7847,50.4717,5.35,-0.061,B9V,105.2931,,129.199,81.8894,-7.4745,99.6526
116348,354.7923,75.2929,5.95,0.124,A3V,22.7196,,79.1139,20.0024,-1.8231,76.5218
116361,354.8373,77.6323,3.21,1.031,K1IV,9.0033,Errai,14.1024,3.0083,-0.2718,13.7751
116362,354.8382,74.0026,5.98,0.889,G8III,35.6123,,100.4016,27.5578,-2.4894,96.5135
116371,354.8664,-46.6378,6.07,0.24,A+...,20.2116,,78.8644,53.9317,-4.8451,-57.3366
116392,354.9461,-14.2222,4.97,0.257,A7IV,17.0137,,43.592,42.0916,-3.7224,-10.7098
116402,354.9793,9.6773,5.99,0.212,A2m,10.3562,,54.407,53.427,-4.6937,9.1457
116405,354.9877,5.6263,4.13,0.507,F7V,3.6509,,13.7137,13.5954,-1.1924,1.3445
116415,355.0118,37.6526,6.49,0.355,F2IV,18.2138,,90.8265,71.6376,-6.2527,55.4834
116439,355.102,44.3339,4.15,-0.071,B9IVn,50.7692,Kaffalmusalsala,51.6262,36.7923,-3.1529,36.0784
116454,355.159,-32.0731,5.3,0.965,K0III,52.8689,,89.4454,75.5231,-6.3963,-47.4956
116458,355.1692,36.7208,6.24,0.424,F1V,5.3015,,43.6681,34.8782,-2.9477,26.1098
116487,355.2871,-11.6807,5.89,0.984,K0III,43.9744,,107.0664,104.4947,-8.6146,-21.6763
116510,355.3616,49.5124,6.26,0.182,A4V,142.9552,,228.833,148.0908,-12.0149,174.0382
116523,355.3937,-18.0271,5.36,1.58,K4/K5III,336.6666,,232.0186,219.9163,-17.7183,-71.802
116535,355.4409,-17.8165,4.82,0.822,G2Ib/II,679.2036,,257.0694,243.9662,-19.454,-78.6555
116546,355.4773,57.26,6.24,1.025,G8III,226.9865,,285.7143,154.0412,-12.1846,240.3237
116552,355.4862,7.2505,5.89,0.101,A3Vn,37.914,,99.4036,98.3029,-7.7604,12.5456
116562,355.5117,1.78,4.49,0.2,A7V,14.8868,,32.6904,32.5744,-2.557,1.0154
116575,355.5611,44.9917,6.43,1.5,K5III,120.5591,,227.2727,160.2472,-12.4397,160.6828
116591,355.6159,-15.448,5.27,1.344,K3III,46.5586,,82.7815,79.5573,-6.0993,-22.05
116596,355.6309,61.6794,6.4,1.25,K2III,43.6918,,134.9528,63.8363,-4.8772,118.7998
116605,355.6806,-14.5449,4.49,-0.032,B9V,28.8935,,45.5373,43.9527,-3.3198,-11.4362
116606,355.6827,16.3357,6.3,0.97,K0,33.4195,,112.7396,107.8813,-8.1443,31.7097
116625,355.771,51.9393,6.44,1.034,K0,62.1155,,163.9344,100.7896,-7.4528,129.0751
116653,355.8432,10.3315,5.09,1.692,M2III,288.6689,,189.7533,186.1857,-13.5316,34.0311
116706,355.9978,29.3615,4.93,0.935,K0III,43.9339,,68.7758,59.795,-4.1835,33.722
116708,356.0052,-45.0831,6.08,0.978,G8IV,15.4312,,69.2042,48.745,-3.4042,-49.0057
116721,356.0501,-64.4045,5.73,1.393,K3II,221.6154,,223.2143,96.203,-6.6426,-201.3094
116722,356.0503,-18.2769,5.24,-0.084,B9V,94.189,,116.144,110.0228,-7.5965,-36.424
116738,356.1048,-70.4902,6.06,0.91,G8IV,7.1056,,46.5333,15.5047,-1.0557,-43.8616
116740,356.1211,-26.2466,6.23,0.495,F3/F5V,13.2678,,68.7758,61.5436,-4.1728,-30.4151
116758,356.1696,-78.7914,5.74,1.108,K1III,97.2747,,148.5884,28.8182,-1.9294,-145.7542
116766,356.2016,55.7997,6.46,0.992,G4III:,51.0035,,149.925,84.0859,-5.5826,123.9996
116851,356.5038,-18.6783,5.28,0.299,F2:V+...,36.0745,,73.2064,69.2217,-4.2291,-23.4447
116852,356.5052,-40.1826,6.32,0.21,A7V,11.7598,,67.4764,51.4556,-3.1425,-43.5375
116854,356.5085,46.4203,4.97,1.086,G5Ib,848.0081,,307.6923,211.718,-12.9177,222.8972
116878,356.598,3.4868,4.95,2.508,C5II,691.831,,275.4821,274.4876,-16.3173,16.7545
116898,356.653,66.7822,5.95,-0.049,B2IV,757.1815,,456.621,179.7052,-10.5095,419.6407
116932,356.758,57.4514,5.55,1.63,K3II,1274.0897,,492.6108,264.608,-14.9885,415.2389
116934,356.7643,58.652,4.88,1.122,K1III,27.6694,,53.3333,27.7016,-1.5661,45.5479
116947,356.8163,-11.9111,5.74,1.068,K0III,38.5478,,93.5454,91.39,-5.0834,-19.3072
116948,356.8166,-50.2265,5.18,-0.164,B3V,253.0463,,185.1852,118.2903,-6.579,-142.3295
116973,356.8877,46.8326,6.08,-0.135,B3IV,328.7002,,319.4888,218.2503,-11.867,233.0216
117004,356.9781,67.8068,5.05,0.007,A1Vn,71.8456,,92.9368,35.0563,-1.8506,86.0516
117008,356.9856,-2.7616,5.49,0.941,G8III,52.2878,,97.0874,96.8405,-5.0996,-4.6777
117053,357.1353,-6.3804,6.09,1.452,K4III,189.8454,,243.9024,242.0888,-12.114,-27.1047
117063,357.1627,64.8765,6.41,0.062,A0sp...,67.6083,,168.6341,71.5095,-3.5441,152.6804
117078,357.2057,2.2144,6.47,0.461,F5III-IV,6.7298,,54.7046,54.5988,-2.6649,2.1137
117080,357.2091,62.2145,5.43,0.67,A3Ia comp,58613816.4514,,100000.0,46560.9574,-2269.8347,88469.9107
117083,357.2247,59.979,6.33,-0.007,A0V,35.2533,,117.3709,58.6539,-2.8433,101.6246
117085,357.2314,-28.1303,4.59,0.001,A0V,22.5736,,42.1408,37.1197,-1.7951,-19.8685
117105,357.2996,58.9632,6.36,0.408,F2IV,14.8184,,77.1605,39.7389,-1.8743,66.1139
117124,357.3645,1.0761,5.77,0.167,A5m,37.1535,,93.1099,92.995,-4.2806,1.7487
117126,357.3817,-15.8613,6.21,1.212,K1/K2III,41.2667,,120.1923,115.4954,-5.2816,-32.8497
117133,357.4141,28.8424,5.95,0.187,A2m,28.34,,88.3392,77.3019,-3.4912,42.615
117135,357.4207,36.4253,5.86,0.806,G1IIIe,66.3743,,129.7017,104.2564,-4.6966,77.0135
117143,357.4566,-25.3313,6.44,0.097,A3V,22.346,,98.3284,88.7864,-3.9438,-42.07
117174,357.5614,-9.9741,5.93,1.133,K0IV,30.7326,,91.1577,89.6986,-3.8201,-15.7888
117184,357.5925,51.6217,6.47,0.403,F3V,3.7119,,40.6174,25.1951,-1.0593,31.8411
117200,357.6387,-14.4015,5.7,1.488,K4III,88.8792,,139.47,134.9727,-5.5657,-34.6883
117204,357.6485,-47.3769,6.49,1.025,G8III,31.1315,,118.7648,80.3565,-3.2998,-87.3901
117261,357.8385,9.3134,5.77,1.661,M3III,287.6074,,259.0674,255.4705,-9.6421,41.9259
117262,357.8389,-18.9092,5.17,-0.122,Ap Si,71.1869,,97.7517,92.4106,-3.4872,-31.6783
117315,357.991,2.9304,5.59,1.527,K4II,266.1951,,229.3578,228.9171,-8.03,11.7254
117321,358.0278,-82.0188,5.1,0.934,G7III,52.4807,,81.3008,11.2818,-0.3885,-80.5133
117342,358.0975,21.6711,6.13,1.616,M2III,119.6741,,197.2387,183.1966,-6.0853,72.8359
117345,358.103,75.5446,6.36,0.977,K3V,0.2951,,10.8909,2.7172,-0.09,10.5461
117350,358.122,19.1203,5.06,1.587,M2III,165.8059,,141.844,133.9469,-4.3919,46.4614
117354,358.125,-14.2512,5.85,1.252,K2III,29.6756,,86.3558,83.6534,-2.7386,-21.2585
117362,358.1546,10.9473,5.3,0.186,A4Vn,20.7396,,56.0224,54.9744,-1.7712,10.639
117388,358.2105,-8.9968,5.76,1.171,K0III,154.5966,,189.0359,186.6192,-5.8304,-29.5612
117393,358.2315,-3.1555,5.93,1.069,G9III,69.759,,137.3626,137.089,-4.2327,-7.5612
117406,358.2698,2.0906,6.29,-0.003,A1V,42.3058,,126.2626,126.121,-3.8097,4.6061
117429,358.3368,-24.2293,6.23,0.188,A5V,21.7771,,88.1057,80.3107,-2.3319,-36.1576
117492,358.5892,-27.0429,6.34,0.197,A2V+...,16.734,,81.2348,72.3312,-1.7814,-36.934
117495,358.596,57.4994,4.51,1.19,F8Iavar,136772882.5596,,100000.0,53714.7388,-1316.5403,84338.565
117512,358.6607,-40.3001,6.03,0.572,F8IV,2.587,,27.7008,21.1207,-0.4938,-17.9166
117519,358.6943,0.1093,5.78,1.466,M5IIb,162.0317,,195.3125,195.2614,-4.4507,0.3726
117559,358.7825,7.071,6.22,-0.066,B9V,45.7088,,127.0648,126.0699,-2.6794,15.6415
117563,358.8191,-31.9215,6.09,-0.093,B6/B7,234.4229,,271.0027,229.9711,-4.7405,-143.2944
117588,358.8895,47.3558,6.01,1.17,G8Ib,649.2321,,434.7826,294.4854,-5.7084,319.8151
117589,358.891,57.4122,6.03,0.155,B0.5IIv SB,33728730.8659,,100000.0,53849.0974,-1042.4125,84256.6798
117618,358.9778,15.2303,6.45,1.56,M3,94.2758,,202.8398,195.6845,-3.4914,53.2859
117661,359.1248,-24.7372,6.31,0.921,G8III/IV,58.9386,,150.3759,136.561,-2.0862,-62.9259
117680,359.1729,22.6481,6.18,1.635,M2III,148.3201,,224.7191,207.3688,-2.9936,86.5326
117703,359.2651,42.6582,6.01,0.712,F8III,357.4374,,322.5806,237.2091,-3.0426,218.5883
117708,359.284,-26.6234,6.26,1.452,K3III,240.3256,,296.7359,265.2526,-3.315,-132.9748
117709,359.2853,55.7057,5.57,0.478,G8Ib,25.9418,,70.9723,39.9858,-0.4988,58.6341
117713,359.2921,-20.8336,6.45,0.979,G8/K0III,48.6631,,145.7726,136.2312,-1.6831,-51.8449
117724,359.3326,-62.9566,5.95,0.101,A2p,15.8343,,66.0502,30.0287,-0.3498,-58.8284
117746,359.3874,-82.1698,5.72,1.055,K0III,39.2645,,93.5454,12.7437,-0.1363,-92.6732
117748,359.3897,60.0236,6.47,0.029,B9III-IV,337.9092,,387.5969,193.6492,-2.0628,335.7486
117754,359.3959,-64.2982,5.0,0.06,A1V,19.6065,,47.4383,20.5722,-0.2169,-42.7449
117763,359.4397,25.1414,4.63,1.584,M3III,261.0959,,145.9854,132.1487,-1.2923,62.0224
117810,359.5884,-15.8475,6.28,1.079,K1IIICN...,97.5439,,190.8397,183.5815,-1.3187,-52.114
117841,359.6682,-3.556,4.88,0.93,G9III,50.2574,,71.8907,71.7511,-0.4155,-4.4589
117866,359.7323,-52.7458,5.13,1.121,K1III,59.9791,,88.1057,53.3344,-0.2492,-70.1284
117875,359.7522,55.7549,4.88,-0.071,B1V...,97274722.3777,,100000.0,56272.8569,-243.348,82663.8153
117900,359.8279,6.8633,4.03,0.419,F4IV,21.7771,,31.9898,31.7604,-0.0954,3.8228
117909,359.8662,-29.4852,5.59,1.599,K5III,258.9405,,226.2443,196.9413,-0.4598,-111.357
117913,359.8721,33.7239,5.81,0.539,F8,3.4578,,28.9268,24.059,-0.0537,16.0599
117954,359.9789,-65.5771,4.49,-0.075,B9IV,182.3056,,114.4165,47.3075,-0.0174,-104.1784
117996,8.1847,-63.0312,6.0,0.0,A,1.5177,,20.9205,9.3909,1.3507,-18.6455
117998,8.8099,-3.5931,6.4,0.0,G1 V,1.0627,,21.0482,20.759,3.2173,-1.3191
118001,9.3357,-24.7666,6.4,0.0,G8 V,0.5786,,15.5328,13.9173,2.2879,-6.507
118084,24.945,-56.1946,5.8,0.86,K2 V,0.2767,p Eridani,8.1466,4.1097,1.9116,-6.7693
118164,39.8919,-11.8711,5.6,0.0,F5 V,3.6644,,27.0343,20.2986,16.9674,-5.5612
118166,40.8228,3.2374,6.3,0.0,dF3,1.6626,,25.1383,18.9927,16.4072,1.4196
118351,76.8634,18.6471,5.7,0.0,G4 V,1.1513,,15.868,3.4171,14.6416,5.0736
118360,79.1689,46.0008,0.96,0.0,G0 III,60.2005,,12.9383,1.6889,8.8275,9.3072
118392,86.1089,-22.4202,6.13,0.94,K2 V,0.2475,,8.9694,0.5627,8.2723,-3.4209
118485,113.6524,31.8905,2.85,0.0,A m,15.7616,Castor B,15.8053,-5.3838,12.2923,8.3499
118505,117.9412,-13.8961,6.17,0.65,G4 V,0.8241,,16.6722,-7.5834,14.2976,-4.004
118562,131.1741,-54.7081,5.0,0.0,Unknown,5.2048,,24.4499,-9.2997,10.6326,-19.9565
118586,135.1633,41.7836,6.18,0.65,G5 V,0.7929,,16.4312,-8.6883,8.6389,10.9484
118619,139.3272,-68.6894,6.13,0.0,Unknown,3.4578,,33.5233,-9.2402,7.9402,-31.2311
118632,142.6765,-40.4656,4.65,0.0,F0 IV,4.1381,,18.5563,-11.2266,8.5597,-12.0429
118645,146.049,-27.769,5.6,0.0,F8 V,69.5024,,117.7856,-86.4526,58.2054,-54.8773
118742,169.5468,31.5288,4.33,0.59,G0 Ve,1.7523,Alula Australis,10.4167,-8.7316,1.6109,5.4472
118743,169.5468,31.5288,4.8,0.0,G0 Ve,1.1366,Alula Australis B,10.4167,-8.7316,1.6109,5.4472
118838,190.4126,-1.4492,3.52,0.0,F0 V,4.7643,,11.8301,-11.6316,-2.1374,-0.2992
118862,195.9401,-20.5834,6.4,0.0,Unknown,1.9697,,28.6615,-25.8001,-7.3689,-10.0765
118869,197.4958,17.529,5.17,0.0,F5 V,1.5276,,14.3246,-13.0275,-4.1065,4.3144
118887,200.9849,54.9205,3.95,0.13,A1 m,13.366,,24.1546,-12.9612,-4.9714,19.767
119003,225.9487,47.6537,5.96,0.0,dG2,0.5856,,12.7567,-5.9748,-6.176,9.4283
119020,230.7995,30.2862,5.96,0.0,G2 V,1.2474,,18.622,-10.1634,-12.4613,9.3914
119058,241.0916,-11.3746,4.84,0.45,F6 IV-V,5.9759,Graffias,24.3309,-11.5308,-20.8808,-4.7986
119059,241.0916,-11.3746,5.0,0.0,F6 IV-V,5.157,,24.3309,-11.5308,-20.8808,-4.7986
119106,250.3224,31.6012,5.4,0.0,K0 V,0.7021,,10.7956,-3.0961,-8.6578,5.6569
119127,256.3307,54.4691,5.63,0.47,F7 V,2.6375,Alrakis,23.2558,-3.1938,-13.1321,18.9256
119131,257.5917,-15.7269,3.4,0.0,A3 V,25.3046,,25.7931,-5.3348,-24.2476,-6.9913
119135,258.836,-26.6032,5.07,0.85,K1 Ve,0.2924,Guniibuu B,5.9852,-1.0362,-5.2503,-2.6802
119159,262.5976,-1.0647,6.2,0.0,G8 IV-V,0.7798,,16.4474,-2.1187,-16.3075,-0.3056
119195,270.768,-8.1817,5.24,0.38,dF3   J,18.8973,,52.0291,0.6903,-51.4949,-7.4044
119198,271.3649,2.4983,6.0,1.15,K5 Ve,0.0897,,5.086,0.121,-5.0797,0.2217
119259,286.6027,-37.0647,5.0,0.0,F8 V,2.7874,,17.8923,4.0795,-13.682,-10.784
119390,317.3391,-73.1759,6.4,0.0,Unknown,0.8418,,18.7336,3.9873,-3.6744,-17.9318
119397,318.6209,10.0061,5.4,0.0,F7 V,2.0587,,18.4809,13.6562,-12.0308,3.2111
119398,318.6983,38.0452,6.42,0.6,G0 V,1.0309,,20.9205,12.3771,-10.8742,12.8929
119433,326.0326,28.7431,6.09,0.0,G2 V,1.601,,22.4014,16.2896,-10.9739,10.7724
119491,336.1218,-72.257,6.1,0.0,Unknown,2.6424,,28.9017,8.0539,-3.5653,-27.5269
119501,336.6446,-16.7424,6.21,0.62,G3 V,1.1524,,20.0803,17.6535,-7.6231,-5.7845
119548,347.4796,-22.4574,5.9,0.0,A3 (IV),8.6218,,47.619,42.9612,-9.5403,-18.1903
119619,78.3887,-8.1478,6.37,0.0,B5V,24660393.3723,,100000.0,19923.86,96964.8138,-14172.6743
119620,95.9071,-52.1811,5.98,0.0,G8III,35318316.9792,,100000.0,-6310.4446,60991.1656,-78995.291
119622,97.7921,17.4664,6.2,0.0,K2III,28840315.0313,,100000.0,-12932.7576,94508.5495,30014.6274
119623,115.0292,16.9386,6.02,0.0,A0III,17.3678,,71.4286,-28.909,61.9132,20.8105
119625,161.265,-59.6842,6.21,0.0,pec,28575905.4337,,100000.0,-47802.0783,16212.6637,-86325.6095
119626,214.0175,18.9119,5.98,0.0,A8III,35318316.9792,,100000.0,-78412.2698,-52924.5967,32411.4641
119627,253.5492,-41.8503,6.45,0.0,O9Ib,22908676.5277,,100000.0,-21094.7464,-71439.7301,-66718.6378
119628,268.4396,-34.7861,6.38,0.0,B9V,24434305.5269,,100000.0,-2236.4516,-82098.2969,-57051.4499
